<?xml version="1.0" encoding="UTF-8"?>
<!--  (c) Financial Services Agency, The Japanese Government.
      All Rights Reserved.
      For intellectual property policy and authorized uses of EDINET Taxonomy,
      refer to “EDINET Taxonomy Legal Statement” at http://www.fsa.go.jp/search/EDINET_Taxonomy_Legal_Statement.html
-->
<link:linkbase xmlns:link="http://www.xbrl.org/2003/linkbase" xmlns:xsi="http://www.w3.org/2001/XMLSchema-instance" xmlns:xlink="http://www.w3.org/1999/xlink" xmlns:xbrli="http://www.xbrl.org/2003/instance">
  <link:labelLink xlink:type="extended" xlink:role="http://www.xbrl.org/2003/role/link">
    <link:loc xlink:type="locator" xlink:href="../jpcrp-esr_cor_2019-11-01.xsd#jpcrp-esr_cor_CabinetOfficeOrdinanceOnDisclosureOfCorporateInformationEtcFormNo53ExtraordinarySecuritiesReportHeading" xlink:label="CabinetOfficeOrdinanceOnDisclosureOfCorporateInformationEtcFormNo53ExtraordinarySecuritiesReportHeading"/>
    <link:label xlink:type="resource" xlink:label="label_CabinetOfficeOrdinanceOnDisclosureOfCorporateInformationEtcFormNo53ExtraordinarySecuritiesReportHeading" xlink:role="http://www.xbrl.org/2003/role/label" xml:lang="ja" id="label_CabinetOfficeOrdinanceOnDisclosureOfCorporateInformationEtcFormNo53ExtraordinarySecuritiesReportHeading">開示府令 第五号の三様式 臨時報告書</link:label>
    <link:labelArc xlink:type="arc" xlink:arcrole="http://www.xbrl.org/2003/arcrole/concept-label" xlink:from="CabinetOfficeOrdinanceOnDisclosureOfCorporateInformationEtcFormNo53ExtraordinarySecuritiesReportHeading" xlink:to="label_CabinetOfficeOrdinanceOnDisclosureOfCorporateInformationEtcFormNo53ExtraordinarySecuritiesReportHeading"/>
    <link:label xlink:type="resource" xlink:label="label_CabinetOfficeOrdinanceOnDisclosureOfCorporateInformationEtcFormNo53ExtraordinarySecuritiesReportHeading_2" xlink:role="http://www.xbrl.org/2003/role/verboseLabel" xml:lang="ja" id="label_CabinetOfficeOrdinanceOnDisclosureOfCorporateInformationEtcFormNo53ExtraordinarySecuritiesReportHeading_2">企業内容等の開示に関する内閣府令 第五号の三様式 臨時報告書 [目次項目]</link:label>
    <link:labelArc xlink:type="arc" xlink:arcrole="http://www.xbrl.org/2003/arcrole/concept-label" xlink:from="CabinetOfficeOrdinanceOnDisclosureOfCorporateInformationEtcFormNo53ExtraordinarySecuritiesReportHeading" xlink:to="label_CabinetOfficeOrdinanceOnDisclosureOfCorporateInformationEtcFormNo53ExtraordinarySecuritiesReportHeading_2"/>
    <link:loc xlink:type="locator" xlink:href="../jpcrp-esr_cor_2019-11-01.xsd#jpcrp-esr_cor_CoverPageHeading" xlink:label="CoverPageHeading"/>
    <link:label xlink:type="resource" xlink:label="label_CoverPageHeading" xlink:role="http://www.xbrl.org/2003/role/label" xml:lang="ja" id="label_CoverPageHeading">表紙</link:label>
    <link:labelArc xlink:type="arc" xlink:arcrole="http://www.xbrl.org/2003/arcrole/concept-label" xlink:from="CoverPageHeading" xlink:to="label_CoverPageHeading"/>
    <link:label xlink:type="resource" xlink:label="label_CoverPageHeading_2" xlink:role="http://www.xbrl.org/2003/role/verboseLabel" xml:lang="ja" id="label_CoverPageHeading_2">表紙 [目次項目]</link:label>
    <link:labelArc xlink:type="arc" xlink:arcrole="http://www.xbrl.org/2003/arcrole/concept-label" xlink:from="CoverPageHeading" xlink:to="label_CoverPageHeading_2"/>
    <link:loc xlink:type="locator" xlink:href="../jpcrp-esr_cor_2019-11-01.xsd#jpcrp-esr_cor_ReasonForFilingHeading" xlink:label="ReasonForFilingHeading"/>
    <link:label xlink:type="resource" xlink:label="label_ReasonForFilingHeading" xlink:role="http://www.xbrl.org/2003/role/label" xml:lang="ja" id="label_ReasonForFilingHeading">提出理由</link:label>
    <link:labelArc xlink:type="arc" xlink:arcrole="http://www.xbrl.org/2003/arcrole/concept-label" xlink:from="ReasonForFilingHeading" xlink:to="label_ReasonForFilingHeading"/>
    <link:label xlink:type="resource" xlink:label="label_ReasonForFilingHeading_2" xlink:role="http://www.xbrl.org/2003/role/verboseLabel" xml:lang="ja" id="label_ReasonForFilingHeading_2">提出理由 [目次項目]</link:label>
    <link:labelArc xlink:type="arc" xlink:arcrole="http://www.xbrl.org/2003/arcrole/concept-label" xlink:from="ReasonForFilingHeading" xlink:to="label_ReasonForFilingHeading_2"/>
    <link:loc xlink:type="locator" xlink:href="../jpcrp-esr_cor_2019-11-01.xsd#jpcrp-esr_cor_ReasonForFilingTextBlock" xlink:label="ReasonForFilingTextBlock"/>
    <link:label xlink:type="resource" xlink:label="label_ReasonForFilingTextBlock" xlink:role="http://www.xbrl.org/2003/role/label" xml:lang="ja" id="label_ReasonForFilingTextBlock">提出理由</link:label>
    <link:labelArc xlink:type="arc" xlink:arcrole="http://www.xbrl.org/2003/arcrole/concept-label" xlink:from="ReasonForFilingTextBlock" xlink:to="label_ReasonForFilingTextBlock"/>
    <link:label xlink:type="resource" xlink:label="label_ReasonForFilingTextBlock_2" xlink:role="http://www.xbrl.org/2003/role/verboseLabel" xml:lang="ja" id="label_ReasonForFilingTextBlock_2">提出理由 [テキストブロック]</link:label>
    <link:labelArc xlink:type="arc" xlink:arcrole="http://www.xbrl.org/2003/arcrole/concept-label" xlink:from="ReasonForFilingTextBlock" xlink:to="label_ReasonForFilingTextBlock_2"/>
    <link:loc xlink:type="locator" xlink:href="../jpcrp-esr_cor_2019-11-01.xsd#jpcrp-esr_cor_BodyOfReportHeading" xlink:label="BodyOfReportHeading"/>
    <link:label xlink:type="resource" xlink:label="label_BodyOfReportHeading" xlink:role="http://www.xbrl.org/2003/role/label" xml:lang="ja" id="label_BodyOfReportHeading">報告内容</link:label>
    <link:labelArc xlink:type="arc" xlink:arcrole="http://www.xbrl.org/2003/arcrole/concept-label" xlink:from="BodyOfReportHeading" xlink:to="label_BodyOfReportHeading"/>
    <link:label xlink:type="resource" xlink:label="label_BodyOfReportHeading_2" xlink:role="http://www.xbrl.org/2003/role/verboseLabel" xml:lang="ja" id="label_BodyOfReportHeading_2">報告内容 [目次項目]</link:label>
    <link:labelArc xlink:type="arc" xlink:arcrole="http://www.xbrl.org/2003/arcrole/concept-label" xlink:from="BodyOfReportHeading" xlink:to="label_BodyOfReportHeading_2"/>
    <link:loc xlink:type="locator" xlink:href="../jpcrp-esr_cor_2019-11-01.xsd#jpcrp-esr_cor_PublicOfferingOrSecondaryDistributionOfSecuritiesOutsideJapanTextBlock" xlink:label="PublicOfferingOrSecondaryDistributionOfSecuritiesOutsideJapanTextBlock"/>
    <link:label xlink:type="resource" xlink:label="label_PublicOfferingOrSecondaryDistributionOfSecuritiesOutsideJapanTextBlock" xlink:role="http://www.xbrl.org/2003/role/documentation" xml:lang="ja" id="label_PublicOfferingOrSecondaryDistributionOfSecuritiesOutsideJapanTextBlock">第19条第2項第1号</link:label>
    <link:labelArc xlink:type="arc" xlink:arcrole="http://www.xbrl.org/2003/arcrole/concept-label" xlink:from="PublicOfferingOrSecondaryDistributionOfSecuritiesOutsideJapanTextBlock" xlink:to="label_PublicOfferingOrSecondaryDistributionOfSecuritiesOutsideJapanTextBlock"/>
    <link:label xlink:type="resource" xlink:label="label_PublicOfferingOrSecondaryDistributionOfSecuritiesOutsideJapanTextBlock_2" xlink:role="http://www.xbrl.org/2003/role/label" xml:lang="ja" id="label_PublicOfferingOrSecondaryDistributionOfSecuritiesOutsideJapanTextBlock_2">本邦以外の地域における有価証券の募集又は売出</link:label>
    <link:labelArc xlink:type="arc" xlink:arcrole="http://www.xbrl.org/2003/arcrole/concept-label" xlink:from="PublicOfferingOrSecondaryDistributionOfSecuritiesOutsideJapanTextBlock" xlink:to="label_PublicOfferingOrSecondaryDistributionOfSecuritiesOutsideJapanTextBlock_2"/>
    <link:label xlink:type="resource" xlink:label="label_PublicOfferingOrSecondaryDistributionOfSecuritiesOutsideJapanTextBlock_3" xlink:role="http://www.xbrl.org/2003/role/verboseLabel" xml:lang="ja" id="label_PublicOfferingOrSecondaryDistributionOfSecuritiesOutsideJapanTextBlock_3">本邦以外の地域における有価証券の募集又は売出 [テキストブロック]</link:label>
    <link:labelArc xlink:type="arc" xlink:arcrole="http://www.xbrl.org/2003/arcrole/concept-label" xlink:from="PublicOfferingOrSecondaryDistributionOfSecuritiesOutsideJapanTextBlock" xlink:to="label_PublicOfferingOrSecondaryDistributionOfSecuritiesOutsideJapanTextBlock_3"/>
    <link:loc xlink:type="locator" xlink:href="../jpcrp-esr_cor_2019-11-01.xsd#jpcrp-esr_cor_PrivatePlacementOfSecuritiesTextBlock" xlink:label="PrivatePlacementOfSecuritiesTextBlock"/>
    <link:label xlink:type="resource" xlink:label="label_PrivatePlacementOfSecuritiesTextBlock" xlink:role="http://www.xbrl.org/2003/role/documentation" xml:lang="ja" id="label_PrivatePlacementOfSecuritiesTextBlock">第19条第2項第2号</link:label>
    <link:labelArc xlink:type="arc" xlink:arcrole="http://www.xbrl.org/2003/arcrole/concept-label" xlink:from="PrivatePlacementOfSecuritiesTextBlock" xlink:to="label_PrivatePlacementOfSecuritiesTextBlock"/>
    <link:label xlink:type="resource" xlink:label="label_PrivatePlacementOfSecuritiesTextBlock_2" xlink:role="http://www.xbrl.org/2003/role/label" xml:lang="ja" id="label_PrivatePlacementOfSecuritiesTextBlock_2">有価証券の私募等による発行</link:label>
    <link:labelArc xlink:type="arc" xlink:arcrole="http://www.xbrl.org/2003/arcrole/concept-label" xlink:from="PrivatePlacementOfSecuritiesTextBlock" xlink:to="label_PrivatePlacementOfSecuritiesTextBlock_2"/>
    <link:label xlink:type="resource" xlink:label="label_PrivatePlacementOfSecuritiesTextBlock_3" xlink:role="http://www.xbrl.org/2003/role/verboseLabel" xml:lang="ja" id="label_PrivatePlacementOfSecuritiesTextBlock_3">有価証券の私募等による発行 [テキストブロック]</link:label>
    <link:labelArc xlink:type="arc" xlink:arcrole="http://www.xbrl.org/2003/arcrole/concept-label" xlink:from="PrivatePlacementOfSecuritiesTextBlock" xlink:to="label_PrivatePlacementOfSecuritiesTextBlock_3"/>
    <link:loc xlink:type="locator" xlink:href="../jpcrp-esr_cor_2019-11-01.xsd#jpcrp-esr_cor_IssueOfStockOptionsNotSubjectToSecuritiesRegistrationTextBlock" xlink:label="IssueOfStockOptionsNotSubjectToSecuritiesRegistrationTextBlock"/>
    <link:label xlink:type="resource" xlink:label="label_IssueOfStockOptionsNotSubjectToSecuritiesRegistrationTextBlock" xlink:role="http://www.xbrl.org/2003/role/documentation" xml:lang="ja" id="label_IssueOfStockOptionsNotSubjectToSecuritiesRegistrationTextBlock">第19条第2項第2号の2</link:label>
    <link:labelArc xlink:type="arc" xlink:arcrole="http://www.xbrl.org/2003/arcrole/concept-label" xlink:from="IssueOfStockOptionsNotSubjectToSecuritiesRegistrationTextBlock" xlink:to="label_IssueOfStockOptionsNotSubjectToSecuritiesRegistrationTextBlock"/>
    <link:label xlink:type="resource" xlink:label="label_IssueOfStockOptionsNotSubjectToSecuritiesRegistrationTextBlock_2" xlink:role="http://www.xbrl.org/2003/role/label" xml:lang="ja" id="label_IssueOfStockOptionsNotSubjectToSecuritiesRegistrationTextBlock_2">届出を要しない株券等又は新株予約権証券等の発行</link:label>
    <link:labelArc xlink:type="arc" xlink:arcrole="http://www.xbrl.org/2003/arcrole/concept-label" xlink:from="IssueOfStockOptionsNotSubjectToSecuritiesRegistrationTextBlock" xlink:to="label_IssueOfStockOptionsNotSubjectToSecuritiesRegistrationTextBlock_2"/>
    <link:label xlink:type="resource" xlink:label="label_IssueOfStockOptionsNotSubjectToSecuritiesRegistrationTextBlock_3" xlink:role="http://www.xbrl.org/2003/role/verboseLabel" xml:lang="ja" id="label_IssueOfStockOptionsNotSubjectToSecuritiesRegistrationTextBlock_3">届出を要しない株券等又は新株予約権証券等の発行 [テキストブロック]</link:label>
    <link:labelArc xlink:type="arc" xlink:arcrole="http://www.xbrl.org/2003/arcrole/concept-label" xlink:from="IssueOfStockOptionsNotSubjectToSecuritiesRegistrationTextBlock" xlink:to="label_IssueOfStockOptionsNotSubjectToSecuritiesRegistrationTextBlock_3"/>
    <link:loc xlink:type="locator" xlink:href="../jpcrp-esr_cor_2019-11-01.xsd#jpcrp-esr_cor_ChangesInParentCompaniesOrSpecifiedSubsidiariesTextBlock" xlink:label="ChangesInParentCompaniesOrSpecifiedSubsidiariesTextBlock"/>
    <link:label xlink:type="resource" xlink:label="label_ChangesInParentCompaniesOrSpecifiedSubsidiariesTextBlock" xlink:role="http://www.xbrl.org/2003/role/documentation" xml:lang="ja" id="label_ChangesInParentCompaniesOrSpecifiedSubsidiariesTextBlock">第19条第2項第3号</link:label>
    <link:labelArc xlink:type="arc" xlink:arcrole="http://www.xbrl.org/2003/arcrole/concept-label" xlink:from="ChangesInParentCompaniesOrSpecifiedSubsidiariesTextBlock" xlink:to="label_ChangesInParentCompaniesOrSpecifiedSubsidiariesTextBlock"/>
    <link:label xlink:type="resource" xlink:label="label_ChangesInParentCompaniesOrSpecifiedSubsidiariesTextBlock_2" xlink:role="http://www.xbrl.org/2003/role/label" xml:lang="ja" id="label_ChangesInParentCompaniesOrSpecifiedSubsidiariesTextBlock_2">親会社又は特定子会社の異動</link:label>
    <link:labelArc xlink:type="arc" xlink:arcrole="http://www.xbrl.org/2003/arcrole/concept-label" xlink:from="ChangesInParentCompaniesOrSpecifiedSubsidiariesTextBlock" xlink:to="label_ChangesInParentCompaniesOrSpecifiedSubsidiariesTextBlock_2"/>
    <link:label xlink:type="resource" xlink:label="label_ChangesInParentCompaniesOrSpecifiedSubsidiariesTextBlock_3" xlink:role="http://www.xbrl.org/2003/role/verboseLabel" xml:lang="ja" id="label_ChangesInParentCompaniesOrSpecifiedSubsidiariesTextBlock_3">親会社又は特定子会社の異動 [テキストブロック]</link:label>
    <link:labelArc xlink:type="arc" xlink:arcrole="http://www.xbrl.org/2003/arcrole/concept-label" xlink:from="ChangesInParentCompaniesOrSpecifiedSubsidiariesTextBlock" xlink:to="label_ChangesInParentCompaniesOrSpecifiedSubsidiariesTextBlock_3"/>
    <link:loc xlink:type="locator" xlink:href="../jpcrp-esr_cor_2019-11-01.xsd#jpcrp-esr_cor_ChangesInMajorShareholderTextBlock" xlink:label="ChangesInMajorShareholderTextBlock"/>
    <link:label xlink:type="resource" xlink:label="label_ChangesInMajorShareholderTextBlock" xlink:role="http://www.xbrl.org/2003/role/documentation" xml:lang="ja" id="label_ChangesInMajorShareholderTextBlock">第19条第2項第4号</link:label>
    <link:labelArc xlink:type="arc" xlink:arcrole="http://www.xbrl.org/2003/arcrole/concept-label" xlink:from="ChangesInMajorShareholderTextBlock" xlink:to="label_ChangesInMajorShareholderTextBlock"/>
    <link:label xlink:type="resource" xlink:label="label_ChangesInMajorShareholderTextBlock_2" xlink:role="http://www.xbrl.org/2003/role/label" xml:lang="ja" id="label_ChangesInMajorShareholderTextBlock_2">主要株主の異動</link:label>
    <link:labelArc xlink:type="arc" xlink:arcrole="http://www.xbrl.org/2003/arcrole/concept-label" xlink:from="ChangesInMajorShareholderTextBlock" xlink:to="label_ChangesInMajorShareholderTextBlock_2"/>
    <link:label xlink:type="resource" xlink:label="label_ChangesInMajorShareholderTextBlock_3" xlink:role="http://www.xbrl.org/2003/role/verboseLabel" xml:lang="ja" id="label_ChangesInMajorShareholderTextBlock_3">主要株主の異動 [テキストブロック]</link:label>
    <link:labelArc xlink:type="arc" xlink:arcrole="http://www.xbrl.org/2003/arcrole/concept-label" xlink:from="ChangesInMajorShareholderTextBlock" xlink:to="label_ChangesInMajorShareholderTextBlock_3"/>
    <link:loc xlink:type="locator" xlink:href="../jpcrp-esr_cor_2019-11-01.xsd#jpcrp-esr_cor_NotificationOfRequestForSaleOfSharesFromSpecialControllingShareholdersOrDecisionOnWhetherToApproveRequestForSaleOfSharesOrNotTextBlock" xlink:label="NotificationOfRequestForSaleOfSharesFromSpecialControllingShareholdersOrDecisionOnWhetherToApproveRequestForSaleOfSharesOrNotTextBlock"/>
    <link:label xlink:type="resource" xlink:label="label_NotificationOfRequestForSaleOfSharesFromSpecialControllingShareholdersOrDecisionOnWhetherToApproveRequestForSaleOfSharesOrNotTextBlock" xlink:role="http://www.xbrl.org/2003/role/documentation" xml:lang="ja" id="label_NotificationOfRequestForSaleOfSharesFromSpecialControllingShareholdersOrDecisionOnWhetherToApproveRequestForSaleOfSharesOrNotTextBlock">第19条第2項第4号の2</link:label>
    <link:labelArc xlink:type="arc" xlink:arcrole="http://www.xbrl.org/2003/arcrole/concept-label" xlink:from="NotificationOfRequestForSaleOfSharesFromSpecialControllingShareholdersOrDecisionOnWhetherToApproveRequestForSaleOfSharesOrNotTextBlock" xlink:to="label_NotificationOfRequestForSaleOfSharesFromSpecialControllingShareholdersOrDecisionOnWhetherToApproveRequestForSaleOfSharesOrNotTextBlock"/>
    <link:label xlink:type="resource" xlink:label="label_NotificationOfRequestForSaleOfSharesFromSpecialControllingShareholdersOrDecisionOnWhetherToApproveRequestForSaleOfSharesOrNotTextBlock_2" xlink:role="http://www.xbrl.org/2003/role/label" xml:lang="ja" id="label_NotificationOfRequestForSaleOfSharesFromSpecialControllingShareholdersOrDecisionOnWhetherToApproveRequestForSaleOfSharesOrNotTextBlock_2">特別支配株主から株式等売渡請求の通知がされた場合又は当該株式等売渡請求を承認するか否かが決定された場合</link:label>
    <link:labelArc xlink:type="arc" xlink:arcrole="http://www.xbrl.org/2003/arcrole/concept-label" xlink:from="NotificationOfRequestForSaleOfSharesFromSpecialControllingShareholdersOrDecisionOnWhetherToApproveRequestForSaleOfSharesOrNotTextBlock" xlink:to="label_NotificationOfRequestForSaleOfSharesFromSpecialControllingShareholdersOrDecisionOnWhetherToApproveRequestForSaleOfSharesOrNotTextBlock_2"/>
    <link:label xlink:type="resource" xlink:label="label_NotificationOfRequestForSaleOfSharesFromSpecialControllingShareholdersOrDecisionOnWhetherToApproveRequestForSaleOfSharesOrNotTextBlock_3" xlink:role="http://www.xbrl.org/2003/role/verboseLabel" xml:lang="ja" id="label_NotificationOfRequestForSaleOfSharesFromSpecialControllingShareholdersOrDecisionOnWhetherToApproveRequestForSaleOfSharesOrNotTextBlock_3">特別支配株主から株式等売渡請求の通知がされた場合又は当該株式等売渡請求を承認するか否かが決定された場合 [テキストブロック]</link:label>
    <link:labelArc xlink:type="arc" xlink:arcrole="http://www.xbrl.org/2003/arcrole/concept-label" xlink:from="NotificationOfRequestForSaleOfSharesFromSpecialControllingShareholdersOrDecisionOnWhetherToApproveRequestForSaleOfSharesOrNotTextBlock" xlink:to="label_NotificationOfRequestForSaleOfSharesFromSpecialControllingShareholdersOrDecisionOnWhetherToApproveRequestForSaleOfSharesOrNotTextBlock_3"/>
    <link:loc xlink:type="locator" xlink:href="../jpcrp-esr_cor_2019-11-01.xsd#jpcrp-esr_cor_DecisionOnHoldingShareholdersMeetingToAcquireAllClassSharesSubjectToWhollyCallTextBlock" xlink:label="DecisionOnHoldingShareholdersMeetingToAcquireAllClassSharesSubjectToWhollyCallTextBlock"/>
    <link:label xlink:type="resource" xlink:label="label_DecisionOnHoldingShareholdersMeetingToAcquireAllClassSharesSubjectToWhollyCallTextBlock" xlink:role="http://www.xbrl.org/2003/role/documentation" xml:lang="ja" id="label_DecisionOnHoldingShareholdersMeetingToAcquireAllClassSharesSubjectToWhollyCallTextBlock">第19条第2項第4号の3</link:label>
    <link:labelArc xlink:type="arc" xlink:arcrole="http://www.xbrl.org/2003/arcrole/concept-label" xlink:from="DecisionOnHoldingShareholdersMeetingToAcquireAllClassSharesSubjectToWhollyCallTextBlock" xlink:to="label_DecisionOnHoldingShareholdersMeetingToAcquireAllClassSharesSubjectToWhollyCallTextBlock"/>
    <link:label xlink:type="resource" xlink:label="label_DecisionOnHoldingShareholdersMeetingToAcquireAllClassSharesSubjectToWhollyCallTextBlock_2" xlink:role="http://www.xbrl.org/2003/role/label" xml:lang="ja" id="label_DecisionOnHoldingShareholdersMeetingToAcquireAllClassSharesSubjectToWhollyCallTextBlock_2">全部取得条項付種類株式の全部の取得を目的とする株主総会の招集の決定</link:label>
    <link:labelArc xlink:type="arc" xlink:arcrole="http://www.xbrl.org/2003/arcrole/concept-label" xlink:from="DecisionOnHoldingShareholdersMeetingToAcquireAllClassSharesSubjectToWhollyCallTextBlock" xlink:to="label_DecisionOnHoldingShareholdersMeetingToAcquireAllClassSharesSubjectToWhollyCallTextBlock_2"/>
    <link:label xlink:type="resource" xlink:label="label_DecisionOnHoldingShareholdersMeetingToAcquireAllClassSharesSubjectToWhollyCallTextBlock_3" xlink:role="http://www.xbrl.org/2003/role/verboseLabel" xml:lang="ja" id="label_DecisionOnHoldingShareholdersMeetingToAcquireAllClassSharesSubjectToWhollyCallTextBlock_3">全部取得条項付種類株式の全部の取得を目的とする株主総会の招集の決定 [テキストブロック]</link:label>
    <link:labelArc xlink:type="arc" xlink:arcrole="http://www.xbrl.org/2003/arcrole/concept-label" xlink:from="DecisionOnHoldingShareholdersMeetingToAcquireAllClassSharesSubjectToWhollyCallTextBlock" xlink:to="label_DecisionOnHoldingShareholdersMeetingToAcquireAllClassSharesSubjectToWhollyCallTextBlock_3"/>
    <link:loc xlink:type="locator" xlink:href="../jpcrp-esr_cor_2019-11-01.xsd#jpcrp-esr_cor_DecisionOnHoldingShareholdersMeetingForPurposeOfReverseStockSplitTextBlock" xlink:label="DecisionOnHoldingShareholdersMeetingForPurposeOfReverseStockSplitTextBlock"/>
    <link:label xlink:type="resource" xlink:label="label_DecisionOnHoldingShareholdersMeetingForPurposeOfReverseStockSplitTextBlock" xlink:role="http://www.xbrl.org/2003/role/documentation" xml:lang="ja" id="label_DecisionOnHoldingShareholdersMeetingForPurposeOfReverseStockSplitTextBlock">第19条第2項第4号の4</link:label>
    <link:labelArc xlink:type="arc" xlink:arcrole="http://www.xbrl.org/2003/arcrole/concept-label" xlink:from="DecisionOnHoldingShareholdersMeetingForPurposeOfReverseStockSplitTextBlock" xlink:to="label_DecisionOnHoldingShareholdersMeetingForPurposeOfReverseStockSplitTextBlock"/>
    <link:label xlink:type="resource" xlink:label="label_DecisionOnHoldingShareholdersMeetingForPurposeOfReverseStockSplitTextBlock_2" xlink:role="http://www.xbrl.org/2003/role/label" xml:lang="ja" id="label_DecisionOnHoldingShareholdersMeetingForPurposeOfReverseStockSplitTextBlock_2">株式の併合を目的とする株主総会の招集の決定</link:label>
    <link:labelArc xlink:type="arc" xlink:arcrole="http://www.xbrl.org/2003/arcrole/concept-label" xlink:from="DecisionOnHoldingShareholdersMeetingForPurposeOfReverseStockSplitTextBlock" xlink:to="label_DecisionOnHoldingShareholdersMeetingForPurposeOfReverseStockSplitTextBlock_2"/>
    <link:label xlink:type="resource" xlink:label="label_DecisionOnHoldingShareholdersMeetingForPurposeOfReverseStockSplitTextBlock_3" xlink:role="http://www.xbrl.org/2003/role/verboseLabel" xml:lang="ja" id="label_DecisionOnHoldingShareholdersMeetingForPurposeOfReverseStockSplitTextBlock_3">株式の併合を目的とする株主総会の招集の決定 [テキストブロック]</link:label>
    <link:labelArc xlink:type="arc" xlink:arcrole="http://www.xbrl.org/2003/arcrole/concept-label" xlink:from="DecisionOnHoldingShareholdersMeetingForPurposeOfReverseStockSplitTextBlock" xlink:to="label_DecisionOnHoldingShareholdersMeetingForPurposeOfReverseStockSplitTextBlock_3"/>
    <link:loc xlink:type="locator" xlink:href="../jpcrp-esr_cor_2019-11-01.xsd#jpcrp-esr_cor_SignificantDisasterTextBlock" xlink:label="SignificantDisasterTextBlock"/>
    <link:label xlink:type="resource" xlink:label="label_SignificantDisasterTextBlock" xlink:role="http://www.xbrl.org/2003/role/documentation" xml:lang="ja" id="label_SignificantDisasterTextBlock">第19条第2項第5号</link:label>
    <link:labelArc xlink:type="arc" xlink:arcrole="http://www.xbrl.org/2003/arcrole/concept-label" xlink:from="SignificantDisasterTextBlock" xlink:to="label_SignificantDisasterTextBlock"/>
    <link:label xlink:type="resource" xlink:label="label_SignificantDisasterTextBlock_2" xlink:role="http://www.xbrl.org/2003/role/label" xml:lang="ja" id="label_SignificantDisasterTextBlock_2">重要な災害の発生</link:label>
    <link:labelArc xlink:type="arc" xlink:arcrole="http://www.xbrl.org/2003/arcrole/concept-label" xlink:from="SignificantDisasterTextBlock" xlink:to="label_SignificantDisasterTextBlock_2"/>
    <link:label xlink:type="resource" xlink:label="label_SignificantDisasterTextBlock_3" xlink:role="http://www.xbrl.org/2003/role/verboseLabel" xml:lang="ja" id="label_SignificantDisasterTextBlock_3">重要な災害の発生 [テキストブロック]</link:label>
    <link:labelArc xlink:type="arc" xlink:arcrole="http://www.xbrl.org/2003/arcrole/concept-label" xlink:from="SignificantDisasterTextBlock" xlink:to="label_SignificantDisasterTextBlock_3"/>
    <link:loc xlink:type="locator" xlink:href="../jpcrp-esr_cor_2019-11-01.xsd#jpcrp-esr_cor_CommencementOrResolutionOfLitigationTextBlock" xlink:label="CommencementOrResolutionOfLitigationTextBlock"/>
    <link:label xlink:type="resource" xlink:label="label_CommencementOrResolutionOfLitigationTextBlock" xlink:role="http://www.xbrl.org/2003/role/documentation" xml:lang="ja" id="label_CommencementOrResolutionOfLitigationTextBlock">第19条第2項第6号</link:label>
    <link:labelArc xlink:type="arc" xlink:arcrole="http://www.xbrl.org/2003/arcrole/concept-label" xlink:from="CommencementOrResolutionOfLitigationTextBlock" xlink:to="label_CommencementOrResolutionOfLitigationTextBlock"/>
    <link:label xlink:type="resource" xlink:label="label_CommencementOrResolutionOfLitigationTextBlock_2" xlink:role="http://www.xbrl.org/2003/role/label" xml:lang="ja" id="label_CommencementOrResolutionOfLitigationTextBlock_2">訴訟の提起又は解決</link:label>
    <link:labelArc xlink:type="arc" xlink:arcrole="http://www.xbrl.org/2003/arcrole/concept-label" xlink:from="CommencementOrResolutionOfLitigationTextBlock" xlink:to="label_CommencementOrResolutionOfLitigationTextBlock_2"/>
    <link:label xlink:type="resource" xlink:label="label_CommencementOrResolutionOfLitigationTextBlock_3" xlink:role="http://www.xbrl.org/2003/role/verboseLabel" xml:lang="ja" id="label_CommencementOrResolutionOfLitigationTextBlock_3">訴訟の提起又は解決 [テキストブロック]</link:label>
    <link:labelArc xlink:type="arc" xlink:arcrole="http://www.xbrl.org/2003/arcrole/concept-label" xlink:from="CommencementOrResolutionOfLitigationTextBlock" xlink:to="label_CommencementOrResolutionOfLitigationTextBlock_3"/>
    <link:loc xlink:type="locator" xlink:href="../jpcrp-esr_cor_2019-11-01.xsd#jpcrp-esr_cor_DecisionOnShareExchangeTextBlock" xlink:label="DecisionOnShareExchangeTextBlock"/>
    <link:label xlink:type="resource" xlink:label="label_DecisionOnShareExchangeTextBlock" xlink:role="http://www.xbrl.org/2003/role/documentation" xml:lang="ja" id="label_DecisionOnShareExchangeTextBlock">第19条第2項第6号の2</link:label>
    <link:labelArc xlink:type="arc" xlink:arcrole="http://www.xbrl.org/2003/arcrole/concept-label" xlink:from="DecisionOnShareExchangeTextBlock" xlink:to="label_DecisionOnShareExchangeTextBlock"/>
    <link:label xlink:type="resource" xlink:label="label_DecisionOnShareExchangeTextBlock_2" xlink:role="http://www.xbrl.org/2003/role/label" xml:lang="ja" id="label_DecisionOnShareExchangeTextBlock_2">株式交換の決定</link:label>
    <link:labelArc xlink:type="arc" xlink:arcrole="http://www.xbrl.org/2003/arcrole/concept-label" xlink:from="DecisionOnShareExchangeTextBlock" xlink:to="label_DecisionOnShareExchangeTextBlock_2"/>
    <link:label xlink:type="resource" xlink:label="label_DecisionOnShareExchangeTextBlock_3" xlink:role="http://www.xbrl.org/2003/role/verboseLabel" xml:lang="ja" id="label_DecisionOnShareExchangeTextBlock_3">株式交換の決定 [テキストブロック]</link:label>
    <link:labelArc xlink:type="arc" xlink:arcrole="http://www.xbrl.org/2003/arcrole/concept-label" xlink:from="DecisionOnShareExchangeTextBlock" xlink:to="label_DecisionOnShareExchangeTextBlock_3"/>
    <link:loc xlink:type="locator" xlink:href="../jpcrp-esr_cor_2019-11-01.xsd#jpcrp-esr_cor_DecisionOnShareTransferTextBlock" xlink:label="DecisionOnShareTransferTextBlock"/>
    <link:label xlink:type="resource" xlink:label="label_DecisionOnShareTransferTextBlock" xlink:role="http://www.xbrl.org/2003/role/documentation" xml:lang="ja" id="label_DecisionOnShareTransferTextBlock">第19条第2項第6号の3</link:label>
    <link:labelArc xlink:type="arc" xlink:arcrole="http://www.xbrl.org/2003/arcrole/concept-label" xlink:from="DecisionOnShareTransferTextBlock" xlink:to="label_DecisionOnShareTransferTextBlock"/>
    <link:label xlink:type="resource" xlink:label="label_DecisionOnShareTransferTextBlock_2" xlink:role="http://www.xbrl.org/2003/role/label" xml:lang="ja" id="label_DecisionOnShareTransferTextBlock_2">株式移転の決定</link:label>
    <link:labelArc xlink:type="arc" xlink:arcrole="http://www.xbrl.org/2003/arcrole/concept-label" xlink:from="DecisionOnShareTransferTextBlock" xlink:to="label_DecisionOnShareTransferTextBlock_2"/>
    <link:label xlink:type="resource" xlink:label="label_DecisionOnShareTransferTextBlock_3" xlink:role="http://www.xbrl.org/2003/role/verboseLabel" xml:lang="ja" id="label_DecisionOnShareTransferTextBlock_3">株式移転の決定 [テキストブロック]</link:label>
    <link:labelArc xlink:type="arc" xlink:arcrole="http://www.xbrl.org/2003/arcrole/concept-label" xlink:from="DecisionOnShareTransferTextBlock" xlink:to="label_DecisionOnShareTransferTextBlock_3"/>
    <link:loc xlink:type="locator" xlink:href="../jpcrp-esr_cor_2019-11-01.xsd#jpcrp-esr_cor_DecisionOnAbsorptionTypeSplitTextBlock" xlink:label="DecisionOnAbsorptionTypeSplitTextBlock"/>
    <link:label xlink:type="resource" xlink:label="label_DecisionOnAbsorptionTypeSplitTextBlock" xlink:role="http://www.xbrl.org/2003/role/documentation" xml:lang="ja" id="label_DecisionOnAbsorptionTypeSplitTextBlock">第19条第2項第7号</link:label>
    <link:labelArc xlink:type="arc" xlink:arcrole="http://www.xbrl.org/2003/arcrole/concept-label" xlink:from="DecisionOnAbsorptionTypeSplitTextBlock" xlink:to="label_DecisionOnAbsorptionTypeSplitTextBlock"/>
    <link:label xlink:type="resource" xlink:label="label_DecisionOnAbsorptionTypeSplitTextBlock_2" xlink:role="http://www.xbrl.org/2003/role/label" xml:lang="ja" id="label_DecisionOnAbsorptionTypeSplitTextBlock_2">吸収分割の決定</link:label>
    <link:labelArc xlink:type="arc" xlink:arcrole="http://www.xbrl.org/2003/arcrole/concept-label" xlink:from="DecisionOnAbsorptionTypeSplitTextBlock" xlink:to="label_DecisionOnAbsorptionTypeSplitTextBlock_2"/>
    <link:label xlink:type="resource" xlink:label="label_DecisionOnAbsorptionTypeSplitTextBlock_3" xlink:role="http://www.xbrl.org/2003/role/verboseLabel" xml:lang="ja" id="label_DecisionOnAbsorptionTypeSplitTextBlock_3">吸収分割の決定 [テキストブロック]</link:label>
    <link:labelArc xlink:type="arc" xlink:arcrole="http://www.xbrl.org/2003/arcrole/concept-label" xlink:from="DecisionOnAbsorptionTypeSplitTextBlock" xlink:to="label_DecisionOnAbsorptionTypeSplitTextBlock_3"/>
    <link:loc xlink:type="locator" xlink:href="../jpcrp-esr_cor_2019-11-01.xsd#jpcrp-esr_cor_DecisionOnIncorporationTypeSplitTextBlock" xlink:label="DecisionOnIncorporationTypeSplitTextBlock"/>
    <link:label xlink:type="resource" xlink:label="label_DecisionOnIncorporationTypeSplitTextBlock" xlink:role="http://www.xbrl.org/2003/role/documentation" xml:lang="ja" id="label_DecisionOnIncorporationTypeSplitTextBlock">第19条第2項第7号の2</link:label>
    <link:labelArc xlink:type="arc" xlink:arcrole="http://www.xbrl.org/2003/arcrole/concept-label" xlink:from="DecisionOnIncorporationTypeSplitTextBlock" xlink:to="label_DecisionOnIncorporationTypeSplitTextBlock"/>
    <link:label xlink:type="resource" xlink:label="label_DecisionOnIncorporationTypeSplitTextBlock_2" xlink:role="http://www.xbrl.org/2003/role/label" xml:lang="ja" id="label_DecisionOnIncorporationTypeSplitTextBlock_2">新設分割の決定</link:label>
    <link:labelArc xlink:type="arc" xlink:arcrole="http://www.xbrl.org/2003/arcrole/concept-label" xlink:from="DecisionOnIncorporationTypeSplitTextBlock" xlink:to="label_DecisionOnIncorporationTypeSplitTextBlock_2"/>
    <link:label xlink:type="resource" xlink:label="label_DecisionOnIncorporationTypeSplitTextBlock_3" xlink:role="http://www.xbrl.org/2003/role/verboseLabel" xml:lang="ja" id="label_DecisionOnIncorporationTypeSplitTextBlock_3">新設分割の決定 [テキストブロック]</link:label>
    <link:labelArc xlink:type="arc" xlink:arcrole="http://www.xbrl.org/2003/arcrole/concept-label" xlink:from="DecisionOnIncorporationTypeSplitTextBlock" xlink:to="label_DecisionOnIncorporationTypeSplitTextBlock_3"/>
    <link:loc xlink:type="locator" xlink:href="../jpcrp-esr_cor_2019-11-01.xsd#jpcrp-esr_cor_DecisionOnAbsorptionTypeMergerTextBlock" xlink:label="DecisionOnAbsorptionTypeMergerTextBlock"/>
    <link:label xlink:type="resource" xlink:label="label_DecisionOnAbsorptionTypeMergerTextBlock" xlink:role="http://www.xbrl.org/2003/role/documentation" xml:lang="ja" id="label_DecisionOnAbsorptionTypeMergerTextBlock">第19条第2項第7号の3</link:label>
    <link:labelArc xlink:type="arc" xlink:arcrole="http://www.xbrl.org/2003/arcrole/concept-label" xlink:from="DecisionOnAbsorptionTypeMergerTextBlock" xlink:to="label_DecisionOnAbsorptionTypeMergerTextBlock"/>
    <link:label xlink:type="resource" xlink:label="label_DecisionOnAbsorptionTypeMergerTextBlock_2" xlink:role="http://www.xbrl.org/2003/role/label" xml:lang="ja" id="label_DecisionOnAbsorptionTypeMergerTextBlock_2">吸収合併の決定</link:label>
    <link:labelArc xlink:type="arc" xlink:arcrole="http://www.xbrl.org/2003/arcrole/concept-label" xlink:from="DecisionOnAbsorptionTypeMergerTextBlock" xlink:to="label_DecisionOnAbsorptionTypeMergerTextBlock_2"/>
    <link:label xlink:type="resource" xlink:label="label_DecisionOnAbsorptionTypeMergerTextBlock_3" xlink:role="http://www.xbrl.org/2003/role/verboseLabel" xml:lang="ja" id="label_DecisionOnAbsorptionTypeMergerTextBlock_3">吸収合併の決定 [テキストブロック]</link:label>
    <link:labelArc xlink:type="arc" xlink:arcrole="http://www.xbrl.org/2003/arcrole/concept-label" xlink:from="DecisionOnAbsorptionTypeMergerTextBlock" xlink:to="label_DecisionOnAbsorptionTypeMergerTextBlock_3"/>
    <link:loc xlink:type="locator" xlink:href="../jpcrp-esr_cor_2019-11-01.xsd#jpcrp-esr_cor_DecisionOnConsolidationTypeMergerTextBlock" xlink:label="DecisionOnConsolidationTypeMergerTextBlock"/>
    <link:label xlink:type="resource" xlink:label="label_DecisionOnConsolidationTypeMergerTextBlock" xlink:role="http://www.xbrl.org/2003/role/documentation" xml:lang="ja" id="label_DecisionOnConsolidationTypeMergerTextBlock">第19条第2項第7号の4</link:label>
    <link:labelArc xlink:type="arc" xlink:arcrole="http://www.xbrl.org/2003/arcrole/concept-label" xlink:from="DecisionOnConsolidationTypeMergerTextBlock" xlink:to="label_DecisionOnConsolidationTypeMergerTextBlock"/>
    <link:label xlink:type="resource" xlink:label="label_DecisionOnConsolidationTypeMergerTextBlock_2" xlink:role="http://www.xbrl.org/2003/role/label" xml:lang="ja" id="label_DecisionOnConsolidationTypeMergerTextBlock_2">新設合併の決定</link:label>
    <link:labelArc xlink:type="arc" xlink:arcrole="http://www.xbrl.org/2003/arcrole/concept-label" xlink:from="DecisionOnConsolidationTypeMergerTextBlock" xlink:to="label_DecisionOnConsolidationTypeMergerTextBlock_2"/>
    <link:label xlink:type="resource" xlink:label="label_DecisionOnConsolidationTypeMergerTextBlock_3" xlink:role="http://www.xbrl.org/2003/role/verboseLabel" xml:lang="ja" id="label_DecisionOnConsolidationTypeMergerTextBlock_3">新設合併の決定 [テキストブロック]</link:label>
    <link:labelArc xlink:type="arc" xlink:arcrole="http://www.xbrl.org/2003/arcrole/concept-label" xlink:from="DecisionOnConsolidationTypeMergerTextBlock" xlink:to="label_DecisionOnConsolidationTypeMergerTextBlock_3"/>
    <link:loc xlink:type="locator" xlink:href="../jpcrp-esr_cor_2019-11-01.xsd#jpcrp-esr_cor_DecisionOnTransferOrAcquisitionOfBusinessTextBlock" xlink:label="DecisionOnTransferOrAcquisitionOfBusinessTextBlock"/>
    <link:label xlink:type="resource" xlink:label="label_DecisionOnTransferOrAcquisitionOfBusinessTextBlock" xlink:role="http://www.xbrl.org/2003/role/documentation" xml:lang="ja" id="label_DecisionOnTransferOrAcquisitionOfBusinessTextBlock">第19条第2項第8号</link:label>
    <link:labelArc xlink:type="arc" xlink:arcrole="http://www.xbrl.org/2003/arcrole/concept-label" xlink:from="DecisionOnTransferOrAcquisitionOfBusinessTextBlock" xlink:to="label_DecisionOnTransferOrAcquisitionOfBusinessTextBlock"/>
    <link:label xlink:type="resource" xlink:label="label_DecisionOnTransferOrAcquisitionOfBusinessTextBlock_2" xlink:role="http://www.xbrl.org/2003/role/label" xml:lang="ja" id="label_DecisionOnTransferOrAcquisitionOfBusinessTextBlock_2">事業の譲渡又は譲受けの決定</link:label>
    <link:labelArc xlink:type="arc" xlink:arcrole="http://www.xbrl.org/2003/arcrole/concept-label" xlink:from="DecisionOnTransferOrAcquisitionOfBusinessTextBlock" xlink:to="label_DecisionOnTransferOrAcquisitionOfBusinessTextBlock_2"/>
    <link:label xlink:type="resource" xlink:label="label_DecisionOnTransferOrAcquisitionOfBusinessTextBlock_3" xlink:role="http://www.xbrl.org/2003/role/verboseLabel" xml:lang="ja" id="label_DecisionOnTransferOrAcquisitionOfBusinessTextBlock_3">事業の譲渡又は譲受けの決定 [テキストブロック]</link:label>
    <link:labelArc xlink:type="arc" xlink:arcrole="http://www.xbrl.org/2003/arcrole/concept-label" xlink:from="DecisionOnTransferOrAcquisitionOfBusinessTextBlock" xlink:to="label_DecisionOnTransferOrAcquisitionOfBusinessTextBlock_3"/>
    <link:loc xlink:type="locator" xlink:href="../jpcrp-esr_cor_2019-11-01.xsd#jpcrp-esr_cor_DecisionOnAcquisitionOfSubsidiaryTextBlock" xlink:label="DecisionOnAcquisitionOfSubsidiaryTextBlock"/>
    <link:label xlink:type="resource" xlink:label="label_DecisionOnAcquisitionOfSubsidiaryTextBlock" xlink:role="http://www.xbrl.org/2003/role/documentation" xml:lang="ja" id="label_DecisionOnAcquisitionOfSubsidiaryTextBlock">第19条第2項第8号の2</link:label>
    <link:labelArc xlink:type="arc" xlink:arcrole="http://www.xbrl.org/2003/arcrole/concept-label" xlink:from="DecisionOnAcquisitionOfSubsidiaryTextBlock" xlink:to="label_DecisionOnAcquisitionOfSubsidiaryTextBlock"/>
    <link:label xlink:type="resource" xlink:label="label_DecisionOnAcquisitionOfSubsidiaryTextBlock_2" xlink:role="http://www.xbrl.org/2003/role/label" xml:lang="ja" id="label_DecisionOnAcquisitionOfSubsidiaryTextBlock_2">子会社取得の決定</link:label>
    <link:labelArc xlink:type="arc" xlink:arcrole="http://www.xbrl.org/2003/arcrole/concept-label" xlink:from="DecisionOnAcquisitionOfSubsidiaryTextBlock" xlink:to="label_DecisionOnAcquisitionOfSubsidiaryTextBlock_2"/>
    <link:label xlink:type="resource" xlink:label="label_DecisionOnAcquisitionOfSubsidiaryTextBlock_3" xlink:role="http://www.xbrl.org/2003/role/verboseLabel" xml:lang="ja" id="label_DecisionOnAcquisitionOfSubsidiaryTextBlock_3">子会社取得の決定 [テキストブロック]</link:label>
    <link:labelArc xlink:type="arc" xlink:arcrole="http://www.xbrl.org/2003/arcrole/concept-label" xlink:from="DecisionOnAcquisitionOfSubsidiaryTextBlock" xlink:to="label_DecisionOnAcquisitionOfSubsidiaryTextBlock_3"/>
    <link:loc xlink:type="locator" xlink:href="../jpcrp-esr_cor_2019-11-01.xsd#jpcrp-esr_cor_ChangesInRepresentativeDirectorsTextBlock" xlink:label="ChangesInRepresentativeDirectorsTextBlock"/>
    <link:label xlink:type="resource" xlink:label="label_ChangesInRepresentativeDirectorsTextBlock" xlink:role="http://www.xbrl.org/2003/role/documentation" xml:lang="ja" id="label_ChangesInRepresentativeDirectorsTextBlock">第19条第2項第9号</link:label>
    <link:labelArc xlink:type="arc" xlink:arcrole="http://www.xbrl.org/2003/arcrole/concept-label" xlink:from="ChangesInRepresentativeDirectorsTextBlock" xlink:to="label_ChangesInRepresentativeDirectorsTextBlock"/>
    <link:label xlink:type="resource" xlink:label="label_ChangesInRepresentativeDirectorsTextBlock_2" xlink:role="http://www.xbrl.org/2003/role/label" xml:lang="ja" id="label_ChangesInRepresentativeDirectorsTextBlock_2">代表取締役の異動</link:label>
    <link:labelArc xlink:type="arc" xlink:arcrole="http://www.xbrl.org/2003/arcrole/concept-label" xlink:from="ChangesInRepresentativeDirectorsTextBlock" xlink:to="label_ChangesInRepresentativeDirectorsTextBlock_2"/>
    <link:label xlink:type="resource" xlink:label="label_ChangesInRepresentativeDirectorsTextBlock_3" xlink:role="http://www.xbrl.org/2003/role/verboseLabel" xml:lang="ja" id="label_ChangesInRepresentativeDirectorsTextBlock_3">代表取締役の異動 [テキストブロック]</link:label>
    <link:labelArc xlink:type="arc" xlink:arcrole="http://www.xbrl.org/2003/arcrole/concept-label" xlink:from="ChangesInRepresentativeDirectorsTextBlock" xlink:to="label_ChangesInRepresentativeDirectorsTextBlock_3"/>
    <link:loc xlink:type="locator" xlink:href="../jpcrp-esr_cor_2019-11-01.xsd#jpcrp-esr_cor_ResolutionOfShareholdersMeetingTextBlock" xlink:label="ResolutionOfShareholdersMeetingTextBlock"/>
    <link:label xlink:type="resource" xlink:label="label_ResolutionOfShareholdersMeetingTextBlock" xlink:role="http://www.xbrl.org/2003/role/documentation" xml:lang="ja" id="label_ResolutionOfShareholdersMeetingTextBlock">第19条第2項第9号の2</link:label>
    <link:labelArc xlink:type="arc" xlink:arcrole="http://www.xbrl.org/2003/arcrole/concept-label" xlink:from="ResolutionOfShareholdersMeetingTextBlock" xlink:to="label_ResolutionOfShareholdersMeetingTextBlock"/>
    <link:label xlink:type="resource" xlink:label="label_ResolutionOfShareholdersMeetingTextBlock_2" xlink:role="http://www.xbrl.org/2003/role/label" xml:lang="ja" id="label_ResolutionOfShareholdersMeetingTextBlock_2">株主総会における決議</link:label>
    <link:labelArc xlink:type="arc" xlink:arcrole="http://www.xbrl.org/2003/arcrole/concept-label" xlink:from="ResolutionOfShareholdersMeetingTextBlock" xlink:to="label_ResolutionOfShareholdersMeetingTextBlock_2"/>
    <link:label xlink:type="resource" xlink:label="label_ResolutionOfShareholdersMeetingTextBlock_3" xlink:role="http://www.xbrl.org/2003/role/verboseLabel" xml:lang="ja" id="label_ResolutionOfShareholdersMeetingTextBlock_3">株主総会における決議 [テキストブロック]</link:label>
    <link:labelArc xlink:type="arc" xlink:arcrole="http://www.xbrl.org/2003/arcrole/concept-label" xlink:from="ResolutionOfShareholdersMeetingTextBlock" xlink:to="label_ResolutionOfShareholdersMeetingTextBlock_3"/>
    <link:loc xlink:type="locator" xlink:href="../jpcrp-esr_cor_2019-11-01.xsd#jpcrp-esr_cor_AmendmentOrRejectionByShareholdersMeetingTextBlock" xlink:label="AmendmentOrRejectionByShareholdersMeetingTextBlock"/>
    <link:label xlink:type="resource" xlink:label="label_AmendmentOrRejectionByShareholdersMeetingTextBlock" xlink:role="http://www.xbrl.org/2003/role/documentation" xml:lang="ja" id="label_AmendmentOrRejectionByShareholdersMeetingTextBlock">第19条第2項第9号の3</link:label>
    <link:labelArc xlink:type="arc" xlink:arcrole="http://www.xbrl.org/2003/arcrole/concept-label" xlink:from="AmendmentOrRejectionByShareholdersMeetingTextBlock" xlink:to="label_AmendmentOrRejectionByShareholdersMeetingTextBlock"/>
    <link:label xlink:type="resource" xlink:label="label_AmendmentOrRejectionByShareholdersMeetingTextBlock_2" xlink:role="http://www.xbrl.org/2003/role/label" xml:lang="ja" id="label_AmendmentOrRejectionByShareholdersMeetingTextBlock_2">株主総会における修正又は否決</link:label>
    <link:labelArc xlink:type="arc" xlink:arcrole="http://www.xbrl.org/2003/arcrole/concept-label" xlink:from="AmendmentOrRejectionByShareholdersMeetingTextBlock" xlink:to="label_AmendmentOrRejectionByShareholdersMeetingTextBlock_2"/>
    <link:label xlink:type="resource" xlink:label="label_AmendmentOrRejectionByShareholdersMeetingTextBlock_3" xlink:role="http://www.xbrl.org/2003/role/verboseLabel" xml:lang="ja" id="label_AmendmentOrRejectionByShareholdersMeetingTextBlock_3">株主総会における修正又は否決 [テキストブロック]</link:label>
    <link:labelArc xlink:type="arc" xlink:arcrole="http://www.xbrl.org/2003/arcrole/concept-label" xlink:from="AmendmentOrRejectionByShareholdersMeetingTextBlock" xlink:to="label_AmendmentOrRejectionByShareholdersMeetingTextBlock_3"/>
    <link:loc xlink:type="locator" xlink:href="../jpcrp-esr_cor_2019-11-01.xsd#jpcrp-esr_cor_ChangeInIndependentAuditorsTextBlock" xlink:label="ChangeInIndependentAuditorsTextBlock"/>
    <link:label xlink:type="resource" xlink:label="label_ChangeInIndependentAuditorsTextBlock" xlink:role="http://www.xbrl.org/2003/role/documentation" xml:lang="ja" id="label_ChangeInIndependentAuditorsTextBlock">第19条第2項第9号の4</link:label>
    <link:labelArc xlink:type="arc" xlink:arcrole="http://www.xbrl.org/2003/arcrole/concept-label" xlink:from="ChangeInIndependentAuditorsTextBlock" xlink:to="label_ChangeInIndependentAuditorsTextBlock"/>
    <link:label xlink:type="resource" xlink:label="label_ChangeInIndependentAuditorsTextBlock_2" xlink:role="http://www.xbrl.org/2003/role/label" xml:lang="ja" id="label_ChangeInIndependentAuditorsTextBlock_2">監査公認会計士等の異動</link:label>
    <link:labelArc xlink:type="arc" xlink:arcrole="http://www.xbrl.org/2003/arcrole/concept-label" xlink:from="ChangeInIndependentAuditorsTextBlock" xlink:to="label_ChangeInIndependentAuditorsTextBlock_2"/>
    <link:label xlink:type="resource" xlink:label="label_ChangeInIndependentAuditorsTextBlock_3" xlink:role="http://www.xbrl.org/2003/role/verboseLabel" xml:lang="ja" id="label_ChangeInIndependentAuditorsTextBlock_3">監査公認会計士等の異動 [テキストブロック]</link:label>
    <link:labelArc xlink:type="arc" xlink:arcrole="http://www.xbrl.org/2003/arcrole/concept-label" xlink:from="ChangeInIndependentAuditorsTextBlock" xlink:to="label_ChangeInIndependentAuditorsTextBlock_3"/>
    <link:loc xlink:type="locator" xlink:href="../jpcrp-esr_cor_2019-11-01.xsd#jpcrp-esr_cor_PetitionEtcForCommencementOfBankruptcyProceedingsTextBlock" xlink:label="PetitionEtcForCommencementOfBankruptcyProceedingsTextBlock"/>
    <link:label xlink:type="resource" xlink:label="label_PetitionEtcForCommencementOfBankruptcyProceedingsTextBlock" xlink:role="http://www.xbrl.org/2003/role/documentation" xml:lang="ja" id="label_PetitionEtcForCommencementOfBankruptcyProceedingsTextBlock">第19条第2項第10号</link:label>
    <link:labelArc xlink:type="arc" xlink:arcrole="http://www.xbrl.org/2003/arcrole/concept-label" xlink:from="PetitionEtcForCommencementOfBankruptcyProceedingsTextBlock" xlink:to="label_PetitionEtcForCommencementOfBankruptcyProceedingsTextBlock"/>
    <link:label xlink:type="resource" xlink:label="label_PetitionEtcForCommencementOfBankruptcyProceedingsTextBlock_2" xlink:role="http://www.xbrl.org/2003/role/label" xml:lang="ja" id="label_PetitionEtcForCommencementOfBankruptcyProceedingsTextBlock_2">破産手続開始の申立て等</link:label>
    <link:labelArc xlink:type="arc" xlink:arcrole="http://www.xbrl.org/2003/arcrole/concept-label" xlink:from="PetitionEtcForCommencementOfBankruptcyProceedingsTextBlock" xlink:to="label_PetitionEtcForCommencementOfBankruptcyProceedingsTextBlock_2"/>
    <link:label xlink:type="resource" xlink:label="label_PetitionEtcForCommencementOfBankruptcyProceedingsTextBlock_3" xlink:role="http://www.xbrl.org/2003/role/verboseLabel" xml:lang="ja" id="label_PetitionEtcForCommencementOfBankruptcyProceedingsTextBlock_3">破産手続開始の申立て等 [テキストブロック]</link:label>
    <link:labelArc xlink:type="arc" xlink:arcrole="http://www.xbrl.org/2003/arcrole/concept-label" xlink:from="PetitionEtcForCommencementOfBankruptcyProceedingsTextBlock" xlink:to="label_PetitionEtcForCommencementOfBankruptcyProceedingsTextBlock_3"/>
    <link:loc xlink:type="locator" xlink:href="../jpcrp-esr_cor_2019-11-01.xsd#jpcrp-esr_cor_LikelihoodOfUncollectibleOrDelinquentAccountsTextBlock" xlink:label="LikelihoodOfUncollectibleOrDelinquentAccountsTextBlock"/>
    <link:label xlink:type="resource" xlink:label="label_LikelihoodOfUncollectibleOrDelinquentAccountsTextBlock" xlink:role="http://www.xbrl.org/2003/role/documentation" xml:lang="ja" id="label_LikelihoodOfUncollectibleOrDelinquentAccountsTextBlock">第19条第2項第11号</link:label>
    <link:labelArc xlink:type="arc" xlink:arcrole="http://www.xbrl.org/2003/arcrole/concept-label" xlink:from="LikelihoodOfUncollectibleOrDelinquentAccountsTextBlock" xlink:to="label_LikelihoodOfUncollectibleOrDelinquentAccountsTextBlock"/>
    <link:label xlink:type="resource" xlink:label="label_LikelihoodOfUncollectibleOrDelinquentAccountsTextBlock_2" xlink:role="http://www.xbrl.org/2003/role/label" xml:lang="ja" id="label_LikelihoodOfUncollectibleOrDelinquentAccountsTextBlock_2">取立不能又は取立遅延債権のおそれ</link:label>
    <link:labelArc xlink:type="arc" xlink:arcrole="http://www.xbrl.org/2003/arcrole/concept-label" xlink:from="LikelihoodOfUncollectibleOrDelinquentAccountsTextBlock" xlink:to="label_LikelihoodOfUncollectibleOrDelinquentAccountsTextBlock_2"/>
    <link:label xlink:type="resource" xlink:label="label_LikelihoodOfUncollectibleOrDelinquentAccountsTextBlock_3" xlink:role="http://www.xbrl.org/2003/role/verboseLabel" xml:lang="ja" id="label_LikelihoodOfUncollectibleOrDelinquentAccountsTextBlock_3">取立不能又は取立遅延債権のおそれ [テキストブロック]</link:label>
    <link:labelArc xlink:type="arc" xlink:arcrole="http://www.xbrl.org/2003/arcrole/concept-label" xlink:from="LikelihoodOfUncollectibleOrDelinquentAccountsTextBlock" xlink:to="label_LikelihoodOfUncollectibleOrDelinquentAccountsTextBlock_3"/>
    <link:loc xlink:type="locator" xlink:href="../jpcrp-esr_cor_2019-11-01.xsd#jpcrp-esr_cor_EventWithSignificantEffectsOnFinancialPositionBusinessPerformanceAndCashFlowsTextBlock" xlink:label="EventWithSignificantEffectsOnFinancialPositionBusinessPerformanceAndCashFlowsTextBlock"/>
    <link:label xlink:type="resource" xlink:label="label_EventWithSignificantEffectsOnFinancialPositionBusinessPerformanceAndCashFlowsTextBlock" xlink:role="http://www.xbrl.org/2003/role/documentation" xml:lang="ja" id="label_EventWithSignificantEffectsOnFinancialPositionBusinessPerformanceAndCashFlowsTextBlock">第19条第2項第12号</link:label>
    <link:labelArc xlink:type="arc" xlink:arcrole="http://www.xbrl.org/2003/arcrole/concept-label" xlink:from="EventWithSignificantEffectsOnFinancialPositionBusinessPerformanceAndCashFlowsTextBlock" xlink:to="label_EventWithSignificantEffectsOnFinancialPositionBusinessPerformanceAndCashFlowsTextBlock"/>
    <link:label xlink:type="resource" xlink:label="label_EventWithSignificantEffectsOnFinancialPositionBusinessPerformanceAndCashFlowsTextBlock_2" xlink:role="http://www.xbrl.org/2003/role/label" xml:lang="ja" id="label_EventWithSignificantEffectsOnFinancialPositionBusinessPerformanceAndCashFlowsTextBlock_2">財政状態、経営成績及びキャッシュ・フローの状況に著しい影響を与える事象</link:label>
    <link:labelArc xlink:type="arc" xlink:arcrole="http://www.xbrl.org/2003/arcrole/concept-label" xlink:from="EventWithSignificantEffectsOnFinancialPositionBusinessPerformanceAndCashFlowsTextBlock" xlink:to="label_EventWithSignificantEffectsOnFinancialPositionBusinessPerformanceAndCashFlowsTextBlock_2"/>
    <link:label xlink:type="resource" xlink:label="label_EventWithSignificantEffectsOnFinancialPositionBusinessPerformanceAndCashFlowsTextBlock_3" xlink:role="http://www.xbrl.org/2003/role/verboseLabel" xml:lang="ja" id="label_EventWithSignificantEffectsOnFinancialPositionBusinessPerformanceAndCashFlowsTextBlock_3">財政状態、経営成績及びキャッシュ・フローの状況に著しい影響を与える事象 [テキストブロック]</link:label>
    <link:labelArc xlink:type="arc" xlink:arcrole="http://www.xbrl.org/2003/arcrole/concept-label" xlink:from="EventWithSignificantEffectsOnFinancialPositionBusinessPerformanceAndCashFlowsTextBlock" xlink:to="label_EventWithSignificantEffectsOnFinancialPositionBusinessPerformanceAndCashFlowsTextBlock_3"/>
    <link:loc xlink:type="locator" xlink:href="../jpcrp-esr_cor_2019-11-01.xsd#jpcrp-esr_cor_SignificantDisasterAffectingConsolidatedSubsidiaryTextBlock" xlink:label="SignificantDisasterAffectingConsolidatedSubsidiaryTextBlock"/>
    <link:label xlink:type="resource" xlink:label="label_SignificantDisasterAffectingConsolidatedSubsidiaryTextBlock" xlink:role="http://www.xbrl.org/2003/role/documentation" xml:lang="ja" id="label_SignificantDisasterAffectingConsolidatedSubsidiaryTextBlock">第19条第2項第13号</link:label>
    <link:labelArc xlink:type="arc" xlink:arcrole="http://www.xbrl.org/2003/arcrole/concept-label" xlink:from="SignificantDisasterAffectingConsolidatedSubsidiaryTextBlock" xlink:to="label_SignificantDisasterAffectingConsolidatedSubsidiaryTextBlock"/>
    <link:label xlink:type="resource" xlink:label="label_SignificantDisasterAffectingConsolidatedSubsidiaryTextBlock_2" xlink:role="http://www.xbrl.org/2003/role/label" xml:lang="ja" id="label_SignificantDisasterAffectingConsolidatedSubsidiaryTextBlock_2">連結子会社に係る重要な災害の発生</link:label>
    <link:labelArc xlink:type="arc" xlink:arcrole="http://www.xbrl.org/2003/arcrole/concept-label" xlink:from="SignificantDisasterAffectingConsolidatedSubsidiaryTextBlock" xlink:to="label_SignificantDisasterAffectingConsolidatedSubsidiaryTextBlock_2"/>
    <link:label xlink:type="resource" xlink:label="label_SignificantDisasterAffectingConsolidatedSubsidiaryTextBlock_3" xlink:role="http://www.xbrl.org/2003/role/verboseLabel" xml:lang="ja" id="label_SignificantDisasterAffectingConsolidatedSubsidiaryTextBlock_3">連結子会社に係る重要な災害の発生 [テキストブロック]</link:label>
    <link:labelArc xlink:type="arc" xlink:arcrole="http://www.xbrl.org/2003/arcrole/concept-label" xlink:from="SignificantDisasterAffectingConsolidatedSubsidiaryTextBlock" xlink:to="label_SignificantDisasterAffectingConsolidatedSubsidiaryTextBlock_3"/>
    <link:loc xlink:type="locator" xlink:href="../jpcrp-esr_cor_2019-11-01.xsd#jpcrp-esr_cor_CommencementOrResolutionOfLitigationAgainstConsolidatedSubsidiaryTextBlock" xlink:label="CommencementOrResolutionOfLitigationAgainstConsolidatedSubsidiaryTextBlock"/>
    <link:label xlink:type="resource" xlink:label="label_CommencementOrResolutionOfLitigationAgainstConsolidatedSubsidiaryTextBlock" xlink:role="http://www.xbrl.org/2003/role/documentation" xml:lang="ja" id="label_CommencementOrResolutionOfLitigationAgainstConsolidatedSubsidiaryTextBlock">第19条第2項第14号</link:label>
    <link:labelArc xlink:type="arc" xlink:arcrole="http://www.xbrl.org/2003/arcrole/concept-label" xlink:from="CommencementOrResolutionOfLitigationAgainstConsolidatedSubsidiaryTextBlock" xlink:to="label_CommencementOrResolutionOfLitigationAgainstConsolidatedSubsidiaryTextBlock"/>
    <link:label xlink:type="resource" xlink:label="label_CommencementOrResolutionOfLitigationAgainstConsolidatedSubsidiaryTextBlock_2" xlink:role="http://www.xbrl.org/2003/role/label" xml:lang="ja" id="label_CommencementOrResolutionOfLitigationAgainstConsolidatedSubsidiaryTextBlock_2">連結子会社に対する訴訟の提起又は解決</link:label>
    <link:labelArc xlink:type="arc" xlink:arcrole="http://www.xbrl.org/2003/arcrole/concept-label" xlink:from="CommencementOrResolutionOfLitigationAgainstConsolidatedSubsidiaryTextBlock" xlink:to="label_CommencementOrResolutionOfLitigationAgainstConsolidatedSubsidiaryTextBlock_2"/>
    <link:label xlink:type="resource" xlink:label="label_CommencementOrResolutionOfLitigationAgainstConsolidatedSubsidiaryTextBlock_3" xlink:role="http://www.xbrl.org/2003/role/verboseLabel" xml:lang="ja" id="label_CommencementOrResolutionOfLitigationAgainstConsolidatedSubsidiaryTextBlock_3">連結子会社に対する訴訟の提起又は解決 [テキストブロック]</link:label>
    <link:labelArc xlink:type="arc" xlink:arcrole="http://www.xbrl.org/2003/arcrole/concept-label" xlink:from="CommencementOrResolutionOfLitigationAgainstConsolidatedSubsidiaryTextBlock" xlink:to="label_CommencementOrResolutionOfLitigationAgainstConsolidatedSubsidiaryTextBlock_3"/>
    <link:loc xlink:type="locator" xlink:href="../jpcrp-esr_cor_2019-11-01.xsd#jpcrp-esr_cor_DecisionOnShareExchangeOfConsolidatedSubsidiaryTextBlock" xlink:label="DecisionOnShareExchangeOfConsolidatedSubsidiaryTextBlock"/>
    <link:label xlink:type="resource" xlink:label="label_DecisionOnShareExchangeOfConsolidatedSubsidiaryTextBlock" xlink:role="http://www.xbrl.org/2003/role/documentation" xml:lang="ja" id="label_DecisionOnShareExchangeOfConsolidatedSubsidiaryTextBlock">第19条第2項第14号の2</link:label>
    <link:labelArc xlink:type="arc" xlink:arcrole="http://www.xbrl.org/2003/arcrole/concept-label" xlink:from="DecisionOnShareExchangeOfConsolidatedSubsidiaryTextBlock" xlink:to="label_DecisionOnShareExchangeOfConsolidatedSubsidiaryTextBlock"/>
    <link:label xlink:type="resource" xlink:label="label_DecisionOnShareExchangeOfConsolidatedSubsidiaryTextBlock_2" xlink:role="http://www.xbrl.org/2003/role/label" xml:lang="ja" id="label_DecisionOnShareExchangeOfConsolidatedSubsidiaryTextBlock_2">連結子会社の株式交換の決定</link:label>
    <link:labelArc xlink:type="arc" xlink:arcrole="http://www.xbrl.org/2003/arcrole/concept-label" xlink:from="DecisionOnShareExchangeOfConsolidatedSubsidiaryTextBlock" xlink:to="label_DecisionOnShareExchangeOfConsolidatedSubsidiaryTextBlock_2"/>
    <link:label xlink:type="resource" xlink:label="label_DecisionOnShareExchangeOfConsolidatedSubsidiaryTextBlock_3" xlink:role="http://www.xbrl.org/2003/role/verboseLabel" xml:lang="ja" id="label_DecisionOnShareExchangeOfConsolidatedSubsidiaryTextBlock_3">連結子会社の株式交換の決定 [テキストブロック]</link:label>
    <link:labelArc xlink:type="arc" xlink:arcrole="http://www.xbrl.org/2003/arcrole/concept-label" xlink:from="DecisionOnShareExchangeOfConsolidatedSubsidiaryTextBlock" xlink:to="label_DecisionOnShareExchangeOfConsolidatedSubsidiaryTextBlock_3"/>
    <link:loc xlink:type="locator" xlink:href="../jpcrp-esr_cor_2019-11-01.xsd#jpcrp-esr_cor_DecisionOnShareTransferOfConsolidatedSubsidiaryTextBlock" xlink:label="DecisionOnShareTransferOfConsolidatedSubsidiaryTextBlock"/>
    <link:label xlink:type="resource" xlink:label="label_DecisionOnShareTransferOfConsolidatedSubsidiaryTextBlock" xlink:role="http://www.xbrl.org/2003/role/documentation" xml:lang="ja" id="label_DecisionOnShareTransferOfConsolidatedSubsidiaryTextBlock">第19条第2項第14号の3</link:label>
    <link:labelArc xlink:type="arc" xlink:arcrole="http://www.xbrl.org/2003/arcrole/concept-label" xlink:from="DecisionOnShareTransferOfConsolidatedSubsidiaryTextBlock" xlink:to="label_DecisionOnShareTransferOfConsolidatedSubsidiaryTextBlock"/>
    <link:label xlink:type="resource" xlink:label="label_DecisionOnShareTransferOfConsolidatedSubsidiaryTextBlock_2" xlink:role="http://www.xbrl.org/2003/role/label" xml:lang="ja" id="label_DecisionOnShareTransferOfConsolidatedSubsidiaryTextBlock_2">連結子会社の株式移転の決定</link:label>
    <link:labelArc xlink:type="arc" xlink:arcrole="http://www.xbrl.org/2003/arcrole/concept-label" xlink:from="DecisionOnShareTransferOfConsolidatedSubsidiaryTextBlock" xlink:to="label_DecisionOnShareTransferOfConsolidatedSubsidiaryTextBlock_2"/>
    <link:label xlink:type="resource" xlink:label="label_DecisionOnShareTransferOfConsolidatedSubsidiaryTextBlock_3" xlink:role="http://www.xbrl.org/2003/role/verboseLabel" xml:lang="ja" id="label_DecisionOnShareTransferOfConsolidatedSubsidiaryTextBlock_3">連結子会社の株式移転の決定 [テキストブロック]</link:label>
    <link:labelArc xlink:type="arc" xlink:arcrole="http://www.xbrl.org/2003/arcrole/concept-label" xlink:from="DecisionOnShareTransferOfConsolidatedSubsidiaryTextBlock" xlink:to="label_DecisionOnShareTransferOfConsolidatedSubsidiaryTextBlock_3"/>
    <link:loc xlink:type="locator" xlink:href="../jpcrp-esr_cor_2019-11-01.xsd#jpcrp-esr_cor_DecisionOnAbsorptionTypeSplitOfConsolidatedSubsidiaryTextBlock" xlink:label="DecisionOnAbsorptionTypeSplitOfConsolidatedSubsidiaryTextBlock"/>
    <link:label xlink:type="resource" xlink:label="label_DecisionOnAbsorptionTypeSplitOfConsolidatedSubsidiaryTextBlock" xlink:role="http://www.xbrl.org/2003/role/documentation" xml:lang="ja" id="label_DecisionOnAbsorptionTypeSplitOfConsolidatedSubsidiaryTextBlock">第19条第2項第15号</link:label>
    <link:labelArc xlink:type="arc" xlink:arcrole="http://www.xbrl.org/2003/arcrole/concept-label" xlink:from="DecisionOnAbsorptionTypeSplitOfConsolidatedSubsidiaryTextBlock" xlink:to="label_DecisionOnAbsorptionTypeSplitOfConsolidatedSubsidiaryTextBlock"/>
    <link:label xlink:type="resource" xlink:label="label_DecisionOnAbsorptionTypeSplitOfConsolidatedSubsidiaryTextBlock_2" xlink:role="http://www.xbrl.org/2003/role/label" xml:lang="ja" id="label_DecisionOnAbsorptionTypeSplitOfConsolidatedSubsidiaryTextBlock_2">連結子会社の吸収分割の決定</link:label>
    <link:labelArc xlink:type="arc" xlink:arcrole="http://www.xbrl.org/2003/arcrole/concept-label" xlink:from="DecisionOnAbsorptionTypeSplitOfConsolidatedSubsidiaryTextBlock" xlink:to="label_DecisionOnAbsorptionTypeSplitOfConsolidatedSubsidiaryTextBlock_2"/>
    <link:label xlink:type="resource" xlink:label="label_DecisionOnAbsorptionTypeSplitOfConsolidatedSubsidiaryTextBlock_3" xlink:role="http://www.xbrl.org/2003/role/verboseLabel" xml:lang="ja" id="label_DecisionOnAbsorptionTypeSplitOfConsolidatedSubsidiaryTextBlock_3">連結子会社の吸収分割の決定 [テキストブロック]</link:label>
    <link:labelArc xlink:type="arc" xlink:arcrole="http://www.xbrl.org/2003/arcrole/concept-label" xlink:from="DecisionOnAbsorptionTypeSplitOfConsolidatedSubsidiaryTextBlock" xlink:to="label_DecisionOnAbsorptionTypeSplitOfConsolidatedSubsidiaryTextBlock_3"/>
    <link:loc xlink:type="locator" xlink:href="../jpcrp-esr_cor_2019-11-01.xsd#jpcrp-esr_cor_DecisionOnIncorporationTypeSplitOfConsolidatedSubsidiaryTextBlock" xlink:label="DecisionOnIncorporationTypeSplitOfConsolidatedSubsidiaryTextBlock"/>
    <link:label xlink:type="resource" xlink:label="label_DecisionOnIncorporationTypeSplitOfConsolidatedSubsidiaryTextBlock" xlink:role="http://www.xbrl.org/2003/role/documentation" xml:lang="ja" id="label_DecisionOnIncorporationTypeSplitOfConsolidatedSubsidiaryTextBlock">第19条第2項第15号の2</link:label>
    <link:labelArc xlink:type="arc" xlink:arcrole="http://www.xbrl.org/2003/arcrole/concept-label" xlink:from="DecisionOnIncorporationTypeSplitOfConsolidatedSubsidiaryTextBlock" xlink:to="label_DecisionOnIncorporationTypeSplitOfConsolidatedSubsidiaryTextBlock"/>
    <link:label xlink:type="resource" xlink:label="label_DecisionOnIncorporationTypeSplitOfConsolidatedSubsidiaryTextBlock_2" xlink:role="http://www.xbrl.org/2003/role/label" xml:lang="ja" id="label_DecisionOnIncorporationTypeSplitOfConsolidatedSubsidiaryTextBlock_2">連結子会社の新設分割の決定</link:label>
    <link:labelArc xlink:type="arc" xlink:arcrole="http://www.xbrl.org/2003/arcrole/concept-label" xlink:from="DecisionOnIncorporationTypeSplitOfConsolidatedSubsidiaryTextBlock" xlink:to="label_DecisionOnIncorporationTypeSplitOfConsolidatedSubsidiaryTextBlock_2"/>
    <link:label xlink:type="resource" xlink:label="label_DecisionOnIncorporationTypeSplitOfConsolidatedSubsidiaryTextBlock_3" xlink:role="http://www.xbrl.org/2003/role/verboseLabel" xml:lang="ja" id="label_DecisionOnIncorporationTypeSplitOfConsolidatedSubsidiaryTextBlock_3">連結子会社の新設分割の決定 [テキストブロック]</link:label>
    <link:labelArc xlink:type="arc" xlink:arcrole="http://www.xbrl.org/2003/arcrole/concept-label" xlink:from="DecisionOnIncorporationTypeSplitOfConsolidatedSubsidiaryTextBlock" xlink:to="label_DecisionOnIncorporationTypeSplitOfConsolidatedSubsidiaryTextBlock_3"/>
    <link:loc xlink:type="locator" xlink:href="../jpcrp-esr_cor_2019-11-01.xsd#jpcrp-esr_cor_DecisionOnAbsorptionTypeMergerOfConsolidatedSubsidiaryTextBlock" xlink:label="DecisionOnAbsorptionTypeMergerOfConsolidatedSubsidiaryTextBlock"/>
    <link:label xlink:type="resource" xlink:label="label_DecisionOnAbsorptionTypeMergerOfConsolidatedSubsidiaryTextBlock" xlink:role="http://www.xbrl.org/2003/role/documentation" xml:lang="ja" id="label_DecisionOnAbsorptionTypeMergerOfConsolidatedSubsidiaryTextBlock">第19条第2項第15号の3</link:label>
    <link:labelArc xlink:type="arc" xlink:arcrole="http://www.xbrl.org/2003/arcrole/concept-label" xlink:from="DecisionOnAbsorptionTypeMergerOfConsolidatedSubsidiaryTextBlock" xlink:to="label_DecisionOnAbsorptionTypeMergerOfConsolidatedSubsidiaryTextBlock"/>
    <link:label xlink:type="resource" xlink:label="label_DecisionOnAbsorptionTypeMergerOfConsolidatedSubsidiaryTextBlock_2" xlink:role="http://www.xbrl.org/2003/role/label" xml:lang="ja" id="label_DecisionOnAbsorptionTypeMergerOfConsolidatedSubsidiaryTextBlock_2">連結子会社の吸収合併の決定</link:label>
    <link:labelArc xlink:type="arc" xlink:arcrole="http://www.xbrl.org/2003/arcrole/concept-label" xlink:from="DecisionOnAbsorptionTypeMergerOfConsolidatedSubsidiaryTextBlock" xlink:to="label_DecisionOnAbsorptionTypeMergerOfConsolidatedSubsidiaryTextBlock_2"/>
    <link:label xlink:type="resource" xlink:label="label_DecisionOnAbsorptionTypeMergerOfConsolidatedSubsidiaryTextBlock_3" xlink:role="http://www.xbrl.org/2003/role/verboseLabel" xml:lang="ja" id="label_DecisionOnAbsorptionTypeMergerOfConsolidatedSubsidiaryTextBlock_3">連結子会社の吸収合併の決定 [テキストブロック]</link:label>
    <link:labelArc xlink:type="arc" xlink:arcrole="http://www.xbrl.org/2003/arcrole/concept-label" xlink:from="DecisionOnAbsorptionTypeMergerOfConsolidatedSubsidiaryTextBlock" xlink:to="label_DecisionOnAbsorptionTypeMergerOfConsolidatedSubsidiaryTextBlock_3"/>
    <link:loc xlink:type="locator" xlink:href="../jpcrp-esr_cor_2019-11-01.xsd#jpcrp-esr_cor_DecisionOnConsolidationTypeMergerOfConsolidatedSubsidiaryTextBlock" xlink:label="DecisionOnConsolidationTypeMergerOfConsolidatedSubsidiaryTextBlock"/>
    <link:label xlink:type="resource" xlink:label="label_DecisionOnConsolidationTypeMergerOfConsolidatedSubsidiaryTextBlock" xlink:role="http://www.xbrl.org/2003/role/documentation" xml:lang="ja" id="label_DecisionOnConsolidationTypeMergerOfConsolidatedSubsidiaryTextBlock">第19条第2項第15号の4</link:label>
    <link:labelArc xlink:type="arc" xlink:arcrole="http://www.xbrl.org/2003/arcrole/concept-label" xlink:from="DecisionOnConsolidationTypeMergerOfConsolidatedSubsidiaryTextBlock" xlink:to="label_DecisionOnConsolidationTypeMergerOfConsolidatedSubsidiaryTextBlock"/>
    <link:label xlink:type="resource" xlink:label="label_DecisionOnConsolidationTypeMergerOfConsolidatedSubsidiaryTextBlock_2" xlink:role="http://www.xbrl.org/2003/role/label" xml:lang="ja" id="label_DecisionOnConsolidationTypeMergerOfConsolidatedSubsidiaryTextBlock_2">連結子会社の新設合併の決定</link:label>
    <link:labelArc xlink:type="arc" xlink:arcrole="http://www.xbrl.org/2003/arcrole/concept-label" xlink:from="DecisionOnConsolidationTypeMergerOfConsolidatedSubsidiaryTextBlock" xlink:to="label_DecisionOnConsolidationTypeMergerOfConsolidatedSubsidiaryTextBlock_2"/>
    <link:label xlink:type="resource" xlink:label="label_DecisionOnConsolidationTypeMergerOfConsolidatedSubsidiaryTextBlock_3" xlink:role="http://www.xbrl.org/2003/role/verboseLabel" xml:lang="ja" id="label_DecisionOnConsolidationTypeMergerOfConsolidatedSubsidiaryTextBlock_3">連結子会社の新設合併の決定 [テキストブロック]</link:label>
    <link:labelArc xlink:type="arc" xlink:arcrole="http://www.xbrl.org/2003/arcrole/concept-label" xlink:from="DecisionOnConsolidationTypeMergerOfConsolidatedSubsidiaryTextBlock" xlink:to="label_DecisionOnConsolidationTypeMergerOfConsolidatedSubsidiaryTextBlock_3"/>
    <link:loc xlink:type="locator" xlink:href="../jpcrp-esr_cor_2019-11-01.xsd#jpcrp-esr_cor_DecisionOnTransferOrAcquisitionOfBusinessOfConsolidatedSubsidiaryTextBlock" xlink:label="DecisionOnTransferOrAcquisitionOfBusinessOfConsolidatedSubsidiaryTextBlock"/>
    <link:label xlink:type="resource" xlink:label="label_DecisionOnTransferOrAcquisitionOfBusinessOfConsolidatedSubsidiaryTextBlock" xlink:role="http://www.xbrl.org/2003/role/documentation" xml:lang="ja" id="label_DecisionOnTransferOrAcquisitionOfBusinessOfConsolidatedSubsidiaryTextBlock">第19条第2項第16号</link:label>
    <link:labelArc xlink:type="arc" xlink:arcrole="http://www.xbrl.org/2003/arcrole/concept-label" xlink:from="DecisionOnTransferOrAcquisitionOfBusinessOfConsolidatedSubsidiaryTextBlock" xlink:to="label_DecisionOnTransferOrAcquisitionOfBusinessOfConsolidatedSubsidiaryTextBlock"/>
    <link:label xlink:type="resource" xlink:label="label_DecisionOnTransferOrAcquisitionOfBusinessOfConsolidatedSubsidiaryTextBlock_2" xlink:role="http://www.xbrl.org/2003/role/label" xml:lang="ja" id="label_DecisionOnTransferOrAcquisitionOfBusinessOfConsolidatedSubsidiaryTextBlock_2">連結子会社の事業の譲渡又は譲受けの決定</link:label>
    <link:labelArc xlink:type="arc" xlink:arcrole="http://www.xbrl.org/2003/arcrole/concept-label" xlink:from="DecisionOnTransferOrAcquisitionOfBusinessOfConsolidatedSubsidiaryTextBlock" xlink:to="label_DecisionOnTransferOrAcquisitionOfBusinessOfConsolidatedSubsidiaryTextBlock_2"/>
    <link:label xlink:type="resource" xlink:label="label_DecisionOnTransferOrAcquisitionOfBusinessOfConsolidatedSubsidiaryTextBlock_3" xlink:role="http://www.xbrl.org/2003/role/verboseLabel" xml:lang="ja" id="label_DecisionOnTransferOrAcquisitionOfBusinessOfConsolidatedSubsidiaryTextBlock_3">連結子会社の事業の譲渡又は譲受けの決定 [テキストブロック]</link:label>
    <link:labelArc xlink:type="arc" xlink:arcrole="http://www.xbrl.org/2003/arcrole/concept-label" xlink:from="DecisionOnTransferOrAcquisitionOfBusinessOfConsolidatedSubsidiaryTextBlock" xlink:to="label_DecisionOnTransferOrAcquisitionOfBusinessOfConsolidatedSubsidiaryTextBlock_3"/>
    <link:loc xlink:type="locator" xlink:href="../jpcrp-esr_cor_2019-11-01.xsd#jpcrp-esr_cor_DecisionOnAcquisitionOfSubsidiaryByConsolidatedSubsidiaryTextBlock" xlink:label="DecisionOnAcquisitionOfSubsidiaryByConsolidatedSubsidiaryTextBlock"/>
    <link:label xlink:type="resource" xlink:label="label_DecisionOnAcquisitionOfSubsidiaryByConsolidatedSubsidiaryTextBlock" xlink:role="http://www.xbrl.org/2003/role/documentation" xml:lang="ja" id="label_DecisionOnAcquisitionOfSubsidiaryByConsolidatedSubsidiaryTextBlock">第19条第2項第16号の2</link:label>
    <link:labelArc xlink:type="arc" xlink:arcrole="http://www.xbrl.org/2003/arcrole/concept-label" xlink:from="DecisionOnAcquisitionOfSubsidiaryByConsolidatedSubsidiaryTextBlock" xlink:to="label_DecisionOnAcquisitionOfSubsidiaryByConsolidatedSubsidiaryTextBlock"/>
    <link:label xlink:type="resource" xlink:label="label_DecisionOnAcquisitionOfSubsidiaryByConsolidatedSubsidiaryTextBlock_2" xlink:role="http://www.xbrl.org/2003/role/label" xml:lang="ja" id="label_DecisionOnAcquisitionOfSubsidiaryByConsolidatedSubsidiaryTextBlock_2">連結子会社による子会社取得の決定</link:label>
    <link:labelArc xlink:type="arc" xlink:arcrole="http://www.xbrl.org/2003/arcrole/concept-label" xlink:from="DecisionOnAcquisitionOfSubsidiaryByConsolidatedSubsidiaryTextBlock" xlink:to="label_DecisionOnAcquisitionOfSubsidiaryByConsolidatedSubsidiaryTextBlock_2"/>
    <link:label xlink:type="resource" xlink:label="label_DecisionOnAcquisitionOfSubsidiaryByConsolidatedSubsidiaryTextBlock_3" xlink:role="http://www.xbrl.org/2003/role/verboseLabel" xml:lang="ja" id="label_DecisionOnAcquisitionOfSubsidiaryByConsolidatedSubsidiaryTextBlock_3">連結子会社による子会社取得の決定 [テキストブロック]</link:label>
    <link:labelArc xlink:type="arc" xlink:arcrole="http://www.xbrl.org/2003/arcrole/concept-label" xlink:from="DecisionOnAcquisitionOfSubsidiaryByConsolidatedSubsidiaryTextBlock" xlink:to="label_DecisionOnAcquisitionOfSubsidiaryByConsolidatedSubsidiaryTextBlock_3"/>
    <link:loc xlink:type="locator" xlink:href="../jpcrp-esr_cor_2019-11-01.xsd#jpcrp-esr_cor_PetitionForCommencementOfBankruptcyProceedingsAgainstConsolidatedSubsidiaryTextBlock" xlink:label="PetitionForCommencementOfBankruptcyProceedingsAgainstConsolidatedSubsidiaryTextBlock"/>
    <link:label xlink:type="resource" xlink:label="label_PetitionForCommencementOfBankruptcyProceedingsAgainstConsolidatedSubsidiaryTextBlock" xlink:role="http://www.xbrl.org/2003/role/documentation" xml:lang="ja" id="label_PetitionForCommencementOfBankruptcyProceedingsAgainstConsolidatedSubsidiaryTextBlock">第19条第2項第17号</link:label>
    <link:labelArc xlink:type="arc" xlink:arcrole="http://www.xbrl.org/2003/arcrole/concept-label" xlink:from="PetitionForCommencementOfBankruptcyProceedingsAgainstConsolidatedSubsidiaryTextBlock" xlink:to="label_PetitionForCommencementOfBankruptcyProceedingsAgainstConsolidatedSubsidiaryTextBlock"/>
    <link:label xlink:type="resource" xlink:label="label_PetitionForCommencementOfBankruptcyProceedingsAgainstConsolidatedSubsidiaryTextBlock_2" xlink:role="http://www.xbrl.org/2003/role/label" xml:lang="ja" id="label_PetitionForCommencementOfBankruptcyProceedingsAgainstConsolidatedSubsidiaryTextBlock_2">連結子会社に係る破産手続開始の申立て等</link:label>
    <link:labelArc xlink:type="arc" xlink:arcrole="http://www.xbrl.org/2003/arcrole/concept-label" xlink:from="PetitionForCommencementOfBankruptcyProceedingsAgainstConsolidatedSubsidiaryTextBlock" xlink:to="label_PetitionForCommencementOfBankruptcyProceedingsAgainstConsolidatedSubsidiaryTextBlock_2"/>
    <link:label xlink:type="resource" xlink:label="label_PetitionForCommencementOfBankruptcyProceedingsAgainstConsolidatedSubsidiaryTextBlock_3" xlink:role="http://www.xbrl.org/2003/role/verboseLabel" xml:lang="ja" id="label_PetitionForCommencementOfBankruptcyProceedingsAgainstConsolidatedSubsidiaryTextBlock_3">連結子会社に係る破産手続開始の申立て等 [テキストブロック]</link:label>
    <link:labelArc xlink:type="arc" xlink:arcrole="http://www.xbrl.org/2003/arcrole/concept-label" xlink:from="PetitionForCommencementOfBankruptcyProceedingsAgainstConsolidatedSubsidiaryTextBlock" xlink:to="label_PetitionForCommencementOfBankruptcyProceedingsAgainstConsolidatedSubsidiaryTextBlock_3"/>
    <link:loc xlink:type="locator" xlink:href="../jpcrp-esr_cor_2019-11-01.xsd#jpcrp-esr_cor_LikelihoodOfUncollectibleOrDelinquentAccountsOfConsolidatedSubsidiaryTextBlock" xlink:label="LikelihoodOfUncollectibleOrDelinquentAccountsOfConsolidatedSubsidiaryTextBlock"/>
    <link:label xlink:type="resource" xlink:label="label_LikelihoodOfUncollectibleOrDelinquentAccountsOfConsolidatedSubsidiaryTextBlock" xlink:role="http://www.xbrl.org/2003/role/documentation" xml:lang="ja" id="label_LikelihoodOfUncollectibleOrDelinquentAccountsOfConsolidatedSubsidiaryTextBlock">第19条第2項第18号</link:label>
    <link:labelArc xlink:type="arc" xlink:arcrole="http://www.xbrl.org/2003/arcrole/concept-label" xlink:from="LikelihoodOfUncollectibleOrDelinquentAccountsOfConsolidatedSubsidiaryTextBlock" xlink:to="label_LikelihoodOfUncollectibleOrDelinquentAccountsOfConsolidatedSubsidiaryTextBlock"/>
    <link:label xlink:type="resource" xlink:label="label_LikelihoodOfUncollectibleOrDelinquentAccountsOfConsolidatedSubsidiaryTextBlock_2" xlink:role="http://www.xbrl.org/2003/role/label" xml:lang="ja" id="label_LikelihoodOfUncollectibleOrDelinquentAccountsOfConsolidatedSubsidiaryTextBlock_2">連結子会社に係る取立不能又は取立遅延債権のおそれ</link:label>
    <link:labelArc xlink:type="arc" xlink:arcrole="http://www.xbrl.org/2003/arcrole/concept-label" xlink:from="LikelihoodOfUncollectibleOrDelinquentAccountsOfConsolidatedSubsidiaryTextBlock" xlink:to="label_LikelihoodOfUncollectibleOrDelinquentAccountsOfConsolidatedSubsidiaryTextBlock_2"/>
    <link:label xlink:type="resource" xlink:label="label_LikelihoodOfUncollectibleOrDelinquentAccountsOfConsolidatedSubsidiaryTextBlock_3" xlink:role="http://www.xbrl.org/2003/role/verboseLabel" xml:lang="ja" id="label_LikelihoodOfUncollectibleOrDelinquentAccountsOfConsolidatedSubsidiaryTextBlock_3">連結子会社に係る取立不能又は取立遅延債権のおそれ [テキストブロック]</link:label>
    <link:labelArc xlink:type="arc" xlink:arcrole="http://www.xbrl.org/2003/arcrole/concept-label" xlink:from="LikelihoodOfUncollectibleOrDelinquentAccountsOfConsolidatedSubsidiaryTextBlock" xlink:to="label_LikelihoodOfUncollectibleOrDelinquentAccountsOfConsolidatedSubsidiaryTextBlock_3"/>
    <link:loc xlink:type="locator" xlink:href="../jpcrp-esr_cor_2019-11-01.xsd#jpcrp-esr_cor_EventWithSignificantEffectsOnFinancialPositionBusinessPerformanceAndCashFlowsOfGroupTextBlock" xlink:label="EventWithSignificantEffectsOnFinancialPositionBusinessPerformanceAndCashFlowsOfGroupTextBlock"/>
    <link:label xlink:type="resource" xlink:label="label_EventWithSignificantEffectsOnFinancialPositionBusinessPerformanceAndCashFlowsOfGroupTextBlock" xlink:role="http://www.xbrl.org/2003/role/documentation" xml:lang="ja" id="label_EventWithSignificantEffectsOnFinancialPositionBusinessPerformanceAndCashFlowsOfGroupTextBlock">第19条第2項第19号</link:label>
    <link:labelArc xlink:type="arc" xlink:arcrole="http://www.xbrl.org/2003/arcrole/concept-label" xlink:from="EventWithSignificantEffectsOnFinancialPositionBusinessPerformanceAndCashFlowsOfGroupTextBlock" xlink:to="label_EventWithSignificantEffectsOnFinancialPositionBusinessPerformanceAndCashFlowsOfGroupTextBlock"/>
    <link:label xlink:type="resource" xlink:label="label_EventWithSignificantEffectsOnFinancialPositionBusinessPerformanceAndCashFlowsOfGroupTextBlock_2" xlink:role="http://www.xbrl.org/2003/role/label" xml:lang="ja" id="label_EventWithSignificantEffectsOnFinancialPositionBusinessPerformanceAndCashFlowsOfGroupTextBlock_2">連結会社の財政状態、経営成績及びキャッシュ・フローの状況に著しい影響を与える事象</link:label>
    <link:labelArc xlink:type="arc" xlink:arcrole="http://www.xbrl.org/2003/arcrole/concept-label" xlink:from="EventWithSignificantEffectsOnFinancialPositionBusinessPerformanceAndCashFlowsOfGroupTextBlock" xlink:to="label_EventWithSignificantEffectsOnFinancialPositionBusinessPerformanceAndCashFlowsOfGroupTextBlock_2"/>
    <link:label xlink:type="resource" xlink:label="label_EventWithSignificantEffectsOnFinancialPositionBusinessPerformanceAndCashFlowsOfGroupTextBlock_3" xlink:role="http://www.xbrl.org/2003/role/verboseLabel" xml:lang="ja" id="label_EventWithSignificantEffectsOnFinancialPositionBusinessPerformanceAndCashFlowsOfGroupTextBlock_3">連結会社の財政状態、経営成績及びキャッシュ・フローの状況に著しい影響を与える事象 [テキストブロック]</link:label>
    <link:labelArc xlink:type="arc" xlink:arcrole="http://www.xbrl.org/2003/arcrole/concept-label" xlink:from="EventWithSignificantEffectsOnFinancialPositionBusinessPerformanceAndCashFlowsOfGroupTextBlock" xlink:to="label_EventWithSignificantEffectsOnFinancialPositionBusinessPerformanceAndCashFlowsOfGroupTextBlock_3"/>
    <link:loc xlink:type="locator" xlink:href="../jpcrp-esr_cor_2019-11-01.xsd#jpcrp-esr_cor_NewMattersOrChangesInPublicOfferingInformationThroughToLastDayBeforeIPOTextBlock" xlink:label="NewMattersOrChangesInPublicOfferingInformationThroughToLastDayBeforeIPOTextBlock"/>
    <link:label xlink:type="resource" xlink:label="label_NewMattersOrChangesInPublicOfferingInformationThroughToLastDayBeforeIPOTextBlock" xlink:role="http://www.xbrl.org/2003/role/documentation" xml:lang="ja" id="label_NewMattersOrChangesInPublicOfferingInformationThroughToLastDayBeforeIPOTextBlock">第19条の2</link:label>
    <link:labelArc xlink:type="arc" xlink:arcrole="http://www.xbrl.org/2003/arcrole/concept-label" xlink:from="NewMattersOrChangesInPublicOfferingInformationThroughToLastDayBeforeIPOTextBlock" xlink:to="label_NewMattersOrChangesInPublicOfferingInformationThroughToLastDayBeforeIPOTextBlock"/>
    <link:label xlink:type="resource" xlink:label="label_NewMattersOrChangesInPublicOfferingInformationThroughToLastDayBeforeIPOTextBlock_2" xlink:role="http://www.xbrl.org/2003/role/label" xml:lang="ja" id="label_NewMattersOrChangesInPublicOfferingInformationThroughToLastDayBeforeIPOTextBlock_2">新規上場等の前日までにおける株式公開情報の発生又は変更</link:label>
    <link:labelArc xlink:type="arc" xlink:arcrole="http://www.xbrl.org/2003/arcrole/concept-label" xlink:from="NewMattersOrChangesInPublicOfferingInformationThroughToLastDayBeforeIPOTextBlock" xlink:to="label_NewMattersOrChangesInPublicOfferingInformationThroughToLastDayBeforeIPOTextBlock_2"/>
    <link:label xlink:type="resource" xlink:label="label_NewMattersOrChangesInPublicOfferingInformationThroughToLastDayBeforeIPOTextBlock_3" xlink:role="http://www.xbrl.org/2003/role/verboseLabel" xml:lang="ja" id="label_NewMattersOrChangesInPublicOfferingInformationThroughToLastDayBeforeIPOTextBlock_3">新規上場等の前日までにおける株式公開情報の発生又は変更 [テキストブロック]</link:label>
    <link:labelArc xlink:type="arc" xlink:arcrole="http://www.xbrl.org/2003/arcrole/concept-label" xlink:from="NewMattersOrChangesInPublicOfferingInformationThroughToLastDayBeforeIPOTextBlock" xlink:to="label_NewMattersOrChangesInPublicOfferingInformationThroughToLastDayBeforeIPOTextBlock_3"/>
    <link:loc xlink:type="locator" xlink:href="../jpcrp-esr_cor_2019-11-01.xsd#jpcrp-esr_cor_DocumentTitleCoverPage" xlink:label="DocumentTitleCoverPage"/>
    <link:label xlink:type="resource" xlink:label="label_DocumentTitleCoverPage" xlink:role="http://www.xbrl.org/2003/role/label" xml:lang="ja" id="label_DocumentTitleCoverPage">提出書類</link:label>
    <link:labelArc xlink:type="arc" xlink:arcrole="http://www.xbrl.org/2003/arcrole/concept-label" xlink:from="DocumentTitleCoverPage" xlink:to="label_DocumentTitleCoverPage"/>
    <link:label xlink:type="resource" xlink:label="label_DocumentTitleCoverPage_2" xlink:role="http://www.xbrl.org/2003/role/verboseLabel" xml:lang="ja" id="label_DocumentTitleCoverPage_2">提出書類、表紙</link:label>
    <link:labelArc xlink:type="arc" xlink:arcrole="http://www.xbrl.org/2003/arcrole/concept-label" xlink:from="DocumentTitleCoverPage" xlink:to="label_DocumentTitleCoverPage_2"/>
    <link:loc xlink:type="locator" xlink:href="../jpcrp-esr_cor_2019-11-01.xsd#jpcrp-esr_cor_PlaceOfFilingCoverPage" xlink:label="PlaceOfFilingCoverPage"/>
    <link:label xlink:type="resource" xlink:label="label_PlaceOfFilingCoverPage" xlink:role="http://www.xbrl.org/2003/role/label" xml:lang="ja" id="label_PlaceOfFilingCoverPage">提出先</link:label>
    <link:labelArc xlink:type="arc" xlink:arcrole="http://www.xbrl.org/2003/arcrole/concept-label" xlink:from="PlaceOfFilingCoverPage" xlink:to="label_PlaceOfFilingCoverPage"/>
    <link:label xlink:type="resource" xlink:label="label_PlaceOfFilingCoverPage_2" xlink:role="http://www.xbrl.org/2003/role/verboseLabel" xml:lang="ja" id="label_PlaceOfFilingCoverPage_2">提出先、表紙</link:label>
    <link:labelArc xlink:type="arc" xlink:arcrole="http://www.xbrl.org/2003/arcrole/concept-label" xlink:from="PlaceOfFilingCoverPage" xlink:to="label_PlaceOfFilingCoverPage_2"/>
    <link:loc xlink:type="locator" xlink:href="../jpcrp-esr_cor_2019-11-01.xsd#jpcrp-esr_cor_FilingDateCoverPage" xlink:label="FilingDateCoverPage"/>
    <link:label xlink:type="resource" xlink:label="label_FilingDateCoverPage" xlink:role="http://www.xbrl.org/2003/role/label" xml:lang="ja" id="label_FilingDateCoverPage">提出日</link:label>
    <link:labelArc xlink:type="arc" xlink:arcrole="http://www.xbrl.org/2003/arcrole/concept-label" xlink:from="FilingDateCoverPage" xlink:to="label_FilingDateCoverPage"/>
    <link:label xlink:type="resource" xlink:label="label_FilingDateCoverPage_2" xlink:role="http://www.xbrl.org/2003/role/verboseLabel" xml:lang="ja" id="label_FilingDateCoverPage_2">提出日、表紙</link:label>
    <link:labelArc xlink:type="arc" xlink:arcrole="http://www.xbrl.org/2003/arcrole/concept-label" xlink:from="FilingDateCoverPage" xlink:to="label_FilingDateCoverPage_2"/>
    <link:loc xlink:type="locator" xlink:href="../jpcrp-esr_cor_2019-11-01.xsd#jpcrp-esr_cor_CompanyNameCoverPage" xlink:label="CompanyNameCoverPage"/>
    <link:label xlink:type="resource" xlink:label="label_CompanyNameCoverPage" xlink:role="http://www.xbrl.org/2003/role/label" xml:lang="ja" id="label_CompanyNameCoverPage">会社名</link:label>
    <link:labelArc xlink:type="arc" xlink:arcrole="http://www.xbrl.org/2003/arcrole/concept-label" xlink:from="CompanyNameCoverPage" xlink:to="label_CompanyNameCoverPage"/>
    <link:label xlink:type="resource" xlink:label="label_CompanyNameCoverPage_2" xlink:role="http://www.xbrl.org/2003/role/verboseLabel" xml:lang="ja" id="label_CompanyNameCoverPage_2">会社名、表紙</link:label>
    <link:labelArc xlink:type="arc" xlink:arcrole="http://www.xbrl.org/2003/arcrole/concept-label" xlink:from="CompanyNameCoverPage" xlink:to="label_CompanyNameCoverPage_2"/>
    <link:loc xlink:type="locator" xlink:href="../jpcrp-esr_cor_2019-11-01.xsd#jpcrp-esr_cor_CompanyNameInEnglishCoverPage" xlink:label="CompanyNameInEnglishCoverPage"/>
    <link:label xlink:type="resource" xlink:label="label_CompanyNameInEnglishCoverPage" xlink:role="http://www.xbrl.org/2003/role/label" xml:lang="ja" id="label_CompanyNameInEnglishCoverPage">英訳名</link:label>
    <link:labelArc xlink:type="arc" xlink:arcrole="http://www.xbrl.org/2003/arcrole/concept-label" xlink:from="CompanyNameInEnglishCoverPage" xlink:to="label_CompanyNameInEnglishCoverPage"/>
    <link:label xlink:type="resource" xlink:label="label_CompanyNameInEnglishCoverPage_2" xlink:role="http://www.xbrl.org/2003/role/verboseLabel" xml:lang="ja" id="label_CompanyNameInEnglishCoverPage_2">英訳名、表紙</link:label>
    <link:labelArc xlink:type="arc" xlink:arcrole="http://www.xbrl.org/2003/arcrole/concept-label" xlink:from="CompanyNameInEnglishCoverPage" xlink:to="label_CompanyNameInEnglishCoverPage_2"/>
    <link:loc xlink:type="locator" xlink:href="../jpcrp-esr_cor_2019-11-01.xsd#jpcrp-esr_cor_TitleAndNameOfRepresentativeCoverPage" xlink:label="TitleAndNameOfRepresentativeCoverPage"/>
    <link:label xlink:type="resource" xlink:label="label_TitleAndNameOfRepresentativeCoverPage" xlink:role="http://www.xbrl.org/2003/role/label" xml:lang="ja" id="label_TitleAndNameOfRepresentativeCoverPage">代表者の役職氏名</link:label>
    <link:labelArc xlink:type="arc" xlink:arcrole="http://www.xbrl.org/2003/arcrole/concept-label" xlink:from="TitleAndNameOfRepresentativeCoverPage" xlink:to="label_TitleAndNameOfRepresentativeCoverPage"/>
    <link:label xlink:type="resource" xlink:label="label_TitleAndNameOfRepresentativeCoverPage_2" xlink:role="http://www.xbrl.org/2003/role/verboseLabel" xml:lang="ja" id="label_TitleAndNameOfRepresentativeCoverPage_2">代表者の役職氏名、表紙</link:label>
    <link:labelArc xlink:type="arc" xlink:arcrole="http://www.xbrl.org/2003/arcrole/concept-label" xlink:from="TitleAndNameOfRepresentativeCoverPage" xlink:to="label_TitleAndNameOfRepresentativeCoverPage_2"/>
    <link:loc xlink:type="locator" xlink:href="../jpcrp-esr_cor_2019-11-01.xsd#jpcrp-esr_cor_AddressOfRegisteredHeadquarterCoverPage" xlink:label="AddressOfRegisteredHeadquarterCoverPage"/>
    <link:label xlink:type="resource" xlink:label="label_AddressOfRegisteredHeadquarterCoverPage" xlink:role="http://www.xbrl.org/2003/role/label" xml:lang="ja" id="label_AddressOfRegisteredHeadquarterCoverPage">本店の所在の場所</link:label>
    <link:labelArc xlink:type="arc" xlink:arcrole="http://www.xbrl.org/2003/arcrole/concept-label" xlink:from="AddressOfRegisteredHeadquarterCoverPage" xlink:to="label_AddressOfRegisteredHeadquarterCoverPage"/>
    <link:label xlink:type="resource" xlink:label="label_AddressOfRegisteredHeadquarterCoverPage_2" xlink:role="http://www.xbrl.org/2003/role/verboseLabel" xml:lang="ja" id="label_AddressOfRegisteredHeadquarterCoverPage_2">本店の所在の場所、表紙</link:label>
    <link:labelArc xlink:type="arc" xlink:arcrole="http://www.xbrl.org/2003/arcrole/concept-label" xlink:from="AddressOfRegisteredHeadquarterCoverPage" xlink:to="label_AddressOfRegisteredHeadquarterCoverPage_2"/>
    <link:loc xlink:type="locator" xlink:href="../jpcrp-esr_cor_2019-11-01.xsd#jpcrp-esr_cor_TelephoneNumberCoverPage" xlink:label="TelephoneNumberCoverPage"/>
    <link:label xlink:type="resource" xlink:label="label_TelephoneNumberCoverPage" xlink:role="http://www.xbrl.org/2003/role/label" xml:lang="ja" id="label_TelephoneNumberCoverPage">電話番号</link:label>
    <link:labelArc xlink:type="arc" xlink:arcrole="http://www.xbrl.org/2003/arcrole/concept-label" xlink:from="TelephoneNumberCoverPage" xlink:to="label_TelephoneNumberCoverPage"/>
    <link:label xlink:type="resource" xlink:label="label_TelephoneNumberCoverPage_2" xlink:role="http://www.xbrl.org/2003/role/verboseLabel" xml:lang="ja" id="label_TelephoneNumberCoverPage_2">電話番号、表紙</link:label>
    <link:labelArc xlink:type="arc" xlink:arcrole="http://www.xbrl.org/2003/arcrole/concept-label" xlink:from="TelephoneNumberCoverPage" xlink:to="label_TelephoneNumberCoverPage_2"/>
    <link:loc xlink:type="locator" xlink:href="../jpcrp-esr_cor_2019-11-01.xsd#jpcrp-esr_cor_NameOfContactPersonCoverPage" xlink:label="NameOfContactPersonCoverPage"/>
    <link:label xlink:type="resource" xlink:label="label_NameOfContactPersonCoverPage" xlink:role="http://www.xbrl.org/2003/role/label" xml:lang="ja" id="label_NameOfContactPersonCoverPage">事務連絡者氏名</link:label>
    <link:labelArc xlink:type="arc" xlink:arcrole="http://www.xbrl.org/2003/arcrole/concept-label" xlink:from="NameOfContactPersonCoverPage" xlink:to="label_NameOfContactPersonCoverPage"/>
    <link:label xlink:type="resource" xlink:label="label_NameOfContactPersonCoverPage_2" xlink:role="http://www.xbrl.org/2003/role/verboseLabel" xml:lang="ja" id="label_NameOfContactPersonCoverPage_2">事務連絡者氏名、表紙</link:label>
    <link:labelArc xlink:type="arc" xlink:arcrole="http://www.xbrl.org/2003/arcrole/concept-label" xlink:from="NameOfContactPersonCoverPage" xlink:to="label_NameOfContactPersonCoverPage_2"/>
    <link:loc xlink:type="locator" xlink:href="../jpcrp-esr_cor_2019-11-01.xsd#jpcrp-esr_cor_NearestPlaceOfContactCoverPage" xlink:label="NearestPlaceOfContactCoverPage"/>
    <link:label xlink:type="resource" xlink:label="label_NearestPlaceOfContactCoverPage" xlink:role="http://www.xbrl.org/2003/role/label" xml:lang="ja" id="label_NearestPlaceOfContactCoverPage">最寄りの連絡場所</link:label>
    <link:labelArc xlink:type="arc" xlink:arcrole="http://www.xbrl.org/2003/arcrole/concept-label" xlink:from="NearestPlaceOfContactCoverPage" xlink:to="label_NearestPlaceOfContactCoverPage"/>
    <link:label xlink:type="resource" xlink:label="label_NearestPlaceOfContactCoverPage_2" xlink:role="http://www.xbrl.org/2003/role/verboseLabel" xml:lang="ja" id="label_NearestPlaceOfContactCoverPage_2">最寄りの連絡場所、表紙</link:label>
    <link:labelArc xlink:type="arc" xlink:arcrole="http://www.xbrl.org/2003/arcrole/concept-label" xlink:from="NearestPlaceOfContactCoverPage" xlink:to="label_NearestPlaceOfContactCoverPage_2"/>
    <link:loc xlink:type="locator" xlink:href="../jpcrp-esr_cor_2019-11-01.xsd#jpcrp-esr_cor_TelephoneNumberNearestPlaceOfContactCoverPage" xlink:label="TelephoneNumberNearestPlaceOfContactCoverPage"/>
    <link:label xlink:type="resource" xlink:label="label_TelephoneNumberNearestPlaceOfContactCoverPage" xlink:role="http://www.xbrl.org/2003/role/label" xml:lang="ja" id="label_TelephoneNumberNearestPlaceOfContactCoverPage">電話番号</link:label>
    <link:labelArc xlink:type="arc" xlink:arcrole="http://www.xbrl.org/2003/arcrole/concept-label" xlink:from="TelephoneNumberNearestPlaceOfContactCoverPage" xlink:to="label_TelephoneNumberNearestPlaceOfContactCoverPage"/>
    <link:label xlink:type="resource" xlink:label="label_TelephoneNumberNearestPlaceOfContactCoverPage_2" xlink:role="http://www.xbrl.org/2003/role/verboseLabel" xml:lang="ja" id="label_TelephoneNumberNearestPlaceOfContactCoverPage_2">電話番号、最寄りの連絡場所、表紙</link:label>
    <link:labelArc xlink:type="arc" xlink:arcrole="http://www.xbrl.org/2003/arcrole/concept-label" xlink:from="TelephoneNumberNearestPlaceOfContactCoverPage" xlink:to="label_TelephoneNumberNearestPlaceOfContactCoverPage_2"/>
    <link:loc xlink:type="locator" xlink:href="../jpcrp-esr_cor_2019-11-01.xsd#jpcrp-esr_cor_NameOfContactPersonNearestPlaceOfContactCoverPage" xlink:label="NameOfContactPersonNearestPlaceOfContactCoverPage"/>
    <link:label xlink:type="resource" xlink:label="label_NameOfContactPersonNearestPlaceOfContactCoverPage" xlink:role="http://www.xbrl.org/2003/role/label" xml:lang="ja" id="label_NameOfContactPersonNearestPlaceOfContactCoverPage">事務連絡者氏名</link:label>
    <link:labelArc xlink:type="arc" xlink:arcrole="http://www.xbrl.org/2003/arcrole/concept-label" xlink:from="NameOfContactPersonNearestPlaceOfContactCoverPage" xlink:to="label_NameOfContactPersonNearestPlaceOfContactCoverPage"/>
    <link:label xlink:type="resource" xlink:label="label_NameOfContactPersonNearestPlaceOfContactCoverPage_2" xlink:role="http://www.xbrl.org/2003/role/verboseLabel" xml:lang="ja" id="label_NameOfContactPersonNearestPlaceOfContactCoverPage_2">事務連絡者氏名、最寄りの連絡場所、表紙</link:label>
    <link:labelArc xlink:type="arc" xlink:arcrole="http://www.xbrl.org/2003/arcrole/concept-label" xlink:from="NameOfContactPersonNearestPlaceOfContactCoverPage" xlink:to="label_NameOfContactPersonNearestPlaceOfContactCoverPage_2"/>
    <link:loc xlink:type="locator" xlink:href="../jpcrp-esr_cor_2019-11-01.xsd#jpcrp-esr_cor_PlaceForPublicInspectionCoverPageTextBlock" xlink:label="PlaceForPublicInspectionCoverPageTextBlock"/>
    <link:label xlink:type="resource" xlink:label="label_PlaceForPublicInspectionCoverPageTextBlock" xlink:role="http://www.xbrl.org/2003/role/label" xml:lang="ja" id="label_PlaceForPublicInspectionCoverPageTextBlock">縦覧に供する場所</link:label>
    <link:labelArc xlink:type="arc" xlink:arcrole="http://www.xbrl.org/2003/arcrole/concept-label" xlink:from="PlaceForPublicInspectionCoverPageTextBlock" xlink:to="label_PlaceForPublicInspectionCoverPageTextBlock"/>
    <link:label xlink:type="resource" xlink:label="label_PlaceForPublicInspectionCoverPageTextBlock_2" xlink:role="http://www.xbrl.org/2003/role/verboseLabel" xml:lang="ja" id="label_PlaceForPublicInspectionCoverPageTextBlock_2">縦覧に供する場所、表紙 [テキストブロック]</link:label>
    <link:labelArc xlink:type="arc" xlink:arcrole="http://www.xbrl.org/2003/arcrole/concept-label" xlink:from="PlaceForPublicInspectionCoverPageTextBlock" xlink:to="label_PlaceForPublicInspectionCoverPageTextBlock_2"/>
    <link:loc xlink:type="locator" xlink:href="../jpcrp-esr_cor_2019-11-01.xsd#jpcrp-esr_cor_PlaceForPublicInspectionCoverPageNA" xlink:label="PlaceForPublicInspectionCoverPageNA"/>
    <link:label xlink:type="resource" xlink:label="label_PlaceForPublicInspectionCoverPageNA" xlink:role="http://www.xbrl.org/2003/role/label" xml:lang="ja" id="label_PlaceForPublicInspectionCoverPageNA">縦覧に供する場所（該当なし）</link:label>
    <link:labelArc xlink:type="arc" xlink:arcrole="http://www.xbrl.org/2003/arcrole/concept-label" xlink:from="PlaceForPublicInspectionCoverPageNA" xlink:to="label_PlaceForPublicInspectionCoverPageNA"/>
    <link:label xlink:type="resource" xlink:label="label_PlaceForPublicInspectionCoverPageNA_2" xlink:role="http://www.xbrl.org/2003/role/verboseLabel" xml:lang="ja" id="label_PlaceForPublicInspectionCoverPageNA_2">縦覧に供する場所、表紙（該当なし）</link:label>
    <link:labelArc xlink:type="arc" xlink:arcrole="http://www.xbrl.org/2003/arcrole/concept-label" xlink:from="PlaceForPublicInspectionCoverPageNA" xlink:to="label_PlaceForPublicInspectionCoverPageNA_2"/>
  </link:labelLink>
</link:linkbase>
