<?xml version="1.0" encoding="UTF-8"?>
<!--  (c) Financial Services Agency, The Japanese Government.
      All Rights Reserved.
      For intellectual property policy and authorized uses of EDINET Taxonomy,
      refer to “EDINET Taxonomy Legal Statement” at http://www.fsa.go.jp/search/EDINET_Taxonomy_Legal_Statement.html
-->
<link:linkbase xmlns:link="http://www.xbrl.org/2003/linkbase" xmlns:xsi="http://www.w3.org/2001/XMLSchema-instance" xmlns:xlink="http://www.w3.org/1999/xlink" xmlns:xbrli="http://www.xbrl.org/2003/instance">
  <link:labelLink xlink:type="extended" xlink:role="http://www.xbrl.org/2003/role/link">
    <link:loc xlink:type="locator" xlink:href="../jpctl_cor_2021-11-01.xsd#jpctl_cor_CabinetOfficeOrdinanceOnSystemForEnsuringAppropriatenessOfFinancialAndOtherDocumentsFormNo1InternalControlReportHeading" xlink:label="CabinetOfficeOrdinanceOnSystemForEnsuringAppropriatenessOfFinancialAndOtherDocumentsFormNo1InternalControlReportHeading"/>
    <link:label xlink:type="resource" xlink:label="label_CabinetOfficeOrdinanceOnSystemForEnsuringAppropriatenessOfFinancialAndOtherDocumentsFormNo1InternalControlReportHeading" xlink:role="http://www.xbrl.org/2003/role/label" xml:lang="en" id="label_CabinetOfficeOrdinanceOnSystemForEnsuringAppropriatenessOfFinancialAndOtherDocumentsFormNo1InternalControlReportHeading">Internal Control Form No. 1 Internal Control Report</link:label>
    <link:labelArc xlink:type="arc" xlink:arcrole="http://www.xbrl.org/2003/arcrole/concept-label" xlink:from="CabinetOfficeOrdinanceOnSystemForEnsuringAppropriatenessOfFinancialAndOtherDocumentsFormNo1InternalControlReportHeading" xlink:to="label_CabinetOfficeOrdinanceOnSystemForEnsuringAppropriatenessOfFinancialAndOtherDocumentsFormNo1InternalControlReportHeading"/>
    <link:label xlink:type="resource" xlink:label="label_CabinetOfficeOrdinanceOnSystemForEnsuringAppropriatenessOfFinancialAndOtherDocumentsFormNo1InternalControlReportHeading_2" xlink:role="http://www.xbrl.org/2003/role/verboseLabel" xml:lang="en" id="label_CabinetOfficeOrdinanceOnSystemForEnsuringAppropriatenessOfFinancialAndOtherDocumentsFormNo1InternalControlReportHeading_2">Cabinet Office Ordinance on System for Ensuring Appropriateness of Financial and Other Documents Form No. 1 Internal Control Report [heading]</link:label>
    <link:labelArc xlink:type="arc" xlink:arcrole="http://www.xbrl.org/2003/arcrole/concept-label" xlink:from="CabinetOfficeOrdinanceOnSystemForEnsuringAppropriatenessOfFinancialAndOtherDocumentsFormNo1InternalControlReportHeading" xlink:to="label_CabinetOfficeOrdinanceOnSystemForEnsuringAppropriatenessOfFinancialAndOtherDocumentsFormNo1InternalControlReportHeading_2"/>
    <link:loc xlink:type="locator" xlink:href="../jpctl_cor_2021-11-01.xsd#jpctl_cor_CoverPageHeading" xlink:label="CoverPageHeading"/>
    <link:label xlink:type="resource" xlink:label="label_CoverPageHeading" xlink:role="http://www.xbrl.org/2003/role/label" xml:lang="en" id="label_CoverPageHeading">Cover page</link:label>
    <link:labelArc xlink:type="arc" xlink:arcrole="http://www.xbrl.org/2003/arcrole/concept-label" xlink:from="CoverPageHeading" xlink:to="label_CoverPageHeading"/>
    <link:label xlink:type="resource" xlink:label="label_CoverPageHeading_2" xlink:role="http://www.xbrl.org/2003/role/verboseLabel" xml:lang="en" id="label_CoverPageHeading_2">Cover page [heading]</link:label>
    <link:labelArc xlink:type="arc" xlink:arcrole="http://www.xbrl.org/2003/arcrole/concept-label" xlink:from="CoverPageHeading" xlink:to="label_CoverPageHeading_2"/>
    <link:loc xlink:type="locator" xlink:href="../jpctl_cor_2021-11-01.xsd#jpctl_cor_BasicFrameworkOfInternalControlRelatedToFinancialReportingHeading" xlink:label="BasicFrameworkOfInternalControlRelatedToFinancialReportingHeading"/>
    <link:label xlink:type="resource" xlink:label="label_BasicFrameworkOfInternalControlRelatedToFinancialReportingHeading" xlink:role="http://www.xbrl.org/2003/role/label" xml:lang="en" id="label_BasicFrameworkOfInternalControlRelatedToFinancialReportingHeading">Basic framework of internal control related to financial reporting</link:label>
    <link:labelArc xlink:type="arc" xlink:arcrole="http://www.xbrl.org/2003/arcrole/concept-label" xlink:from="BasicFrameworkOfInternalControlRelatedToFinancialReportingHeading" xlink:to="label_BasicFrameworkOfInternalControlRelatedToFinancialReportingHeading"/>
    <link:label xlink:type="resource" xlink:label="label_BasicFrameworkOfInternalControlRelatedToFinancialReportingHeading_2" xlink:role="http://www.xbrl.org/2003/role/verboseLabel" xml:lang="en" id="label_BasicFrameworkOfInternalControlRelatedToFinancialReportingHeading_2">Basic framework of internal control related to financial reporting [heading]</link:label>
    <link:labelArc xlink:type="arc" xlink:arcrole="http://www.xbrl.org/2003/arcrole/concept-label" xlink:from="BasicFrameworkOfInternalControlRelatedToFinancialReportingHeading" xlink:to="label_BasicFrameworkOfInternalControlRelatedToFinancialReportingHeading_2"/>
    <link:loc xlink:type="locator" xlink:href="../jpctl_cor_2021-11-01.xsd#jpctl_cor_BasicFrameworkOfInternalControlRelatedToFinancialReportingTextBlock" xlink:label="BasicFrameworkOfInternalControlRelatedToFinancialReportingTextBlock"/>
    <link:label xlink:type="resource" xlink:label="label_BasicFrameworkOfInternalControlRelatedToFinancialReportingTextBlock" xlink:role="http://www.xbrl.org/2003/role/label" xml:lang="en" id="label_BasicFrameworkOfInternalControlRelatedToFinancialReportingTextBlock">Basic framework of internal control related to financial reporting</link:label>
    <link:labelArc xlink:type="arc" xlink:arcrole="http://www.xbrl.org/2003/arcrole/concept-label" xlink:from="BasicFrameworkOfInternalControlRelatedToFinancialReportingTextBlock" xlink:to="label_BasicFrameworkOfInternalControlRelatedToFinancialReportingTextBlock"/>
    <link:label xlink:type="resource" xlink:label="label_BasicFrameworkOfInternalControlRelatedToFinancialReportingTextBlock_2" xlink:role="http://www.xbrl.org/2003/role/verboseLabel" xml:lang="en" id="label_BasicFrameworkOfInternalControlRelatedToFinancialReportingTextBlock_2">Basic framework of internal control related to financial reporting [text block]</link:label>
    <link:labelArc xlink:type="arc" xlink:arcrole="http://www.xbrl.org/2003/arcrole/concept-label" xlink:from="BasicFrameworkOfInternalControlRelatedToFinancialReportingTextBlock" xlink:to="label_BasicFrameworkOfInternalControlRelatedToFinancialReportingTextBlock_2"/>
    <link:loc xlink:type="locator" xlink:href="../jpctl_cor_2021-11-01.xsd#jpctl_cor_ScopeDateAndProceduresForEvaluationHeading" xlink:label="ScopeDateAndProceduresForEvaluationHeading"/>
    <link:label xlink:type="resource" xlink:label="label_ScopeDateAndProceduresForEvaluationHeading" xlink:role="http://www.xbrl.org/2003/role/label" xml:lang="en" id="label_ScopeDateAndProceduresForEvaluationHeading">Scope, date and procedures for evaluation</link:label>
    <link:labelArc xlink:type="arc" xlink:arcrole="http://www.xbrl.org/2003/arcrole/concept-label" xlink:from="ScopeDateAndProceduresForEvaluationHeading" xlink:to="label_ScopeDateAndProceduresForEvaluationHeading"/>
    <link:label xlink:type="resource" xlink:label="label_ScopeDateAndProceduresForEvaluationHeading_2" xlink:role="http://www.xbrl.org/2003/role/verboseLabel" xml:lang="en" id="label_ScopeDateAndProceduresForEvaluationHeading_2">Scope, date and procedures for evaluation [heading]</link:label>
    <link:labelArc xlink:type="arc" xlink:arcrole="http://www.xbrl.org/2003/arcrole/concept-label" xlink:from="ScopeDateAndProceduresForEvaluationHeading" xlink:to="label_ScopeDateAndProceduresForEvaluationHeading_2"/>
    <link:loc xlink:type="locator" xlink:href="../jpctl_cor_2021-11-01.xsd#jpctl_cor_ScopeDateAndProceduresForEvaluationTextBlock" xlink:label="ScopeDateAndProceduresForEvaluationTextBlock"/>
    <link:label xlink:type="resource" xlink:label="label_ScopeDateAndProceduresForEvaluationTextBlock" xlink:role="http://www.xbrl.org/2003/role/label" xml:lang="en" id="label_ScopeDateAndProceduresForEvaluationTextBlock">Scope, date and procedures for evaluation</link:label>
    <link:labelArc xlink:type="arc" xlink:arcrole="http://www.xbrl.org/2003/arcrole/concept-label" xlink:from="ScopeDateAndProceduresForEvaluationTextBlock" xlink:to="label_ScopeDateAndProceduresForEvaluationTextBlock"/>
    <link:label xlink:type="resource" xlink:label="label_ScopeDateAndProceduresForEvaluationTextBlock_2" xlink:role="http://www.xbrl.org/2003/role/verboseLabel" xml:lang="en" id="label_ScopeDateAndProceduresForEvaluationTextBlock_2">Scope, date and procedures for evaluation [text block]</link:label>
    <link:labelArc xlink:type="arc" xlink:arcrole="http://www.xbrl.org/2003/arcrole/concept-label" xlink:from="ScopeDateAndProceduresForEvaluationTextBlock" xlink:to="label_ScopeDateAndProceduresForEvaluationTextBlock_2"/>
    <link:loc xlink:type="locator" xlink:href="../jpctl_cor_2021-11-01.xsd#jpctl_cor_ResultOfEvaluationHeading" xlink:label="ResultOfEvaluationHeading"/>
    <link:label xlink:type="resource" xlink:label="label_ResultOfEvaluationHeading" xlink:role="http://www.xbrl.org/2003/role/label" xml:lang="en" id="label_ResultOfEvaluationHeading">Result of evaluation</link:label>
    <link:labelArc xlink:type="arc" xlink:arcrole="http://www.xbrl.org/2003/arcrole/concept-label" xlink:from="ResultOfEvaluationHeading" xlink:to="label_ResultOfEvaluationHeading"/>
    <link:label xlink:type="resource" xlink:label="label_ResultOfEvaluationHeading_2" xlink:role="http://www.xbrl.org/2003/role/verboseLabel" xml:lang="en" id="label_ResultOfEvaluationHeading_2">Result of evaluation [heading]</link:label>
    <link:labelArc xlink:type="arc" xlink:arcrole="http://www.xbrl.org/2003/arcrole/concept-label" xlink:from="ResultOfEvaluationHeading" xlink:to="label_ResultOfEvaluationHeading_2"/>
    <link:loc xlink:type="locator" xlink:href="../jpctl_cor_2021-11-01.xsd#jpctl_cor_ResultOfEvaluationTextBlock" xlink:label="ResultOfEvaluationTextBlock"/>
    <link:label xlink:type="resource" xlink:label="label_ResultOfEvaluationTextBlock" xlink:role="http://www.xbrl.org/2003/role/label" xml:lang="en" id="label_ResultOfEvaluationTextBlock">Result of evaluation</link:label>
    <link:labelArc xlink:type="arc" xlink:arcrole="http://www.xbrl.org/2003/arcrole/concept-label" xlink:from="ResultOfEvaluationTextBlock" xlink:to="label_ResultOfEvaluationTextBlock"/>
    <link:label xlink:type="resource" xlink:label="label_ResultOfEvaluationTextBlock_2" xlink:role="http://www.xbrl.org/2003/role/verboseLabel" xml:lang="en" id="label_ResultOfEvaluationTextBlock_2">Result of evaluation [text block]</link:label>
    <link:labelArc xlink:type="arc" xlink:arcrole="http://www.xbrl.org/2003/arcrole/concept-label" xlink:from="ResultOfEvaluationTextBlock" xlink:to="label_ResultOfEvaluationTextBlock_2"/>
    <link:loc xlink:type="locator" xlink:href="../jpctl_cor_2021-11-01.xsd#jpctl_cor_SupplementaryInformationHeading" xlink:label="SupplementaryInformationHeading"/>
    <link:label xlink:type="resource" xlink:label="label_SupplementaryInformationHeading" xlink:role="http://www.xbrl.org/2003/role/label" xml:lang="en" id="label_SupplementaryInformationHeading">Supplementary information</link:label>
    <link:labelArc xlink:type="arc" xlink:arcrole="http://www.xbrl.org/2003/arcrole/concept-label" xlink:from="SupplementaryInformationHeading" xlink:to="label_SupplementaryInformationHeading"/>
    <link:label xlink:type="resource" xlink:label="label_SupplementaryInformationHeading_2" xlink:role="http://www.xbrl.org/2003/role/verboseLabel" xml:lang="en" id="label_SupplementaryInformationHeading_2">Supplementary information [heading]</link:label>
    <link:labelArc xlink:type="arc" xlink:arcrole="http://www.xbrl.org/2003/arcrole/concept-label" xlink:from="SupplementaryInformationHeading" xlink:to="label_SupplementaryInformationHeading_2"/>
    <link:loc xlink:type="locator" xlink:href="../jpctl_cor_2021-11-01.xsd#jpctl_cor_SupplementaryInformationTextBlock" xlink:label="SupplementaryInformationTextBlock"/>
    <link:label xlink:type="resource" xlink:label="label_SupplementaryInformationTextBlock" xlink:role="http://www.xbrl.org/2003/role/label" xml:lang="en" id="label_SupplementaryInformationTextBlock">Supplementary information</link:label>
    <link:labelArc xlink:type="arc" xlink:arcrole="http://www.xbrl.org/2003/arcrole/concept-label" xlink:from="SupplementaryInformationTextBlock" xlink:to="label_SupplementaryInformationTextBlock"/>
    <link:label xlink:type="resource" xlink:label="label_SupplementaryInformationTextBlock_2" xlink:role="http://www.xbrl.org/2003/role/verboseLabel" xml:lang="en" id="label_SupplementaryInformationTextBlock_2">Supplementary information [text block]</link:label>
    <link:labelArc xlink:type="arc" xlink:arcrole="http://www.xbrl.org/2003/arcrole/concept-label" xlink:from="SupplementaryInformationTextBlock" xlink:to="label_SupplementaryInformationTextBlock_2"/>
    <link:loc xlink:type="locator" xlink:href="../jpctl_cor_2021-11-01.xsd#jpctl_cor_OtherInformationForSpecialAttentionHeading" xlink:label="OtherInformationForSpecialAttentionHeading"/>
    <link:label xlink:type="resource" xlink:label="label_OtherInformationForSpecialAttentionHeading" xlink:role="http://www.xbrl.org/2003/role/label" xml:lang="en" id="label_OtherInformationForSpecialAttentionHeading">Other information for special attention</link:label>
    <link:labelArc xlink:type="arc" xlink:arcrole="http://www.xbrl.org/2003/arcrole/concept-label" xlink:from="OtherInformationForSpecialAttentionHeading" xlink:to="label_OtherInformationForSpecialAttentionHeading"/>
    <link:label xlink:type="resource" xlink:label="label_OtherInformationForSpecialAttentionHeading_2" xlink:role="http://www.xbrl.org/2003/role/verboseLabel" xml:lang="en" id="label_OtherInformationForSpecialAttentionHeading_2">Other information for special attention [heading]</link:label>
    <link:labelArc xlink:type="arc" xlink:arcrole="http://www.xbrl.org/2003/arcrole/concept-label" xlink:from="OtherInformationForSpecialAttentionHeading" xlink:to="label_OtherInformationForSpecialAttentionHeading_2"/>
    <link:loc xlink:type="locator" xlink:href="../jpctl_cor_2021-11-01.xsd#jpctl_cor_OtherInformationForSpecialAttentionTextBlock" xlink:label="OtherInformationForSpecialAttentionTextBlock"/>
    <link:label xlink:type="resource" xlink:label="label_OtherInformationForSpecialAttentionTextBlock" xlink:role="http://www.xbrl.org/2003/role/label" xml:lang="en" id="label_OtherInformationForSpecialAttentionTextBlock">Other information for special attention</link:label>
    <link:labelArc xlink:type="arc" xlink:arcrole="http://www.xbrl.org/2003/arcrole/concept-label" xlink:from="OtherInformationForSpecialAttentionTextBlock" xlink:to="label_OtherInformationForSpecialAttentionTextBlock"/>
    <link:label xlink:type="resource" xlink:label="label_OtherInformationForSpecialAttentionTextBlock_2" xlink:role="http://www.xbrl.org/2003/role/verboseLabel" xml:lang="en" id="label_OtherInformationForSpecialAttentionTextBlock_2">Other information for special attention [text block]</link:label>
    <link:labelArc xlink:type="arc" xlink:arcrole="http://www.xbrl.org/2003/arcrole/concept-label" xlink:from="OtherInformationForSpecialAttentionTextBlock" xlink:to="label_OtherInformationForSpecialAttentionTextBlock_2"/>
    <link:loc xlink:type="locator" xlink:href="../jpctl_cor_2021-11-01.xsd#jpctl_cor_IndependentAuditorsReportHeading" xlink:label="IndependentAuditorsReportHeading"/>
    <link:label xlink:type="resource" xlink:label="label_IndependentAuditorsReportHeading" xlink:role="http://www.xbrl.org/2003/role/label" xml:lang="en" id="label_IndependentAuditorsReportHeading">Independent auditor's report</link:label>
    <link:labelArc xlink:type="arc" xlink:arcrole="http://www.xbrl.org/2003/arcrole/concept-label" xlink:from="IndependentAuditorsReportHeading" xlink:to="label_IndependentAuditorsReportHeading"/>
    <link:label xlink:type="resource" xlink:label="label_IndependentAuditorsReportHeading_2" xlink:role="http://www.xbrl.org/2003/role/verboseLabel" xml:lang="en" id="label_IndependentAuditorsReportHeading_2">Independent auditor's report [heading]</link:label>
    <link:labelArc xlink:type="arc" xlink:arcrole="http://www.xbrl.org/2003/arcrole/concept-label" xlink:from="IndependentAuditorsReportHeading" xlink:to="label_IndependentAuditorsReportHeading_2"/>
    <link:loc xlink:type="locator" xlink:href="../jpctl_cor_2021-11-01.xsd#jpctl_cor_IndependentAuditorsReportTextBlock" xlink:label="IndependentAuditorsReportTextBlock"/>
    <link:label xlink:type="resource" xlink:label="label_IndependentAuditorsReportTextBlock" xlink:role="http://www.xbrl.org/2003/role/label" xml:lang="en" id="label_IndependentAuditorsReportTextBlock">Independent auditor's report</link:label>
    <link:labelArc xlink:type="arc" xlink:arcrole="http://www.xbrl.org/2003/arcrole/concept-label" xlink:from="IndependentAuditorsReportTextBlock" xlink:to="label_IndependentAuditorsReportTextBlock"/>
    <link:label xlink:type="resource" xlink:label="label_IndependentAuditorsReportTextBlock_2" xlink:role="http://www.xbrl.org/2003/role/verboseLabel" xml:lang="en" id="label_IndependentAuditorsReportTextBlock_2">Independent auditor's report [text block]</link:label>
    <link:labelArc xlink:type="arc" xlink:arcrole="http://www.xbrl.org/2003/arcrole/concept-label" xlink:from="IndependentAuditorsReportTextBlock" xlink:to="label_IndependentAuditorsReportTextBlock_2"/>
    <link:loc xlink:type="locator" xlink:href="../jpctl_cor_2021-11-01.xsd#jpctl_cor_DocumentTitleCoverPage" xlink:label="DocumentTitleCoverPage"/>
    <link:label xlink:type="resource" xlink:label="label_DocumentTitleCoverPage" xlink:role="http://www.xbrl.org/2003/role/label" xml:lang="en" id="label_DocumentTitleCoverPage">Document title</link:label>
    <link:labelArc xlink:type="arc" xlink:arcrole="http://www.xbrl.org/2003/arcrole/concept-label" xlink:from="DocumentTitleCoverPage" xlink:to="label_DocumentTitleCoverPage"/>
    <link:label xlink:type="resource" xlink:label="label_DocumentTitleCoverPage_2" xlink:role="http://www.xbrl.org/2003/role/verboseLabel" xml:lang="en" id="label_DocumentTitleCoverPage_2">Document title, Cover page</link:label>
    <link:labelArc xlink:type="arc" xlink:arcrole="http://www.xbrl.org/2003/arcrole/concept-label" xlink:from="DocumentTitleCoverPage" xlink:to="label_DocumentTitleCoverPage_2"/>
    <link:loc xlink:type="locator" xlink:href="../jpctl_cor_2021-11-01.xsd#jpctl_cor_ClauseOfStipulationCoverPage" xlink:label="ClauseOfStipulationCoverPage"/>
    <link:label xlink:type="resource" xlink:label="label_ClauseOfStipulationCoverPage" xlink:role="http://www.xbrl.org/2003/role/label" xml:lang="en" id="label_ClauseOfStipulationCoverPage">Clause of stipulation</link:label>
    <link:labelArc xlink:type="arc" xlink:arcrole="http://www.xbrl.org/2003/arcrole/concept-label" xlink:from="ClauseOfStipulationCoverPage" xlink:to="label_ClauseOfStipulationCoverPage"/>
    <link:label xlink:type="resource" xlink:label="label_ClauseOfStipulationCoverPage_2" xlink:role="http://www.xbrl.org/2003/role/verboseLabel" xml:lang="en" id="label_ClauseOfStipulationCoverPage_2">Clause of stipulation, Cover page</link:label>
    <link:labelArc xlink:type="arc" xlink:arcrole="http://www.xbrl.org/2003/arcrole/concept-label" xlink:from="ClauseOfStipulationCoverPage" xlink:to="label_ClauseOfStipulationCoverPage_2"/>
    <link:loc xlink:type="locator" xlink:href="../jpctl_cor_2021-11-01.xsd#jpctl_cor_PlaceOfFilingCoverPage" xlink:label="PlaceOfFilingCoverPage"/>
    <link:label xlink:type="resource" xlink:label="label_PlaceOfFilingCoverPage" xlink:role="http://www.xbrl.org/2003/role/label" xml:lang="en" id="label_PlaceOfFilingCoverPage">Place of filing</link:label>
    <link:labelArc xlink:type="arc" xlink:arcrole="http://www.xbrl.org/2003/arcrole/concept-label" xlink:from="PlaceOfFilingCoverPage" xlink:to="label_PlaceOfFilingCoverPage"/>
    <link:label xlink:type="resource" xlink:label="label_PlaceOfFilingCoverPage_2" xlink:role="http://www.xbrl.org/2003/role/verboseLabel" xml:lang="en" id="label_PlaceOfFilingCoverPage_2">Place of filing, Cover page</link:label>
    <link:labelArc xlink:type="arc" xlink:arcrole="http://www.xbrl.org/2003/arcrole/concept-label" xlink:from="PlaceOfFilingCoverPage" xlink:to="label_PlaceOfFilingCoverPage_2"/>
    <link:loc xlink:type="locator" xlink:href="../jpctl_cor_2021-11-01.xsd#jpctl_cor_FilingDateCoverPage" xlink:label="FilingDateCoverPage"/>
    <link:label xlink:type="resource" xlink:label="label_FilingDateCoverPage" xlink:role="http://www.xbrl.org/2003/role/label" xml:lang="en" id="label_FilingDateCoverPage">Filing date</link:label>
    <link:labelArc xlink:type="arc" xlink:arcrole="http://www.xbrl.org/2003/arcrole/concept-label" xlink:from="FilingDateCoverPage" xlink:to="label_FilingDateCoverPage"/>
    <link:label xlink:type="resource" xlink:label="label_FilingDateCoverPage_2" xlink:role="http://www.xbrl.org/2003/role/verboseLabel" xml:lang="en" id="label_FilingDateCoverPage_2">Filing date, Cover page</link:label>
    <link:labelArc xlink:type="arc" xlink:arcrole="http://www.xbrl.org/2003/arcrole/concept-label" xlink:from="FilingDateCoverPage" xlink:to="label_FilingDateCoverPage_2"/>
    <link:loc xlink:type="locator" xlink:href="../jpctl_cor_2021-11-01.xsd#jpctl_cor_CompanyNameCoverPage" xlink:label="CompanyNameCoverPage"/>
    <link:label xlink:type="resource" xlink:label="label_CompanyNameCoverPage" xlink:role="http://www.xbrl.org/2003/role/label" xml:lang="en" id="label_CompanyNameCoverPage">Company name</link:label>
    <link:labelArc xlink:type="arc" xlink:arcrole="http://www.xbrl.org/2003/arcrole/concept-label" xlink:from="CompanyNameCoverPage" xlink:to="label_CompanyNameCoverPage"/>
    <link:label xlink:type="resource" xlink:label="label_CompanyNameCoverPage_2" xlink:role="http://www.xbrl.org/2003/role/verboseLabel" xml:lang="en" id="label_CompanyNameCoverPage_2">Company name, Cover page</link:label>
    <link:labelArc xlink:type="arc" xlink:arcrole="http://www.xbrl.org/2003/arcrole/concept-label" xlink:from="CompanyNameCoverPage" xlink:to="label_CompanyNameCoverPage_2"/>
    <link:loc xlink:type="locator" xlink:href="../jpctl_cor_2021-11-01.xsd#jpctl_cor_CompanyNameInEnglishCoverPage" xlink:label="CompanyNameInEnglishCoverPage"/>
    <link:label xlink:type="resource" xlink:label="label_CompanyNameInEnglishCoverPage" xlink:role="http://www.xbrl.org/2003/role/label" xml:lang="en" id="label_CompanyNameInEnglishCoverPage">Company name in English</link:label>
    <link:labelArc xlink:type="arc" xlink:arcrole="http://www.xbrl.org/2003/arcrole/concept-label" xlink:from="CompanyNameInEnglishCoverPage" xlink:to="label_CompanyNameInEnglishCoverPage"/>
    <link:label xlink:type="resource" xlink:label="label_CompanyNameInEnglishCoverPage_2" xlink:role="http://www.xbrl.org/2003/role/verboseLabel" xml:lang="en" id="label_CompanyNameInEnglishCoverPage_2">Company name in English, Cover page</link:label>
    <link:labelArc xlink:type="arc" xlink:arcrole="http://www.xbrl.org/2003/arcrole/concept-label" xlink:from="CompanyNameInEnglishCoverPage" xlink:to="label_CompanyNameInEnglishCoverPage_2"/>
    <link:loc xlink:type="locator" xlink:href="../jpctl_cor_2021-11-01.xsd#jpctl_cor_TitleAndNameOfRepresentativeCoverPage" xlink:label="TitleAndNameOfRepresentativeCoverPage"/>
    <link:label xlink:type="resource" xlink:label="label_TitleAndNameOfRepresentativeCoverPage" xlink:role="http://www.xbrl.org/2003/role/label" xml:lang="en" id="label_TitleAndNameOfRepresentativeCoverPage">Title and name of representative</link:label>
    <link:labelArc xlink:type="arc" xlink:arcrole="http://www.xbrl.org/2003/arcrole/concept-label" xlink:from="TitleAndNameOfRepresentativeCoverPage" xlink:to="label_TitleAndNameOfRepresentativeCoverPage"/>
    <link:label xlink:type="resource" xlink:label="label_TitleAndNameOfRepresentativeCoverPage_2" xlink:role="http://www.xbrl.org/2003/role/verboseLabel" xml:lang="en" id="label_TitleAndNameOfRepresentativeCoverPage_2">Title and name of representative, Cover page</link:label>
    <link:labelArc xlink:type="arc" xlink:arcrole="http://www.xbrl.org/2003/arcrole/concept-label" xlink:from="TitleAndNameOfRepresentativeCoverPage" xlink:to="label_TitleAndNameOfRepresentativeCoverPage_2"/>
    <link:loc xlink:type="locator" xlink:href="../jpctl_cor_2021-11-01.xsd#jpctl_cor_TitleAndNameOfChiefFinancialOfficerCoverPage" xlink:label="TitleAndNameOfChiefFinancialOfficerCoverPage"/>
    <link:label xlink:type="resource" xlink:label="label_TitleAndNameOfChiefFinancialOfficerCoverPage" xlink:role="http://www.xbrl.org/2003/role/label" xml:lang="en" id="label_TitleAndNameOfChiefFinancialOfficerCoverPage">Title and name of chief financial officer</link:label>
    <link:labelArc xlink:type="arc" xlink:arcrole="http://www.xbrl.org/2003/arcrole/concept-label" xlink:from="TitleAndNameOfChiefFinancialOfficerCoverPage" xlink:to="label_TitleAndNameOfChiefFinancialOfficerCoverPage"/>
    <link:label xlink:type="resource" xlink:label="label_TitleAndNameOfChiefFinancialOfficerCoverPage_2" xlink:role="http://www.xbrl.org/2003/role/verboseLabel" xml:lang="en" id="label_TitleAndNameOfChiefFinancialOfficerCoverPage_2">Title and name of chief financial officer, Cover page</link:label>
    <link:labelArc xlink:type="arc" xlink:arcrole="http://www.xbrl.org/2003/arcrole/concept-label" xlink:from="TitleAndNameOfChiefFinancialOfficerCoverPage" xlink:to="label_TitleAndNameOfChiefFinancialOfficerCoverPage_2"/>
    <link:loc xlink:type="locator" xlink:href="../jpctl_cor_2021-11-01.xsd#jpctl_cor_AddressOfRegisteredHeadquarterCoverPage" xlink:label="AddressOfRegisteredHeadquarterCoverPage"/>
    <link:label xlink:type="resource" xlink:label="label_AddressOfRegisteredHeadquarterCoverPage" xlink:role="http://www.xbrl.org/2003/role/label" xml:lang="en" id="label_AddressOfRegisteredHeadquarterCoverPage">Address of registered headquarter</link:label>
    <link:labelArc xlink:type="arc" xlink:arcrole="http://www.xbrl.org/2003/arcrole/concept-label" xlink:from="AddressOfRegisteredHeadquarterCoverPage" xlink:to="label_AddressOfRegisteredHeadquarterCoverPage"/>
    <link:label xlink:type="resource" xlink:label="label_AddressOfRegisteredHeadquarterCoverPage_2" xlink:role="http://www.xbrl.org/2003/role/verboseLabel" xml:lang="en" id="label_AddressOfRegisteredHeadquarterCoverPage_2">Address of registered headquarter, Cover page</link:label>
    <link:labelArc xlink:type="arc" xlink:arcrole="http://www.xbrl.org/2003/arcrole/concept-label" xlink:from="AddressOfRegisteredHeadquarterCoverPage" xlink:to="label_AddressOfRegisteredHeadquarterCoverPage_2"/>
    <link:loc xlink:type="locator" xlink:href="../jpctl_cor_2021-11-01.xsd#jpctl_cor_PlaceForPublicInspectionCoverPageTextBlock" xlink:label="PlaceForPublicInspectionCoverPageTextBlock"/>
    <link:label xlink:type="resource" xlink:label="label_PlaceForPublicInspectionCoverPageTextBlock" xlink:role="http://www.xbrl.org/2003/role/label" xml:lang="en" id="label_PlaceForPublicInspectionCoverPageTextBlock">Place for public inspection</link:label>
    <link:labelArc xlink:type="arc" xlink:arcrole="http://www.xbrl.org/2003/arcrole/concept-label" xlink:from="PlaceForPublicInspectionCoverPageTextBlock" xlink:to="label_PlaceForPublicInspectionCoverPageTextBlock"/>
    <link:label xlink:type="resource" xlink:label="label_PlaceForPublicInspectionCoverPageTextBlock_2" xlink:role="http://www.xbrl.org/2003/role/verboseLabel" xml:lang="en" id="label_PlaceForPublicInspectionCoverPageTextBlock_2">Place for public inspection, Cover page [text block]</link:label>
    <link:labelArc xlink:type="arc" xlink:arcrole="http://www.xbrl.org/2003/arcrole/concept-label" xlink:from="PlaceForPublicInspectionCoverPageTextBlock" xlink:to="label_PlaceForPublicInspectionCoverPageTextBlock_2"/>
  </link:labelLink>
</link:linkbase>
