{
  "hash": "c0ea22df",
  "configHash": "ad1948ca",
  "lockfileHash": "f93fdfc9",
  "browserHash": "d153eabc",
  "optimized": {
    "@angular/core": {
      "src": "../../../../../../node_modules/@angular/core/fesm2022/core.mjs",
      "file": "@angular_core.js",
      "fileHash": "104aec6e",
      "needsInterop": false
    },
    "@angular/platform-browser": {
      "src": "../../../../../../node_modules/@angular/platform-browser/fesm2022/platform-browser.mjs",
      "file": "@angular_platform-browser.js",
      "fileHash": "81f2e477",
      "needsInterop": false
    },
    "@angular/router": {
      "src": "../../../../../../node_modules/@angular/router/fesm2022/router.mjs",
      "file": "@angular_router.js",
      "fileHash": "bb249fb7",
      "needsInterop": false
    }
  },
  "chunks": {
    "chunk-AF6E2FN5": {
      "file": "chunk-AF6E2FN5.js"
    },
    "chunk-GOPZBY37": {
      "file": "chunk-GOPZBY37.js"
    }
  }
}