<?xml version="1.0" encoding="UTF-8"?>
<!--  (c) Financial Services Agency, The Japanese Government.
      All Rights Reserved.
      For intellectual property policy and authorized uses of EDINET Taxonomy,
      refer to “EDINET Taxonomy Legal Statement” at http://www.fsa.go.jp/search/EDINET_Taxonomy_Legal_Statement.html
-->
<link:linkbase xmlns:link="http://www.xbrl.org/2003/linkbase" xmlns:xsi="http://www.w3.org/2001/XMLSchema-instance" xmlns:xlink="http://www.w3.org/1999/xlink" xmlns:xbrli="http://www.xbrl.org/2003/instance">
  <link:roleRef roleURI="http://disclosure.edinet-fsa.go.jp/role/jpcrp/rol_std_Shareholdings-10" xlink:type="simple" xlink:href="../jpcrp_rt_2020-11-01.xsd#rol_std_Shareholdings-10"/>
  <link:presentationLink xlink:type="extended" xlink:role="http://disclosure.edinet-fsa.go.jp/role/jpcrp/rol_std_Shareholdings-10">
    <link:loc xlink:type="locator" xlink:href="../jpcrp_cor_2020-11-01.xsd#jpcrp_cor_ShareholdingsHeading" xlink:label="ShareholdingsHeading"/>
    <link:loc xlink:type="locator" xlink:href="../jpcrp_cor_2020-11-01.xsd#jpcrp_cor_GroupCompanyHoldingLargestAmountOfInvestmentEquitySecuritiesInGroupEquitySecuritiesHeldAbstract" xlink:label="GroupCompanyHoldingLargestAmountOfInvestmentEquitySecuritiesInGroupEquitySecuritiesHeldAbstract"/>
    <link:presentationArc xlink:type="arc" xlink:arcrole="http://www.xbrl.org/2003/arcrole/parent-child" xlink:from="ShareholdingsHeading" xlink:to="GroupCompanyHoldingLargestAmountOfInvestmentEquitySecuritiesInGroupEquitySecuritiesHeldAbstract" order="1.0"/>
    <link:loc xlink:type="locator" xlink:href="../jpcrp_cor_2020-11-01.xsd#jpcrp_cor_InvestmentEquitySecuritiesHeldForPureInvestmentLargestHoldingCompanyAbstract" xlink:label="InvestmentEquitySecuritiesHeldForPureInvestmentLargestHoldingCompanyAbstract"/>
    <link:presentationArc xlink:type="arc" xlink:arcrole="http://www.xbrl.org/2003/arcrole/parent-child" xlink:from="GroupCompanyHoldingLargestAmountOfInvestmentEquitySecuritiesInGroupEquitySecuritiesHeldAbstract" xlink:to="InvestmentEquitySecuritiesHeldForPureInvestmentLargestHoldingCompanyAbstract" order="1.0"/>
    <link:loc xlink:type="locator" xlink:href="../jpcrp_cor_2020-11-01.xsd#jpcrp_cor_EquitySecuritiesNotListedInvestmentEquitySecuritiesHeldForPureInvestmentLargestHoldingCompanyAbstract" xlink:label="EquitySecuritiesNotListedInvestmentEquitySecuritiesHeldForPureInvestmentLargestHoldingCompanyAbstract"/>
    <link:presentationArc xlink:type="arc" xlink:arcrole="http://www.xbrl.org/2003/arcrole/parent-child" xlink:from="InvestmentEquitySecuritiesHeldForPureInvestmentLargestHoldingCompanyAbstract" xlink:to="EquitySecuritiesNotListedInvestmentEquitySecuritiesHeldForPureInvestmentLargestHoldingCompanyAbstract" order="1.0"/>
    <link:loc xlink:type="locator" xlink:href="../jpcrp_cor_2020-11-01.xsd#jpcrp_cor_NumberOfIssuesSharesNotListedInvestmentSharesHeldForPureInvestmentLargestHoldingCompany" xlink:label="NumberOfIssuesSharesNotListedInvestmentSharesHeldForPureInvestmentLargestHoldingCompany"/>
    <link:presentationArc xlink:type="arc" xlink:arcrole="http://www.xbrl.org/2003/arcrole/parent-child" xlink:from="EquitySecuritiesNotListedInvestmentEquitySecuritiesHeldForPureInvestmentLargestHoldingCompanyAbstract" xlink:to="NumberOfIssuesSharesNotListedInvestmentSharesHeldForPureInvestmentLargestHoldingCompany" order="1.0"/>
    <link:loc xlink:type="locator" xlink:href="../jpcrp_cor_2020-11-01.xsd#jpcrp_cor_BookValueEquitySecuritiesNotListedInvestmentEquitySecuritiesHeldForPureInvestmentLargestHoldingCompany" xlink:label="BookValueEquitySecuritiesNotListedInvestmentEquitySecuritiesHeldForPureInvestmentLargestHoldingCompany"/>
    <link:presentationArc xlink:type="arc" xlink:arcrole="http://www.xbrl.org/2003/arcrole/parent-child" xlink:from="EquitySecuritiesNotListedInvestmentEquitySecuritiesHeldForPureInvestmentLargestHoldingCompanyAbstract" xlink:to="BookValueEquitySecuritiesNotListedInvestmentEquitySecuritiesHeldForPureInvestmentLargestHoldingCompany" order="2.0"/>
    <link:loc xlink:type="locator" xlink:href="../jpcrp_cor_2020-11-01.xsd#jpcrp_cor_TotalOfDividendsReceivedEquitySecuritiesNotListedInvestmentEquitySecuritiesHeldForPureInvestmentLargestHoldingCompany" xlink:label="TotalOfDividendsReceivedEquitySecuritiesNotListedInvestmentEquitySecuritiesHeldForPureInvestmentLargestHoldingCompany"/>
    <link:presentationArc xlink:type="arc" xlink:arcrole="http://www.xbrl.org/2003/arcrole/parent-child" xlink:from="EquitySecuritiesNotListedInvestmentEquitySecuritiesHeldForPureInvestmentLargestHoldingCompanyAbstract" xlink:to="TotalOfDividendsReceivedEquitySecuritiesNotListedInvestmentEquitySecuritiesHeldForPureInvestmentLargestHoldingCompany" order="3.0"/>
    <link:loc xlink:type="locator" xlink:href="../jpcrp_cor_2020-11-01.xsd#jpcrp_cor_TotalOfGainLossOnSaleEquitySecuritiesNotListedInvestmentEquitySecuritiesHeldForPureInvestmentLargestHoldingCompany" xlink:label="TotalOfGainLossOnSaleEquitySecuritiesNotListedInvestmentEquitySecuritiesHeldForPureInvestmentLargestHoldingCompany"/>
    <link:presentationArc xlink:type="arc" xlink:arcrole="http://www.xbrl.org/2003/arcrole/parent-child" xlink:from="EquitySecuritiesNotListedInvestmentEquitySecuritiesHeldForPureInvestmentLargestHoldingCompanyAbstract" xlink:to="TotalOfGainLossOnSaleEquitySecuritiesNotListedInvestmentEquitySecuritiesHeldForPureInvestmentLargestHoldingCompany" order="4.0"/>
    <link:loc xlink:type="locator" xlink:href="../jpcrp_cor_2020-11-01.xsd#jpcrp_cor_TotalOfValuationGainLossEquitySecuritiesNotListedInvestmentEquitySecuritiesHeldForPureInvestmentLargestHoldingCompany" xlink:label="TotalOfValuationGainLossEquitySecuritiesNotListedInvestmentEquitySecuritiesHeldForPureInvestmentLargestHoldingCompany"/>
    <link:presentationArc xlink:type="arc" xlink:arcrole="http://www.xbrl.org/2003/arcrole/parent-child" xlink:from="EquitySecuritiesNotListedInvestmentEquitySecuritiesHeldForPureInvestmentLargestHoldingCompanyAbstract" xlink:to="TotalOfValuationGainLossEquitySecuritiesNotListedInvestmentEquitySecuritiesHeldForPureInvestmentLargestHoldingCompany" order="5.0"/>
    <link:loc xlink:type="locator" xlink:href="../jpcrp_cor_2020-11-01.xsd#jpcrp_cor_EquitySecuritiesOtherThanThoseNotListedInvestmentEquitySecuritiesHeldForPureInvestmentLargestHoldingCompanyAbstract" xlink:label="EquitySecuritiesOtherThanThoseNotListedInvestmentEquitySecuritiesHeldForPureInvestmentLargestHoldingCompanyAbstract"/>
    <link:presentationArc xlink:type="arc" xlink:arcrole="http://www.xbrl.org/2003/arcrole/parent-child" xlink:from="InvestmentEquitySecuritiesHeldForPureInvestmentLargestHoldingCompanyAbstract" xlink:to="EquitySecuritiesOtherThanThoseNotListedInvestmentEquitySecuritiesHeldForPureInvestmentLargestHoldingCompanyAbstract" order="2.0"/>
    <link:loc xlink:type="locator" xlink:href="../jpcrp_cor_2020-11-01.xsd#jpcrp_cor_NumberOfIssuesSharesOtherThanThoseNotListedInvestmentSharesHeldForPureInvestmentLargestHoldingCompany" xlink:label="NumberOfIssuesSharesOtherThanThoseNotListedInvestmentSharesHeldForPureInvestmentLargestHoldingCompany"/>
    <link:presentationArc xlink:type="arc" xlink:arcrole="http://www.xbrl.org/2003/arcrole/parent-child" xlink:from="EquitySecuritiesOtherThanThoseNotListedInvestmentEquitySecuritiesHeldForPureInvestmentLargestHoldingCompanyAbstract" xlink:to="NumberOfIssuesSharesOtherThanThoseNotListedInvestmentSharesHeldForPureInvestmentLargestHoldingCompany" order="1.0"/>
    <link:loc xlink:type="locator" xlink:href="../jpcrp_cor_2020-11-01.xsd#jpcrp_cor_BookValueEquitySecuritiesOtherThanThoseNotListedInvestmentEquitySecuritiesHeldForPureInvestmentLargestHoldingCompany" xlink:label="BookValueEquitySecuritiesOtherThanThoseNotListedInvestmentEquitySecuritiesHeldForPureInvestmentLargestHoldingCompany"/>
    <link:presentationArc xlink:type="arc" xlink:arcrole="http://www.xbrl.org/2003/arcrole/parent-child" xlink:from="EquitySecuritiesOtherThanThoseNotListedInvestmentEquitySecuritiesHeldForPureInvestmentLargestHoldingCompanyAbstract" xlink:to="BookValueEquitySecuritiesOtherThanThoseNotListedInvestmentEquitySecuritiesHeldForPureInvestmentLargestHoldingCompany" order="2.0"/>
    <link:loc xlink:type="locator" xlink:href="../jpcrp_cor_2020-11-01.xsd#jpcrp_cor_TotalOfDividendsReceivedEquitySecuritiesOtherThanThoseNotListedInvestmentEquitySecuritiesHeldForPureInvestmentLargestHoldingCompany" xlink:label="TotalOfDividendsReceivedEquitySecuritiesOtherThanThoseNotListedInvestmentEquitySecuritiesHeldForPureInvestmentLargestHoldingCompany"/>
    <link:presentationArc xlink:type="arc" xlink:arcrole="http://www.xbrl.org/2003/arcrole/parent-child" xlink:from="EquitySecuritiesOtherThanThoseNotListedInvestmentEquitySecuritiesHeldForPureInvestmentLargestHoldingCompanyAbstract" xlink:to="TotalOfDividendsReceivedEquitySecuritiesOtherThanThoseNotListedInvestmentEquitySecuritiesHeldForPureInvestmentLargestHoldingCompany" order="3.0"/>
    <link:loc xlink:type="locator" xlink:href="../jpcrp_cor_2020-11-01.xsd#jpcrp_cor_TotalOfGainLossOnSaleEquitySecuritiesOtherThanThoseNotListedInvestmentEquitySecuritiesHeldForPureInvestmentLargestHoldingCompany" xlink:label="TotalOfGainLossOnSaleEquitySecuritiesOtherThanThoseNotListedInvestmentEquitySecuritiesHeldForPureInvestmentLargestHoldingCompany"/>
    <link:presentationArc xlink:type="arc" xlink:arcrole="http://www.xbrl.org/2003/arcrole/parent-child" xlink:from="EquitySecuritiesOtherThanThoseNotListedInvestmentEquitySecuritiesHeldForPureInvestmentLargestHoldingCompanyAbstract" xlink:to="TotalOfGainLossOnSaleEquitySecuritiesOtherThanThoseNotListedInvestmentEquitySecuritiesHeldForPureInvestmentLargestHoldingCompany" order="4.0"/>
    <link:loc xlink:type="locator" xlink:href="../jpcrp_cor_2020-11-01.xsd#jpcrp_cor_TotalOfValuationGainLossEquitySecuritiesOtherThanThoseNotListedInvestmentEquitySecuritiesHeldForPureInvestmentLargestHoldingCompany" xlink:label="TotalOfValuationGainLossEquitySecuritiesOtherThanThoseNotListedInvestmentEquitySecuritiesHeldForPureInvestmentLargestHoldingCompany"/>
    <link:presentationArc xlink:type="arc" xlink:arcrole="http://www.xbrl.org/2003/arcrole/parent-child" xlink:from="EquitySecuritiesOtherThanThoseNotListedInvestmentEquitySecuritiesHeldForPureInvestmentLargestHoldingCompanyAbstract" xlink:to="TotalOfValuationGainLossEquitySecuritiesOtherThanThoseNotListedInvestmentEquitySecuritiesHeldForPureInvestmentLargestHoldingCompany" order="5.0"/>
  </link:presentationLink>
</link:linkbase>
