<?xml version="1.0" encoding="UTF-8"?>
<!--  (c) Financial Services Agency, The Japanese Government.
      All Rights Reserved.
      For intellectual property policy and authorized uses of EDINET Taxonomy,
      refer to “EDINET Taxonomy Legal Statement” at http://www.fsa.go.jp/search/EDINET_Taxonomy_Legal_Statement.html
-->
<link:linkbase xmlns:link="http://www.xbrl.org/2003/linkbase" xmlns:xsi="http://www.w3.org/2001/XMLSchema-instance" xmlns:xlink="http://www.w3.org/1999/xlink" xmlns:xbrli="http://www.xbrl.org/2003/instance">
  <link:roleRef roleURI="http://disclosure.edinet-fsa.go.jp/role/jpcrp/rol_std_Shareholdings-13" xlink:type="simple" xlink:href="../jpcrp_rt_2020-11-01.xsd#rol_std_Shareholdings-13"/>
  <link:presentationLink xlink:type="extended" xlink:role="http://disclosure.edinet-fsa.go.jp/role/jpcrp/rol_std_Shareholdings-13">
    <link:loc xlink:type="locator" xlink:href="../jpcrp_cor_2020-11-01.xsd#jpcrp_cor_ShareholdingsHeading" xlink:label="ShareholdingsHeading"/>
    <link:loc xlink:type="locator" xlink:href="../jpcrp_cor_2020-11-01.xsd#jpcrp_cor_GroupCompanyHoldingSecondLargestAmountOfInvestmentEquitySecuritiesInGroupEquitySecuritiesHeldAbstract" xlink:label="GroupCompanyHoldingSecondLargestAmountOfInvestmentEquitySecuritiesInGroupEquitySecuritiesHeldAbstract"/>
    <link:presentationArc xlink:type="arc" xlink:arcrole="http://www.xbrl.org/2003/arcrole/parent-child" xlink:from="ShareholdingsHeading" xlink:to="GroupCompanyHoldingSecondLargestAmountOfInvestmentEquitySecuritiesInGroupEquitySecuritiesHeldAbstract" order="1.0"/>
    <link:loc xlink:type="locator" xlink:href="../jpcrp_cor_2020-11-01.xsd#jpcrp_cor_InvestmentEquitySecuritiesHeldForPurposesOtherThanPureInvestmentSecondLargestHoldingCompanyAbstract" xlink:label="InvestmentEquitySecuritiesHeldForPurposesOtherThanPureInvestmentSecondLargestHoldingCompanyAbstract"/>
    <link:presentationArc xlink:type="arc" xlink:arcrole="http://www.xbrl.org/2003/arcrole/parent-child" xlink:from="GroupCompanyHoldingSecondLargestAmountOfInvestmentEquitySecuritiesInGroupEquitySecuritiesHeldAbstract" xlink:to="InvestmentEquitySecuritiesHeldForPurposesOtherThanPureInvestmentSecondLargestHoldingCompanyAbstract" order="1.0"/>
    <link:loc xlink:type="locator" xlink:href="../jpcrp_cor_2020-11-01.xsd#jpcrp_cor_SharesNotListedInvestmentSharesHeldForPurposesOtherThanPureInvestmentSecondLargestHoldingCompanyAbstract" xlink:label="SharesNotListedInvestmentSharesHeldForPurposesOtherThanPureInvestmentSecondLargestHoldingCompanyAbstract"/>
    <link:presentationArc xlink:type="arc" xlink:arcrole="http://www.xbrl.org/2003/arcrole/parent-child" xlink:from="InvestmentEquitySecuritiesHeldForPurposesOtherThanPureInvestmentSecondLargestHoldingCompanyAbstract" xlink:to="SharesNotListedInvestmentSharesHeldForPurposesOtherThanPureInvestmentSecondLargestHoldingCompanyAbstract" order="1.0"/>
    <link:loc xlink:type="locator" xlink:href="../jpcrp_cor_2020-11-01.xsd#jpcrp_cor_NumberOfIssuesSharesNotListedInvestmentSharesHeldForPurposesOtherThanPureInvestmentSecondLargestHoldingCompany" xlink:label="NumberOfIssuesSharesNotListedInvestmentSharesHeldForPurposesOtherThanPureInvestmentSecondLargestHoldingCompany"/>
    <link:presentationArc xlink:type="arc" xlink:arcrole="http://www.xbrl.org/2003/arcrole/parent-child" xlink:from="SharesNotListedInvestmentSharesHeldForPurposesOtherThanPureInvestmentSecondLargestHoldingCompanyAbstract" xlink:to="NumberOfIssuesSharesNotListedInvestmentSharesHeldForPurposesOtherThanPureInvestmentSecondLargestHoldingCompany" order="1.0"/>
    <link:loc xlink:type="locator" xlink:href="../jpcrp_cor_2020-11-01.xsd#jpcrp_cor_CarryingAmountSharesNotListedInvestmentSharesHeldForPurposesOtherThanPureInvestmentSecondLargestHoldingCompany" xlink:label="CarryingAmountSharesNotListedInvestmentSharesHeldForPurposesOtherThanPureInvestmentSecondLargestHoldingCompany"/>
    <link:presentationArc xlink:type="arc" xlink:arcrole="http://www.xbrl.org/2003/arcrole/parent-child" xlink:from="SharesNotListedInvestmentSharesHeldForPurposesOtherThanPureInvestmentSecondLargestHoldingCompanyAbstract" xlink:to="CarryingAmountSharesNotListedInvestmentSharesHeldForPurposesOtherThanPureInvestmentSecondLargestHoldingCompany" order="2.0"/>
    <link:loc xlink:type="locator" xlink:href="../jpcrp_cor_2020-11-01.xsd#jpcrp_cor_NumberOfIssuesWhoseNumberOfSharesIncreasedSharesNotListedInvestmentSharesHeldForPurposesOtherThanPureInvestmentSecondLargestHoldingCompany" xlink:label="NumberOfIssuesWhoseNumberOfSharesIncreasedSharesNotListedInvestmentSharesHeldForPurposesOtherThanPureInvestmentSecondLargestHoldingCompany"/>
    <link:presentationArc xlink:type="arc" xlink:arcrole="http://www.xbrl.org/2003/arcrole/parent-child" xlink:from="SharesNotListedInvestmentSharesHeldForPurposesOtherThanPureInvestmentSecondLargestHoldingCompanyAbstract" xlink:to="NumberOfIssuesWhoseNumberOfSharesIncreasedSharesNotListedInvestmentSharesHeldForPurposesOtherThanPureInvestmentSecondLargestHoldingCompany" order="3.0"/>
    <link:loc xlink:type="locator" xlink:href="../jpcrp_cor_2020-11-01.xsd#jpcrp_cor_TotalAcquisitionCostForIncreasedSharesSharesNotListedInvestmentSharesHeldForPurposesOtherThanPureInvestmentSecondLargestHoldingCompany" xlink:label="TotalAcquisitionCostForIncreasedSharesSharesNotListedInvestmentSharesHeldForPurposesOtherThanPureInvestmentSecondLargestHoldingCompany"/>
    <link:presentationArc xlink:type="arc" xlink:arcrole="http://www.xbrl.org/2003/arcrole/parent-child" xlink:from="SharesNotListedInvestmentSharesHeldForPurposesOtherThanPureInvestmentSecondLargestHoldingCompanyAbstract" xlink:to="TotalAcquisitionCostForIncreasedSharesSharesNotListedInvestmentSharesHeldForPurposesOtherThanPureInvestmentSecondLargestHoldingCompany" order="4.0"/>
    <link:loc xlink:type="locator" xlink:href="../jpcrp_cor_2020-11-01.xsd#jpcrp_cor_ReasonForIncreaseInNumberOfSharesSharesNotListedInvestmentSharesHeldForPurposesOtherThanPureInvestmentSecondLargestHoldingCompany" xlink:label="ReasonForIncreaseInNumberOfSharesSharesNotListedInvestmentSharesHeldForPurposesOtherThanPureInvestmentSecondLargestHoldingCompany"/>
    <link:presentationArc xlink:type="arc" xlink:arcrole="http://www.xbrl.org/2003/arcrole/parent-child" xlink:from="SharesNotListedInvestmentSharesHeldForPurposesOtherThanPureInvestmentSecondLargestHoldingCompanyAbstract" xlink:to="ReasonForIncreaseInNumberOfSharesSharesNotListedInvestmentSharesHeldForPurposesOtherThanPureInvestmentSecondLargestHoldingCompany" order="5.0"/>
    <link:loc xlink:type="locator" xlink:href="../jpcrp_cor_2020-11-01.xsd#jpcrp_cor_NumberOfIssuesWhoseNumberOfSharesDecreasedSharesNotListedInvestmentSharesHeldForPurposesOtherThanPureInvestmentSecondLargestHoldingCompany" xlink:label="NumberOfIssuesWhoseNumberOfSharesDecreasedSharesNotListedInvestmentSharesHeldForPurposesOtherThanPureInvestmentSecondLargestHoldingCompany"/>
    <link:presentationArc xlink:type="arc" xlink:arcrole="http://www.xbrl.org/2003/arcrole/parent-child" xlink:from="SharesNotListedInvestmentSharesHeldForPurposesOtherThanPureInvestmentSecondLargestHoldingCompanyAbstract" xlink:to="NumberOfIssuesWhoseNumberOfSharesDecreasedSharesNotListedInvestmentSharesHeldForPurposesOtherThanPureInvestmentSecondLargestHoldingCompany" order="6.0"/>
    <link:loc xlink:type="locator" xlink:href="../jpcrp_cor_2020-11-01.xsd#jpcrp_cor_TotalSaleAmountForDecreasedSharesSharesNotListedInvestmentSharesHeldForPurposesOtherThanPureInvestmentSecondLargestHoldingCompany" xlink:label="TotalSaleAmountForDecreasedSharesSharesNotListedInvestmentSharesHeldForPurposesOtherThanPureInvestmentSecondLargestHoldingCompany"/>
    <link:presentationArc xlink:type="arc" xlink:arcrole="http://www.xbrl.org/2003/arcrole/parent-child" xlink:from="SharesNotListedInvestmentSharesHeldForPurposesOtherThanPureInvestmentSecondLargestHoldingCompanyAbstract" xlink:to="TotalSaleAmountForDecreasedSharesSharesNotListedInvestmentSharesHeldForPurposesOtherThanPureInvestmentSecondLargestHoldingCompany" order="7.0"/>
    <link:loc xlink:type="locator" xlink:href="../jpcrp_cor_2020-11-01.xsd#jpcrp_cor_SharesOtherThanThoseNotListedInvestmentSharesHeldForPurposesOtherThanPureInvestmentSecondLargestHoldingCompanyAbstract" xlink:label="SharesOtherThanThoseNotListedInvestmentSharesHeldForPurposesOtherThanPureInvestmentSecondLargestHoldingCompanyAbstract"/>
    <link:presentationArc xlink:type="arc" xlink:arcrole="http://www.xbrl.org/2003/arcrole/parent-child" xlink:from="InvestmentEquitySecuritiesHeldForPurposesOtherThanPureInvestmentSecondLargestHoldingCompanyAbstract" xlink:to="SharesOtherThanThoseNotListedInvestmentSharesHeldForPurposesOtherThanPureInvestmentSecondLargestHoldingCompanyAbstract" order="2.0"/>
    <link:loc xlink:type="locator" xlink:href="../jpcrp_cor_2020-11-01.xsd#jpcrp_cor_NumberOfIssuesSharesOtherThanThoseNotListedInvestmentSharesHeldForPurposesOtherThanPureInvestmentSecondLargestHoldingCompany" xlink:label="NumberOfIssuesSharesOtherThanThoseNotListedInvestmentSharesHeldForPurposesOtherThanPureInvestmentSecondLargestHoldingCompany"/>
    <link:presentationArc xlink:type="arc" xlink:arcrole="http://www.xbrl.org/2003/arcrole/parent-child" xlink:from="SharesOtherThanThoseNotListedInvestmentSharesHeldForPurposesOtherThanPureInvestmentSecondLargestHoldingCompanyAbstract" xlink:to="NumberOfIssuesSharesOtherThanThoseNotListedInvestmentSharesHeldForPurposesOtherThanPureInvestmentSecondLargestHoldingCompany" order="1.0"/>
    <link:loc xlink:type="locator" xlink:href="../jpcrp_cor_2020-11-01.xsd#jpcrp_cor_CarryingAmountSharesOtherThanThoseNotListedInvestmentSharesHeldForPurposesOtherThanPureInvestmentSecondLargestHoldingCompany" xlink:label="CarryingAmountSharesOtherThanThoseNotListedInvestmentSharesHeldForPurposesOtherThanPureInvestmentSecondLargestHoldingCompany"/>
    <link:presentationArc xlink:type="arc" xlink:arcrole="http://www.xbrl.org/2003/arcrole/parent-child" xlink:from="SharesOtherThanThoseNotListedInvestmentSharesHeldForPurposesOtherThanPureInvestmentSecondLargestHoldingCompanyAbstract" xlink:to="CarryingAmountSharesOtherThanThoseNotListedInvestmentSharesHeldForPurposesOtherThanPureInvestmentSecondLargestHoldingCompany" order="2.0"/>
    <link:loc xlink:type="locator" xlink:href="../jpcrp_cor_2020-11-01.xsd#jpcrp_cor_NumberOfIssuesWhoseNumberOfSharesIncreasedSharesOtherThanThoseNotListedInvestmentSharesHeldForPurposesOtherThanPureInvestmentSecondLargestHoldingCompany" xlink:label="NumberOfIssuesWhoseNumberOfSharesIncreasedSharesOtherThanThoseNotListedInvestmentSharesHeldForPurposesOtherThanPureInvestmentSecondLargestHoldingCompany"/>
    <link:presentationArc xlink:type="arc" xlink:arcrole="http://www.xbrl.org/2003/arcrole/parent-child" xlink:from="SharesOtherThanThoseNotListedInvestmentSharesHeldForPurposesOtherThanPureInvestmentSecondLargestHoldingCompanyAbstract" xlink:to="NumberOfIssuesWhoseNumberOfSharesIncreasedSharesOtherThanThoseNotListedInvestmentSharesHeldForPurposesOtherThanPureInvestmentSecondLargestHoldingCompany" order="3.0"/>
    <link:loc xlink:type="locator" xlink:href="../jpcrp_cor_2020-11-01.xsd#jpcrp_cor_TotalAcquisitionCostForIncreasedSharesSharesOtherThanThoseNotListedInvestmentSharesHeldForPurposesOtherThanPureInvestmentSecondLargestHoldingCompany" xlink:label="TotalAcquisitionCostForIncreasedSharesSharesOtherThanThoseNotListedInvestmentSharesHeldForPurposesOtherThanPureInvestmentSecondLargestHoldingCompany"/>
    <link:presentationArc xlink:type="arc" xlink:arcrole="http://www.xbrl.org/2003/arcrole/parent-child" xlink:from="SharesOtherThanThoseNotListedInvestmentSharesHeldForPurposesOtherThanPureInvestmentSecondLargestHoldingCompanyAbstract" xlink:to="TotalAcquisitionCostForIncreasedSharesSharesOtherThanThoseNotListedInvestmentSharesHeldForPurposesOtherThanPureInvestmentSecondLargestHoldingCompany" order="4.0"/>
    <link:loc xlink:type="locator" xlink:href="../jpcrp_cor_2020-11-01.xsd#jpcrp_cor_ReasonForIncreaseInNumberOfSharesSharesOtherThanThoseNotListedInvestmentSharesHeldForPurposesOtherThanPureInvestmentSecondLargestHoldingCompany" xlink:label="ReasonForIncreaseInNumberOfSharesSharesOtherThanThoseNotListedInvestmentSharesHeldForPurposesOtherThanPureInvestmentSecondLargestHoldingCompany"/>
    <link:presentationArc xlink:type="arc" xlink:arcrole="http://www.xbrl.org/2003/arcrole/parent-child" xlink:from="SharesOtherThanThoseNotListedInvestmentSharesHeldForPurposesOtherThanPureInvestmentSecondLargestHoldingCompanyAbstract" xlink:to="ReasonForIncreaseInNumberOfSharesSharesOtherThanThoseNotListedInvestmentSharesHeldForPurposesOtherThanPureInvestmentSecondLargestHoldingCompany" order="5.0"/>
    <link:loc xlink:type="locator" xlink:href="../jpcrp_cor_2020-11-01.xsd#jpcrp_cor_NumberOfIssuesWhoseNumberOfSharesDecreasedSharesOtherThanThoseNotListedInvestmentSharesHeldForPurposesOtherThanPureInvestmentSecondLargestHoldingCompany" xlink:label="NumberOfIssuesWhoseNumberOfSharesDecreasedSharesOtherThanThoseNotListedInvestmentSharesHeldForPurposesOtherThanPureInvestmentSecondLargestHoldingCompany"/>
    <link:presentationArc xlink:type="arc" xlink:arcrole="http://www.xbrl.org/2003/arcrole/parent-child" xlink:from="SharesOtherThanThoseNotListedInvestmentSharesHeldForPurposesOtherThanPureInvestmentSecondLargestHoldingCompanyAbstract" xlink:to="NumberOfIssuesWhoseNumberOfSharesDecreasedSharesOtherThanThoseNotListedInvestmentSharesHeldForPurposesOtherThanPureInvestmentSecondLargestHoldingCompany" order="6.0"/>
    <link:loc xlink:type="locator" xlink:href="../jpcrp_cor_2020-11-01.xsd#jpcrp_cor_TotalSaleAmountForDecreasedSharesSharesOtherThanThoseNotListedInvestmentSharesHeldForPurposesOtherThanPureInvestmentSecondLargestHoldingCompany" xlink:label="TotalSaleAmountForDecreasedSharesSharesOtherThanThoseNotListedInvestmentSharesHeldForPurposesOtherThanPureInvestmentSecondLargestHoldingCompany"/>
    <link:presentationArc xlink:type="arc" xlink:arcrole="http://www.xbrl.org/2003/arcrole/parent-child" xlink:from="SharesOtherThanThoseNotListedInvestmentSharesHeldForPurposesOtherThanPureInvestmentSecondLargestHoldingCompanyAbstract" xlink:to="TotalSaleAmountForDecreasedSharesSharesOtherThanThoseNotListedInvestmentSharesHeldForPurposesOtherThanPureInvestmentSecondLargestHoldingCompany" order="7.0"/>
  </link:presentationLink>
</link:linkbase>
