<?xml version="1.0" encoding="UTF-8"?>
<!--  (c) Financial Services Agency, The Japanese Government.
      All Rights Reserved.
      For intellectual property policy and authorized uses of EDINET Taxonomy,
      refer to “EDINET Taxonomy Legal Statement” at http://www.fsa.go.jp/search/EDINET_Taxonomy_Legal_Statement.html
-->
<link:linkbase xmlns:link="http://www.xbrl.org/2003/linkbase" xmlns:xsi="http://www.w3.org/2001/XMLSchema-instance" xmlns:xlink="http://www.w3.org/1999/xlink" xmlns:xbrli="http://www.xbrl.org/2003/instance">
  <link:roleRef roleURI="http://disclosure.edinet-fsa.go.jp/role/jpcrp/rol_std_RemunerationForDirectorsAndOtherOfficers-02" xlink:type="simple" xlink:href="../jpcrp_rt_2020-11-01.xsd#rol_std_RemunerationForDirectorsAndOtherOfficers-02"/>
  <link:presentationLink xlink:type="extended" xlink:role="http://disclosure.edinet-fsa.go.jp/role/jpcrp/rol_std_RemunerationForDirectorsAndOtherOfficers-02">
    <link:loc xlink:type="locator" xlink:href="../jpcrp_cor_2020-11-01.xsd#jpcrp_cor_DirectorsAndOtherOfficersAxis" xlink:label="DirectorsAndOtherOfficersAxis"/>
    <link:loc xlink:type="locator" xlink:href="../jpcrp_cor_2020-11-01.xsd#jpcrp_cor_DirectorsAndOtherOfficersMember" xlink:label="DirectorsAndOtherOfficersMember"/>
    <link:presentationArc xlink:type="arc" xlink:arcrole="http://www.xbrl.org/2003/arcrole/parent-child" xlink:from="DirectorsAndOtherOfficersAxis" xlink:to="DirectorsAndOtherOfficersMember" order="1.0"/>
    <link:loc xlink:type="locator" xlink:href="../jpcrp_cor_2020-11-01.xsd#jpcrp_cor_RemunerationForDirectorsAndOtherOfficersHeading" xlink:label="RemunerationForDirectorsAndOtherOfficersHeading"/>
    <link:loc xlink:type="locator" xlink:href="../jpcrp_cor_2020-11-01.xsd#jpcrp_cor_RemunerationEtcPaidByGroupToEachDirectorOrOtherOfficerAbstract" xlink:label="RemunerationEtcPaidByGroupToEachDirectorOrOtherOfficerAbstract"/>
    <link:presentationArc xlink:type="arc" xlink:arcrole="http://www.xbrl.org/2003/arcrole/parent-child" xlink:from="RemunerationForDirectorsAndOtherOfficersHeading" xlink:to="RemunerationEtcPaidByGroupToEachDirectorOrOtherOfficerAbstract" order="1.0"/>
    <link:loc xlink:type="locator" xlink:href="../jpcrp_cor_2020-11-01.xsd#jpcrp_cor_RemunerationEtcPaidByGroupToEachDirectorOrOtherOfficerTable" xlink:label="RemunerationEtcPaidByGroupToEachDirectorOrOtherOfficerTable"/>
    <link:presentationArc xlink:type="arc" xlink:arcrole="http://www.xbrl.org/2003/arcrole/parent-child" xlink:from="RemunerationEtcPaidByGroupToEachDirectorOrOtherOfficerAbstract" xlink:to="RemunerationEtcPaidByGroupToEachDirectorOrOtherOfficerTable" order="1.0"/>
    <link:presentationArc xlink:type="arc" xlink:arcrole="http://www.xbrl.org/2003/arcrole/parent-child" xlink:from="RemunerationEtcPaidByGroupToEachDirectorOrOtherOfficerTable" xlink:to="DirectorsAndOtherOfficersAxis" order="1.0"/>
    <link:loc xlink:type="locator" xlink:href="../jpcrp_cor_2020-11-01.xsd#jpcrp_cor_RemunerationEtcPaidByGroupToEachDirectorOrOtherOfficerLineItems" xlink:label="RemunerationEtcPaidByGroupToEachDirectorOrOtherOfficerLineItems"/>
    <link:presentationArc xlink:type="arc" xlink:arcrole="http://www.xbrl.org/2003/arcrole/parent-child" xlink:from="RemunerationEtcPaidByGroupToEachDirectorOrOtherOfficerAbstract" xlink:to="RemunerationEtcPaidByGroupToEachDirectorOrOtherOfficerLineItems" order="2.0"/>
    <link:loc xlink:type="locator" xlink:href="../jpcrp_cor_2020-11-01.xsd#jpcrp_cor_TotalAmountOfRemunerationEtcPaidByGroupRemunerationEtcPaidByGroupToEachDirectorOrOtherOfficer" xlink:label="TotalAmountOfRemunerationEtcPaidByGroupRemunerationEtcPaidByGroupToEachDirectorOrOtherOfficer"/>
    <link:presentationArc xlink:type="arc" xlink:arcrole="http://www.xbrl.org/2003/arcrole/parent-child" xlink:from="RemunerationEtcPaidByGroupToEachDirectorOrOtherOfficerLineItems" xlink:to="TotalAmountOfRemunerationEtcPaidByGroupRemunerationEtcPaidByGroupToEachDirectorOrOtherOfficer" order="1.0"/>
  </link:presentationLink>
</link:linkbase>
