<?xml version="1.0" encoding="UTF-8"?>
<!--  (c) Financial Services Agency, The Japanese Government.
      All Rights Reserved.
      For intellectual property policy and authorized uses of EDINET Taxonomy,
      refer to “EDINET Taxonomy Legal Statement” at http://www.fsa.go.jp/search/EDINET_Taxonomy_Legal_Statement.html
-->
<link:linkbase xmlns:link="http://www.xbrl.org/2003/linkbase" xmlns:xsi="http://www.w3.org/2001/XMLSchema-instance" xmlns:xbrldt="http://xbrl.org/2005/xbrldt" xmlns:xlink="http://www.w3.org/1999/xlink" xmlns:xbrli="http://www.xbrl.org/2003/instance">
  <link:roleRef roleURI="http://disclosure.edinet-fsa.go.jp/role/jpigp/rol_std_ConsolidatedStatementOfProfitOrLossIFRS" xlink:type="simple" xlink:href="../jpigp_rt_2020-11-01.xsd#rol_std_ConsolidatedStatementOfProfitOrLossIFRS"/>
  <link:arcroleRef arcroleURI="http://xbrl.org/int/dim/arcrole/all" xlink:type="simple" xlink:href="http://www.xbrl.org/2005/xbrldt-2005.xsd#all"/>
  <link:arcroleRef arcroleURI="http://xbrl.org/int/dim/arcrole/dimension-default" xlink:type="simple" xlink:href="http://www.xbrl.org/2005/xbrldt-2005.xsd#dimension-default"/>
  <link:arcroleRef arcroleURI="http://xbrl.org/int/dim/arcrole/dimension-domain" xlink:type="simple" xlink:href="http://www.xbrl.org/2005/xbrldt-2005.xsd#dimension-domain"/>
  <link:arcroleRef arcroleURI="http://xbrl.org/int/dim/arcrole/domain-member" xlink:type="simple" xlink:href="http://www.xbrl.org/2005/xbrldt-2005.xsd#domain-member"/>
  <link:arcroleRef arcroleURI="http://xbrl.org/int/dim/arcrole/hypercube-dimension" xlink:type="simple" xlink:href="http://www.xbrl.org/2005/xbrldt-2005.xsd#hypercube-dimension"/>
  <link:definitionLink xlink:type="extended" xlink:role="http://disclosure.edinet-fsa.go.jp/role/jpigp/rol_std_ConsolidatedStatementOfProfitOrLossIFRS">
    <link:loc xlink:type="locator" xlink:href="../../../jppfs/2020-11-01/jppfs_cor_2020-11-01.xsd#jppfs_cor_ConsolidatedOrNonConsolidatedAxis" xlink:label="ConsolidatedOrNonConsolidatedAxis"/>
    <link:loc xlink:type="locator" xlink:href="../../../jppfs/2020-11-01/jppfs_cor_2020-11-01.xsd#jppfs_cor_ConsolidatedMember" xlink:label="ConsolidatedMember"/>
    <link:definitionArc xlink:type="arc" xlink:arcrole="http://xbrl.org/int/dim/arcrole/dimension-domain" xlink:from="ConsolidatedOrNonConsolidatedAxis" xlink:to="ConsolidatedMember" order="1.0"/>
    <link:loc xlink:type="locator" xlink:href="../../../jppfs/2020-11-01/jppfs_cor_2020-11-01.xsd#jppfs_cor_ConsolidatedMember" xlink:label="ConsolidatedMember_2"/>
    <link:definitionArc xlink:type="arc" xlink:arcrole="http://xbrl.org/int/dim/arcrole/dimension-default" xlink:from="ConsolidatedOrNonConsolidatedAxis" xlink:to="ConsolidatedMember_2" order="1.0"/>
    <link:loc xlink:type="locator" xlink:href="../jpigp_cor_2020-11-01.xsd#jpigp_cor_StatementOfProfitOrLossIFRSTable" xlink:label="StatementOfProfitOrLossIFRSTable"/>
    <link:definitionArc xlink:type="arc" xlink:arcrole="http://xbrl.org/int/dim/arcrole/hypercube-dimension" xlink:from="StatementOfProfitOrLossIFRSTable" xlink:to="ConsolidatedOrNonConsolidatedAxis" order="1.0"/>
    <link:loc xlink:type="locator" xlink:href="../jpigp_cor_2020-11-01.xsd#jpigp_cor_StatementOfProfitOrLossIFRSLineItems" xlink:label="StatementOfProfitOrLossIFRSLineItems"/>
    <link:loc xlink:type="locator" xlink:href="../jpigp_cor_2020-11-01.xsd#jpigp_cor_RevenueIFRS" xlink:label="RevenueIFRS"/>
    <link:definitionArc xlink:type="arc" xlink:arcrole="http://xbrl.org/int/dim/arcrole/domain-member" xlink:from="StatementOfProfitOrLossIFRSLineItems" xlink:to="RevenueIFRS" order="1.0"/>
    <link:loc xlink:type="locator" xlink:href="../jpigp_cor_2020-11-01.xsd#jpigp_cor_CostOfSalesIFRS" xlink:label="CostOfSalesIFRS"/>
    <link:definitionArc xlink:type="arc" xlink:arcrole="http://xbrl.org/int/dim/arcrole/domain-member" xlink:from="StatementOfProfitOrLossIFRSLineItems" xlink:to="CostOfSalesIFRS" order="2.0"/>
    <link:loc xlink:type="locator" xlink:href="../jpigp_cor_2020-11-01.xsd#jpigp_cor_GrossProfitIFRS" xlink:label="GrossProfitIFRS"/>
    <link:definitionArc xlink:type="arc" xlink:arcrole="http://xbrl.org/int/dim/arcrole/domain-member" xlink:from="StatementOfProfitOrLossIFRSLineItems" xlink:to="GrossProfitIFRS" order="3.0"/>
    <link:loc xlink:type="locator" xlink:href="../jpigp_cor_2020-11-01.xsd#jpigp_cor_SellingGeneralAndAdministrativeExpensesIFRS" xlink:label="SellingGeneralAndAdministrativeExpensesIFRS"/>
    <link:definitionArc xlink:type="arc" xlink:arcrole="http://xbrl.org/int/dim/arcrole/domain-member" xlink:from="StatementOfProfitOrLossIFRSLineItems" xlink:to="SellingGeneralAndAdministrativeExpensesIFRS" order="4.0"/>
    <link:loc xlink:type="locator" xlink:href="../jpigp_cor_2020-11-01.xsd#jpigp_cor_OtherIncomeIFRS" xlink:label="OtherIncomeIFRS"/>
    <link:definitionArc xlink:type="arc" xlink:arcrole="http://xbrl.org/int/dim/arcrole/domain-member" xlink:from="StatementOfProfitOrLossIFRSLineItems" xlink:to="OtherIncomeIFRS" order="5.0"/>
    <link:loc xlink:type="locator" xlink:href="../jpigp_cor_2020-11-01.xsd#jpigp_cor_OtherExpensesIFRS" xlink:label="OtherExpensesIFRS"/>
    <link:definitionArc xlink:type="arc" xlink:arcrole="http://xbrl.org/int/dim/arcrole/domain-member" xlink:from="StatementOfProfitOrLossIFRSLineItems" xlink:to="OtherExpensesIFRS" order="6.0"/>
    <link:loc xlink:type="locator" xlink:href="../jpigp_cor_2020-11-01.xsd#jpigp_cor_OperatingProfitLossIFRS" xlink:label="OperatingProfitLossIFRS"/>
    <link:definitionArc xlink:type="arc" xlink:arcrole="http://xbrl.org/int/dim/arcrole/domain-member" xlink:from="StatementOfProfitOrLossIFRSLineItems" xlink:to="OperatingProfitLossIFRS" order="7.0"/>
    <link:loc xlink:type="locator" xlink:href="../jpigp_cor_2020-11-01.xsd#jpigp_cor_FinanceIncomeIFRS" xlink:label="FinanceIncomeIFRS"/>
    <link:definitionArc xlink:type="arc" xlink:arcrole="http://xbrl.org/int/dim/arcrole/domain-member" xlink:from="StatementOfProfitOrLossIFRSLineItems" xlink:to="FinanceIncomeIFRS" order="8.0"/>
    <link:loc xlink:type="locator" xlink:href="../jpigp_cor_2020-11-01.xsd#jpigp_cor_FinanceCostsIFRS" xlink:label="FinanceCostsIFRS"/>
    <link:definitionArc xlink:type="arc" xlink:arcrole="http://xbrl.org/int/dim/arcrole/domain-member" xlink:from="StatementOfProfitOrLossIFRSLineItems" xlink:to="FinanceCostsIFRS" order="9.0"/>
    <link:loc xlink:type="locator" xlink:href="../jpigp_cor_2020-11-01.xsd#jpigp_cor_ShareOfProfitLossOfInvestmentsAccountedForUsingEquityMethodIFRS" xlink:label="ShareOfProfitLossOfInvestmentsAccountedForUsingEquityMethodIFRS"/>
    <link:definitionArc xlink:type="arc" xlink:arcrole="http://xbrl.org/int/dim/arcrole/domain-member" xlink:from="StatementOfProfitOrLossIFRSLineItems" xlink:to="ShareOfProfitLossOfInvestmentsAccountedForUsingEquityMethodIFRS" order="10.0"/>
    <link:loc xlink:type="locator" xlink:href="../jpigp_cor_2020-11-01.xsd#jpigp_cor_ProfitLossBeforeTaxIFRS" xlink:label="ProfitLossBeforeTaxIFRS"/>
    <link:definitionArc xlink:type="arc" xlink:arcrole="http://xbrl.org/int/dim/arcrole/domain-member" xlink:from="StatementOfProfitOrLossIFRSLineItems" xlink:to="ProfitLossBeforeTaxIFRS" order="11.0"/>
    <link:loc xlink:type="locator" xlink:href="../jpigp_cor_2020-11-01.xsd#jpigp_cor_IncomeTaxExpenseIFRS" xlink:label="IncomeTaxExpenseIFRS"/>
    <link:definitionArc xlink:type="arc" xlink:arcrole="http://xbrl.org/int/dim/arcrole/domain-member" xlink:from="StatementOfProfitOrLossIFRSLineItems" xlink:to="IncomeTaxExpenseIFRS" order="12.0"/>
    <link:loc xlink:type="locator" xlink:href="../jpigp_cor_2020-11-01.xsd#jpigp_cor_ProfitLossIFRS" xlink:label="ProfitLossIFRS"/>
    <link:definitionArc xlink:type="arc" xlink:arcrole="http://xbrl.org/int/dim/arcrole/domain-member" xlink:from="StatementOfProfitOrLossIFRSLineItems" xlink:to="ProfitLossIFRS" order="13.0"/>
    <link:loc xlink:type="locator" xlink:href="../jpigp_cor_2020-11-01.xsd#jpigp_cor_ProfitLossAttributableToIFRSAbstract" xlink:label="ProfitLossAttributableToIFRSAbstract"/>
    <link:definitionArc xlink:type="arc" xlink:arcrole="http://xbrl.org/int/dim/arcrole/domain-member" xlink:from="StatementOfProfitOrLossIFRSLineItems" xlink:to="ProfitLossAttributableToIFRSAbstract" order="14.0"/>
    <link:loc xlink:type="locator" xlink:href="../jpigp_cor_2020-11-01.xsd#jpigp_cor_ProfitLossAttributableToOwnersOfParentIFRS" xlink:label="ProfitLossAttributableToOwnersOfParentIFRS"/>
    <link:definitionArc xlink:type="arc" xlink:arcrole="http://xbrl.org/int/dim/arcrole/domain-member" xlink:from="ProfitLossAttributableToIFRSAbstract" xlink:to="ProfitLossAttributableToOwnersOfParentIFRS" order="1.0"/>
    <link:loc xlink:type="locator" xlink:href="../jpigp_cor_2020-11-01.xsd#jpigp_cor_ProfitLossAttributableToNonControllingInterestsIFRS" xlink:label="ProfitLossAttributableToNonControllingInterestsIFRS"/>
    <link:definitionArc xlink:type="arc" xlink:arcrole="http://xbrl.org/int/dim/arcrole/domain-member" xlink:from="ProfitLossAttributableToIFRSAbstract" xlink:to="ProfitLossAttributableToNonControllingInterestsIFRS" order="2.0"/>
    <link:loc xlink:type="locator" xlink:href="../jpigp_cor_2020-11-01.xsd#jpigp_cor_ProfitLossIFRS" xlink:label="ProfitLossIFRS_2"/>
    <link:definitionArc xlink:type="arc" xlink:arcrole="http://xbrl.org/int/dim/arcrole/domain-member" xlink:from="ProfitLossAttributableToIFRSAbstract" xlink:to="ProfitLossIFRS_2" order="3.0"/>
    <link:loc xlink:type="locator" xlink:href="../jpigp_cor_2020-11-01.xsd#jpigp_cor_EarningsLossPerShareIFRSAbstract" xlink:label="EarningsLossPerShareIFRSAbstract"/>
    <link:definitionArc xlink:type="arc" xlink:arcrole="http://xbrl.org/int/dim/arcrole/domain-member" xlink:from="StatementOfProfitOrLossIFRSLineItems" xlink:to="EarningsLossPerShareIFRSAbstract" order="15.0"/>
    <link:loc xlink:type="locator" xlink:href="../jpigp_cor_2020-11-01.xsd#jpigp_cor_BasicEarningsLossPerShareIFRS" xlink:label="BasicEarningsLossPerShareIFRS"/>
    <link:definitionArc xlink:type="arc" xlink:arcrole="http://xbrl.org/int/dim/arcrole/domain-member" xlink:from="EarningsLossPerShareIFRSAbstract" xlink:to="BasicEarningsLossPerShareIFRS" order="1.0"/>
    <link:loc xlink:type="locator" xlink:href="../jpigp_cor_2020-11-01.xsd#jpigp_cor_DilutedEarningsLossPerShareIFRS" xlink:label="DilutedEarningsLossPerShareIFRS"/>
    <link:definitionArc xlink:type="arc" xlink:arcrole="http://xbrl.org/int/dim/arcrole/domain-member" xlink:from="EarningsLossPerShareIFRSAbstract" xlink:to="DilutedEarningsLossPerShareIFRS" order="2.0"/>
    <link:loc xlink:type="locator" xlink:href="../jpigp_cor_2020-11-01.xsd#jpigp_cor_ConsolidatedStatementOfProfitOrLossIFRSHeading" xlink:label="ConsolidatedStatementOfProfitOrLossIFRSHeading"/>
    <link:definitionArc xlink:type="arc" xlink:arcrole="http://xbrl.org/int/dim/arcrole/all" xlink:from="ConsolidatedStatementOfProfitOrLossIFRSHeading" xlink:to="StatementOfProfitOrLossIFRSTable" order="1.0" xbrldt:contextElement="scenario" xbrldt:closed="true"/>
    <link:definitionArc xlink:type="arc" xlink:arcrole="http://xbrl.org/int/dim/arcrole/domain-member" xlink:from="ConsolidatedStatementOfProfitOrLossIFRSHeading" xlink:to="StatementOfProfitOrLossIFRSLineItems" order="1.0"/>
  </link:definitionLink>
</link:linkbase>
