<?xml version="1.0" encoding="UTF-8"?>
<!--  (c) Financial Services Agency, The Japanese Government.
      All Rights Reserved.
      For intellectual property policy and authorized uses of EDINET Taxonomy,
      refer to “EDINET Taxonomy Legal Statement” at http://www.fsa.go.jp/search/EDINET_Taxonomy_Legal_Statement.html
-->
<link:linkbase xmlns:link="http://www.xbrl.org/2003/linkbase" xmlns:xsi="http://www.w3.org/2001/XMLSchema-instance" xmlns:xlink="http://www.w3.org/1999/xlink" xmlns:xbrli="http://www.xbrl.org/2003/instance">
  <link:roleRef roleURI="http://disclosure.edinet-fsa.go.jp/role/jpigp/rol_std_ComponentsOfGoodwillAndIntangibleAssetsIFRS-ListOfAccounts" xlink:type="simple" xlink:href="../jpigp_rt_2020-11-01.xsd#rol_std_ComponentsOfGoodwillAndIntangibleAssetsIFRS-ListOfAccounts"/>
  <link:definitionLink xlink:type="extended" xlink:role="http://disclosure.edinet-fsa.go.jp/role/jpigp/rol_std_ComponentsOfGoodwillAndIntangibleAssetsIFRS-ListOfAccounts">
    <link:loc xlink:type="locator" xlink:href="../jpigp_cor_2020-11-01.xsd#jpigp_cor_ComponentsOfGoodwillAndIntangibleAssetsIFRSAbstract" xlink:label="ComponentsOfGoodwillAndIntangibleAssetsIFRSAbstract"/>
    <link:loc xlink:type="locator" xlink:href="../jpigp_cor_2020-11-01.xsd#jpigp_cor_ComponentsOfGoodwillAndIntangibleAssetsIFRSTable" xlink:label="ComponentsOfGoodwillAndIntangibleAssetsIFRSTable"/>
    <link:definitionArc xlink:type="arc" xlink:arcrole="http://www.xbrl.org/2003/arcrole/general-special" xlink:from="ComponentsOfGoodwillAndIntangibleAssetsIFRSAbstract" xlink:to="ComponentsOfGoodwillAndIntangibleAssetsIFRSTable" order="1.0"/>
    <link:loc xlink:type="locator" xlink:href="../jpigp_cor_2020-11-01.xsd#jpigp_cor_ComponentsOfGoodwillAndIntangibleAssetsIFRSLineItems" xlink:label="ComponentsOfGoodwillAndIntangibleAssetsIFRSLineItems"/>
    <link:definitionArc xlink:type="arc" xlink:arcrole="http://www.xbrl.org/2003/arcrole/general-special" xlink:from="ComponentsOfGoodwillAndIntangibleAssetsIFRSAbstract" xlink:to="ComponentsOfGoodwillAndIntangibleAssetsIFRSLineItems" order="2.0"/>
    <link:loc xlink:type="locator" xlink:href="../jpigp_cor_2020-11-01.xsd#jpigp_cor_AcquisitionCostComponentsOfGoodwillAndIntangibleAssetsIFRSAbstract" xlink:label="AcquisitionCostComponentsOfGoodwillAndIntangibleAssetsIFRSAbstract"/>
    <link:definitionArc xlink:type="arc" xlink:arcrole="http://www.xbrl.org/2003/arcrole/general-special" xlink:from="ComponentsOfGoodwillAndIntangibleAssetsIFRSLineItems" xlink:to="AcquisitionCostComponentsOfGoodwillAndIntangibleAssetsIFRSAbstract" order="1.0"/>
    <link:loc xlink:type="locator" xlink:href="../jpigp_cor_2020-11-01.xsd#jpigp_cor_TrademarksAcquisitionCostIFRS" xlink:label="TrademarksAcquisitionCostIFRS"/>
    <link:definitionArc xlink:type="arc" xlink:arcrole="http://www.xbrl.org/2003/arcrole/general-special" xlink:from="AcquisitionCostComponentsOfGoodwillAndIntangibleAssetsIFRSAbstract" xlink:to="TrademarksAcquisitionCostIFRS" order="2.0"/>
    <link:loc xlink:type="locator" xlink:href="../jpigp_cor_2020-11-01.xsd#jpigp_cor_CustomerRelatedAssetsAcquisitionCostIFRS" xlink:label="CustomerRelatedAssetsAcquisitionCostIFRS"/>
    <link:definitionArc xlink:type="arc" xlink:arcrole="http://www.xbrl.org/2003/arcrole/general-special" xlink:from="AcquisitionCostComponentsOfGoodwillAndIntangibleAssetsIFRSAbstract" xlink:to="CustomerRelatedAssetsAcquisitionCostIFRS" order="5.0"/>
    <link:loc xlink:type="locator" xlink:href="../jpigp_cor_2020-11-01.xsd#jpigp_cor_MarketingRightsAcquisitionCostIFRS" xlink:label="MarketingRightsAcquisitionCostIFRS"/>
    <link:definitionArc xlink:type="arc" xlink:arcrole="http://www.xbrl.org/2003/arcrole/general-special" xlink:from="AcquisitionCostComponentsOfGoodwillAndIntangibleAssetsIFRSAbstract" xlink:to="MarketingRightsAcquisitionCostIFRS" order="6.0"/>
    <link:loc xlink:type="locator" xlink:href="../jpigp_cor_2020-11-01.xsd#jpigp_cor_IntangibleAssetsAssociatedWithProductsAcquisitionCostIFRS" xlink:label="IntangibleAssetsAssociatedWithProductsAcquisitionCostIFRS"/>
    <link:definitionArc xlink:type="arc" xlink:arcrole="http://www.xbrl.org/2003/arcrole/general-special" xlink:from="AcquisitionCostComponentsOfGoodwillAndIntangibleAssetsIFRSAbstract" xlink:to="IntangibleAssetsAssociatedWithProductsAcquisitionCostIFRS" order="7.0"/>
    <link:loc xlink:type="locator" xlink:href="../jpigp_cor_2020-11-01.xsd#jpigp_cor_TechnologyBasedIntangibleAssetsAcquisitionCostIFRS" xlink:label="TechnologyBasedIntangibleAssetsAcquisitionCostIFRS"/>
    <link:definitionArc xlink:type="arc" xlink:arcrole="http://www.xbrl.org/2003/arcrole/general-special" xlink:from="AcquisitionCostComponentsOfGoodwillAndIntangibleAssetsIFRSAbstract" xlink:to="TechnologyBasedIntangibleAssetsAcquisitionCostIFRS" order="8.0"/>
    <link:loc xlink:type="locator" xlink:href="../jpigp_cor_2020-11-01.xsd#jpigp_cor_CapitalizedDevelopmentCostsAcquisitionCostIFRS" xlink:label="CapitalizedDevelopmentCostsAcquisitionCostIFRS"/>
    <link:definitionArc xlink:type="arc" xlink:arcrole="http://www.xbrl.org/2003/arcrole/general-special" xlink:from="AcquisitionCostComponentsOfGoodwillAndIntangibleAssetsIFRSAbstract" xlink:to="CapitalizedDevelopmentCostsAcquisitionCostIFRS" order="9.0"/>
    <link:loc xlink:type="locator" xlink:href="../jpigp_cor_2020-11-01.xsd#jpigp_cor_CapitalizedDevelopmentCosts2AcquisitionCostIFRS" xlink:label="CapitalizedDevelopmentCosts2AcquisitionCostIFRS"/>
    <link:definitionArc xlink:type="arc" xlink:arcrole="http://www.xbrl.org/2003/arcrole/general-special" xlink:from="AcquisitionCostComponentsOfGoodwillAndIntangibleAssetsIFRSAbstract" xlink:to="CapitalizedDevelopmentCosts2AcquisitionCostIFRS" order="10.0"/>
    <link:loc xlink:type="locator" xlink:href="../jpigp_cor_2020-11-01.xsd#jpigp_cor_InProcessResearchAndDevelopmentAcquisitionCostIFRS" xlink:label="InProcessResearchAndDevelopmentAcquisitionCostIFRS"/>
    <link:definitionArc xlink:type="arc" xlink:arcrole="http://www.xbrl.org/2003/arcrole/general-special" xlink:from="AcquisitionCostComponentsOfGoodwillAndIntangibleAssetsIFRSAbstract" xlink:to="InProcessResearchAndDevelopmentAcquisitionCostIFRS" order="11.0"/>
    <link:loc xlink:type="locator" xlink:href="../jpigp_cor_2020-11-01.xsd#jpigp_cor_MiningRightsAcquisitionCostIFRS" xlink:label="MiningRightsAcquisitionCostIFRS"/>
    <link:definitionArc xlink:type="arc" xlink:arcrole="http://www.xbrl.org/2003/arcrole/general-special" xlink:from="AcquisitionCostComponentsOfGoodwillAndIntangibleAssetsIFRSAbstract" xlink:to="MiningRightsAcquisitionCostIFRS" order="12.0"/>
    <link:loc xlink:type="locator" xlink:href="../jpigp_cor_2020-11-01.xsd#jpigp_cor_SoftwareForInternalUseAcquisitionCostIFRS" xlink:label="SoftwareForInternalUseAcquisitionCostIFRS"/>
    <link:definitionArc xlink:type="arc" xlink:arcrole="http://www.xbrl.org/2003/arcrole/general-special" xlink:from="AcquisitionCostComponentsOfGoodwillAndIntangibleAssetsIFRSAbstract" xlink:to="SoftwareForInternalUseAcquisitionCostIFRS" order="14.0"/>
    <link:loc xlink:type="locator" xlink:href="../jpigp_cor_2020-11-01.xsd#jpigp_cor_SoftwareForSaleAcquisitionCostIFRS" xlink:label="SoftwareForSaleAcquisitionCostIFRS"/>
    <link:definitionArc xlink:type="arc" xlink:arcrole="http://www.xbrl.org/2003/arcrole/general-special" xlink:from="AcquisitionCostComponentsOfGoodwillAndIntangibleAssetsIFRSAbstract" xlink:to="SoftwareForSaleAcquisitionCostIFRS" order="15.0"/>
    <link:loc xlink:type="locator" xlink:href="../jpigp_cor_2020-11-01.xsd#jpigp_cor_SoftwareInProgressAcquisitionCostIFRS" xlink:label="SoftwareInProgressAcquisitionCostIFRS"/>
    <link:definitionArc xlink:type="arc" xlink:arcrole="http://www.xbrl.org/2003/arcrole/general-special" xlink:from="AcquisitionCostComponentsOfGoodwillAndIntangibleAssetsIFRSAbstract" xlink:to="SoftwareInProgressAcquisitionCostIFRS" order="16.0"/>
    <link:loc xlink:type="locator" xlink:href="../jpigp_cor_2020-11-01.xsd#jpigp_cor_IntangibleAssetsAcquisitionCostIFRS" xlink:label="IntangibleAssetsAcquisitionCostIFRS"/>
    <link:definitionArc xlink:type="arc" xlink:arcrole="http://www.xbrl.org/2003/arcrole/general-special" xlink:from="AcquisitionCostComponentsOfGoodwillAndIntangibleAssetsIFRSAbstract" xlink:to="IntangibleAssetsAcquisitionCostIFRS" order="18.0"/>
    <link:loc xlink:type="locator" xlink:href="../jpigp_cor_2020-11-01.xsd#jpigp_cor_GoodwillAcquisitionCostIFRS" xlink:label="GoodwillAcquisitionCostIFRS"/>
    <link:definitionArc xlink:type="arc" xlink:arcrole="http://www.xbrl.org/2003/arcrole/general-special" xlink:from="AcquisitionCostComponentsOfGoodwillAndIntangibleAssetsIFRSAbstract" xlink:to="GoodwillAcquisitionCostIFRS" order="1.0"/>
    <link:loc xlink:type="locator" xlink:href="../jpigp_cor_2020-11-01.xsd#jpigp_cor_PatentsAcquisitionCostIFRS" xlink:label="PatentsAcquisitionCostIFRS"/>
    <link:definitionArc xlink:type="arc" xlink:arcrole="http://www.xbrl.org/2003/arcrole/general-special" xlink:from="AcquisitionCostComponentsOfGoodwillAndIntangibleAssetsIFRSAbstract" xlink:to="PatentsAcquisitionCostIFRS" order="3.0"/>
    <link:loc xlink:type="locator" xlink:href="../jpigp_cor_2020-11-01.xsd#jpigp_cor_CustomerRelationshipsAcquisitionCostIFRS" xlink:label="CustomerRelationshipsAcquisitionCostIFRS"/>
    <link:definitionArc xlink:type="arc" xlink:arcrole="http://www.xbrl.org/2003/arcrole/general-special" xlink:from="AcquisitionCostComponentsOfGoodwillAndIntangibleAssetsIFRSAbstract" xlink:to="CustomerRelationshipsAcquisitionCostIFRS" order="4.0"/>
    <link:loc xlink:type="locator" xlink:href="../jpigp_cor_2020-11-01.xsd#jpigp_cor_SoftwareAcquisitionCostIFRS" xlink:label="SoftwareAcquisitionCostIFRS"/>
    <link:definitionArc xlink:type="arc" xlink:arcrole="http://www.xbrl.org/2003/arcrole/general-special" xlink:from="AcquisitionCostComponentsOfGoodwillAndIntangibleAssetsIFRSAbstract" xlink:to="SoftwareAcquisitionCostIFRS" order="13.0"/>
    <link:loc xlink:type="locator" xlink:href="../jpigp_cor_2020-11-01.xsd#jpigp_cor_OtherComponentsOfIntangibleAssetsAcquisitionCostIFRS" xlink:label="OtherComponentsOfIntangibleAssetsAcquisitionCostIFRS"/>
    <link:definitionArc xlink:type="arc" xlink:arcrole="http://www.xbrl.org/2003/arcrole/general-special" xlink:from="AcquisitionCostComponentsOfGoodwillAndIntangibleAssetsIFRSAbstract" xlink:to="OtherComponentsOfIntangibleAssetsAcquisitionCostIFRS" order="17.0"/>
    <link:loc xlink:type="locator" xlink:href="../jpigp_cor_2020-11-01.xsd#jpigp_cor_GoodwillAndIntangibleAssetsAcquisitionCostIFRS" xlink:label="GoodwillAndIntangibleAssetsAcquisitionCostIFRS"/>
    <link:definitionArc xlink:type="arc" xlink:arcrole="http://www.xbrl.org/2003/arcrole/general-special" xlink:from="AcquisitionCostComponentsOfGoodwillAndIntangibleAssetsIFRSAbstract" xlink:to="GoodwillAndIntangibleAssetsAcquisitionCostIFRS" order="19.0"/>
    <link:loc xlink:type="locator" xlink:href="../jpigp_cor_2020-11-01.xsd#jpigp_cor_AccumulatedAmortizationAndImpairmentLossesComponentsOfGoodwillAndIntangibleAssetsIFRSAbstract" xlink:label="AccumulatedAmortizationAndImpairmentLossesComponentsOfGoodwillAndIntangibleAssetsIFRSAbstract"/>
    <link:definitionArc xlink:type="arc" xlink:arcrole="http://www.xbrl.org/2003/arcrole/general-special" xlink:from="ComponentsOfGoodwillAndIntangibleAssetsIFRSLineItems" xlink:to="AccumulatedAmortizationAndImpairmentLossesComponentsOfGoodwillAndIntangibleAssetsIFRSAbstract" order="2.0"/>
    <link:loc xlink:type="locator" xlink:href="../jpigp_cor_2020-11-01.xsd#jpigp_cor_TrademarksAccumulatedAmortizationAndImpairmentLossesIFRS" xlink:label="TrademarksAccumulatedAmortizationAndImpairmentLossesIFRS"/>
    <link:definitionArc xlink:type="arc" xlink:arcrole="http://www.xbrl.org/2003/arcrole/general-special" xlink:from="AccumulatedAmortizationAndImpairmentLossesComponentsOfGoodwillAndIntangibleAssetsIFRSAbstract" xlink:to="TrademarksAccumulatedAmortizationAndImpairmentLossesIFRS" order="2.0"/>
    <link:loc xlink:type="locator" xlink:href="../jpigp_cor_2020-11-01.xsd#jpigp_cor_CustomerRelatedAssetsAccumulatedAmortizationAndImpairmentLossesIFRS" xlink:label="CustomerRelatedAssetsAccumulatedAmortizationAndImpairmentLossesIFRS"/>
    <link:definitionArc xlink:type="arc" xlink:arcrole="http://www.xbrl.org/2003/arcrole/general-special" xlink:from="AccumulatedAmortizationAndImpairmentLossesComponentsOfGoodwillAndIntangibleAssetsIFRSAbstract" xlink:to="CustomerRelatedAssetsAccumulatedAmortizationAndImpairmentLossesIFRS" order="5.0"/>
    <link:loc xlink:type="locator" xlink:href="../jpigp_cor_2020-11-01.xsd#jpigp_cor_MarketingRightsAccumulatedAmortizationAndImpairmentLossesIFRS" xlink:label="MarketingRightsAccumulatedAmortizationAndImpairmentLossesIFRS"/>
    <link:definitionArc xlink:type="arc" xlink:arcrole="http://www.xbrl.org/2003/arcrole/general-special" xlink:from="AccumulatedAmortizationAndImpairmentLossesComponentsOfGoodwillAndIntangibleAssetsIFRSAbstract" xlink:to="MarketingRightsAccumulatedAmortizationAndImpairmentLossesIFRS" order="6.0"/>
    <link:loc xlink:type="locator" xlink:href="../jpigp_cor_2020-11-01.xsd#jpigp_cor_IntangibleAssetsAssociatedWithProductsAccumulatedAmortizationAndImpairmentLossesIFRS" xlink:label="IntangibleAssetsAssociatedWithProductsAccumulatedAmortizationAndImpairmentLossesIFRS"/>
    <link:definitionArc xlink:type="arc" xlink:arcrole="http://www.xbrl.org/2003/arcrole/general-special" xlink:from="AccumulatedAmortizationAndImpairmentLossesComponentsOfGoodwillAndIntangibleAssetsIFRSAbstract" xlink:to="IntangibleAssetsAssociatedWithProductsAccumulatedAmortizationAndImpairmentLossesIFRS" order="7.0"/>
    <link:loc xlink:type="locator" xlink:href="../jpigp_cor_2020-11-01.xsd#jpigp_cor_TechnologyBasedIntangibleAssetsAccumulatedAmortizationAndImpairmentLossesIFRS" xlink:label="TechnologyBasedIntangibleAssetsAccumulatedAmortizationAndImpairmentLossesIFRS"/>
    <link:definitionArc xlink:type="arc" xlink:arcrole="http://www.xbrl.org/2003/arcrole/general-special" xlink:from="AccumulatedAmortizationAndImpairmentLossesComponentsOfGoodwillAndIntangibleAssetsIFRSAbstract" xlink:to="TechnologyBasedIntangibleAssetsAccumulatedAmortizationAndImpairmentLossesIFRS" order="8.0"/>
    <link:loc xlink:type="locator" xlink:href="../jpigp_cor_2020-11-01.xsd#jpigp_cor_CapitalizedDevelopmentCostsAccumulatedAmortizationAndImpairmentLossesIFRS" xlink:label="CapitalizedDevelopmentCostsAccumulatedAmortizationAndImpairmentLossesIFRS"/>
    <link:definitionArc xlink:type="arc" xlink:arcrole="http://www.xbrl.org/2003/arcrole/general-special" xlink:from="AccumulatedAmortizationAndImpairmentLossesComponentsOfGoodwillAndIntangibleAssetsIFRSAbstract" xlink:to="CapitalizedDevelopmentCostsAccumulatedAmortizationAndImpairmentLossesIFRS" order="9.0"/>
    <link:loc xlink:type="locator" xlink:href="../jpigp_cor_2020-11-01.xsd#jpigp_cor_CapitalizedDevelopmentCosts2AccumulatedAmortizationAndImpairmentLossesIFRS" xlink:label="CapitalizedDevelopmentCosts2AccumulatedAmortizationAndImpairmentLossesIFRS"/>
    <link:definitionArc xlink:type="arc" xlink:arcrole="http://www.xbrl.org/2003/arcrole/general-special" xlink:from="AccumulatedAmortizationAndImpairmentLossesComponentsOfGoodwillAndIntangibleAssetsIFRSAbstract" xlink:to="CapitalizedDevelopmentCosts2AccumulatedAmortizationAndImpairmentLossesIFRS" order="10.0"/>
    <link:loc xlink:type="locator" xlink:href="../jpigp_cor_2020-11-01.xsd#jpigp_cor_InProcessResearchAndDevelopmentAccumulatedAmortizationAndImpairmentLossesIFRS" xlink:label="InProcessResearchAndDevelopmentAccumulatedAmortizationAndImpairmentLossesIFRS"/>
    <link:definitionArc xlink:type="arc" xlink:arcrole="http://www.xbrl.org/2003/arcrole/general-special" xlink:from="AccumulatedAmortizationAndImpairmentLossesComponentsOfGoodwillAndIntangibleAssetsIFRSAbstract" xlink:to="InProcessResearchAndDevelopmentAccumulatedAmortizationAndImpairmentLossesIFRS" order="11.0"/>
    <link:loc xlink:type="locator" xlink:href="../jpigp_cor_2020-11-01.xsd#jpigp_cor_MiningRightsAccumulatedAmortizationAndImpairmentLossesIFRS" xlink:label="MiningRightsAccumulatedAmortizationAndImpairmentLossesIFRS"/>
    <link:definitionArc xlink:type="arc" xlink:arcrole="http://www.xbrl.org/2003/arcrole/general-special" xlink:from="AccumulatedAmortizationAndImpairmentLossesComponentsOfGoodwillAndIntangibleAssetsIFRSAbstract" xlink:to="MiningRightsAccumulatedAmortizationAndImpairmentLossesIFRS" order="12.0"/>
    <link:loc xlink:type="locator" xlink:href="../jpigp_cor_2020-11-01.xsd#jpigp_cor_SoftwareForInternalUseAccumulatedAmortizationAndImpairmentLossesIFRS" xlink:label="SoftwareForInternalUseAccumulatedAmortizationAndImpairmentLossesIFRS"/>
    <link:definitionArc xlink:type="arc" xlink:arcrole="http://www.xbrl.org/2003/arcrole/general-special" xlink:from="AccumulatedAmortizationAndImpairmentLossesComponentsOfGoodwillAndIntangibleAssetsIFRSAbstract" xlink:to="SoftwareForInternalUseAccumulatedAmortizationAndImpairmentLossesIFRS" order="14.0"/>
    <link:loc xlink:type="locator" xlink:href="../jpigp_cor_2020-11-01.xsd#jpigp_cor_SoftwareForSaleAccumulatedAmortizationAndImpairmentLossesIFRS" xlink:label="SoftwareForSaleAccumulatedAmortizationAndImpairmentLossesIFRS"/>
    <link:definitionArc xlink:type="arc" xlink:arcrole="http://www.xbrl.org/2003/arcrole/general-special" xlink:from="AccumulatedAmortizationAndImpairmentLossesComponentsOfGoodwillAndIntangibleAssetsIFRSAbstract" xlink:to="SoftwareForSaleAccumulatedAmortizationAndImpairmentLossesIFRS" order="15.0"/>
    <link:loc xlink:type="locator" xlink:href="../jpigp_cor_2020-11-01.xsd#jpigp_cor_SoftwareInProgressAccumulatedImpairmentLossesIFRS" xlink:label="SoftwareInProgressAccumulatedImpairmentLossesIFRS"/>
    <link:definitionArc xlink:type="arc" xlink:arcrole="http://www.xbrl.org/2003/arcrole/general-special" xlink:from="AccumulatedAmortizationAndImpairmentLossesComponentsOfGoodwillAndIntangibleAssetsIFRSAbstract" xlink:to="SoftwareInProgressAccumulatedImpairmentLossesIFRS" order="16.0"/>
    <link:loc xlink:type="locator" xlink:href="../jpigp_cor_2020-11-01.xsd#jpigp_cor_IntangibleAssetsAccumulatedAmortizationAndImpairmentLossesIFRS" xlink:label="IntangibleAssetsAccumulatedAmortizationAndImpairmentLossesIFRS"/>
    <link:definitionArc xlink:type="arc" xlink:arcrole="http://www.xbrl.org/2003/arcrole/general-special" xlink:from="AccumulatedAmortizationAndImpairmentLossesComponentsOfGoodwillAndIntangibleAssetsIFRSAbstract" xlink:to="IntangibleAssetsAccumulatedAmortizationAndImpairmentLossesIFRS" order="18.0"/>
    <link:loc xlink:type="locator" xlink:href="../jpigp_cor_2020-11-01.xsd#jpigp_cor_GoodwillAccumulatedImpairmentLossesIFRS" xlink:label="GoodwillAccumulatedImpairmentLossesIFRS"/>
    <link:definitionArc xlink:type="arc" xlink:arcrole="http://www.xbrl.org/2003/arcrole/general-special" xlink:from="AccumulatedAmortizationAndImpairmentLossesComponentsOfGoodwillAndIntangibleAssetsIFRSAbstract" xlink:to="GoodwillAccumulatedImpairmentLossesIFRS" order="1.0"/>
    <link:loc xlink:type="locator" xlink:href="../jpigp_cor_2020-11-01.xsd#jpigp_cor_PatentsAccumulatedAmortizationAndImpairmentLossesIFRS" xlink:label="PatentsAccumulatedAmortizationAndImpairmentLossesIFRS"/>
    <link:definitionArc xlink:type="arc" xlink:arcrole="http://www.xbrl.org/2003/arcrole/general-special" xlink:from="AccumulatedAmortizationAndImpairmentLossesComponentsOfGoodwillAndIntangibleAssetsIFRSAbstract" xlink:to="PatentsAccumulatedAmortizationAndImpairmentLossesIFRS" order="3.0"/>
    <link:loc xlink:type="locator" xlink:href="../jpigp_cor_2020-11-01.xsd#jpigp_cor_CustomerRelationshipsAccumulatedAmortizationAndImpairmentLossesIFRS" xlink:label="CustomerRelationshipsAccumulatedAmortizationAndImpairmentLossesIFRS"/>
    <link:definitionArc xlink:type="arc" xlink:arcrole="http://www.xbrl.org/2003/arcrole/general-special" xlink:from="AccumulatedAmortizationAndImpairmentLossesComponentsOfGoodwillAndIntangibleAssetsIFRSAbstract" xlink:to="CustomerRelationshipsAccumulatedAmortizationAndImpairmentLossesIFRS" order="4.0"/>
    <link:loc xlink:type="locator" xlink:href="../jpigp_cor_2020-11-01.xsd#jpigp_cor_SoftwareAccumulatedAmortizationAndImpairmentLossesIFRS" xlink:label="SoftwareAccumulatedAmortizationAndImpairmentLossesIFRS"/>
    <link:definitionArc xlink:type="arc" xlink:arcrole="http://www.xbrl.org/2003/arcrole/general-special" xlink:from="AccumulatedAmortizationAndImpairmentLossesComponentsOfGoodwillAndIntangibleAssetsIFRSAbstract" xlink:to="SoftwareAccumulatedAmortizationAndImpairmentLossesIFRS" order="13.0"/>
    <link:loc xlink:type="locator" xlink:href="../jpigp_cor_2020-11-01.xsd#jpigp_cor_OtherComponentsOfIntangibleAssetsAccumulatedAmortizationAndImpairmentLossesIFRS" xlink:label="OtherComponentsOfIntangibleAssetsAccumulatedAmortizationAndImpairmentLossesIFRS"/>
    <link:definitionArc xlink:type="arc" xlink:arcrole="http://www.xbrl.org/2003/arcrole/general-special" xlink:from="AccumulatedAmortizationAndImpairmentLossesComponentsOfGoodwillAndIntangibleAssetsIFRSAbstract" xlink:to="OtherComponentsOfIntangibleAssetsAccumulatedAmortizationAndImpairmentLossesIFRS" order="17.0"/>
    <link:loc xlink:type="locator" xlink:href="../jpigp_cor_2020-11-01.xsd#jpigp_cor_GoodwillAndIntangibleAssetsAccumulatedAmortizationAndImpairmentLossesIFRS" xlink:label="GoodwillAndIntangibleAssetsAccumulatedAmortizationAndImpairmentLossesIFRS"/>
    <link:definitionArc xlink:type="arc" xlink:arcrole="http://www.xbrl.org/2003/arcrole/general-special" xlink:from="AccumulatedAmortizationAndImpairmentLossesComponentsOfGoodwillAndIntangibleAssetsIFRSAbstract" xlink:to="GoodwillAndIntangibleAssetsAccumulatedAmortizationAndImpairmentLossesIFRS" order="19.0"/>
    <link:loc xlink:type="locator" xlink:href="../jpigp_cor_2020-11-01.xsd#jpigp_cor_CarryingAmountComponentsOfGoodwillAndIntangibleAssetsIFRSAbstract" xlink:label="CarryingAmountComponentsOfGoodwillAndIntangibleAssetsIFRSAbstract"/>
    <link:definitionArc xlink:type="arc" xlink:arcrole="http://www.xbrl.org/2003/arcrole/general-special" xlink:from="ComponentsOfGoodwillAndIntangibleAssetsIFRSLineItems" xlink:to="CarryingAmountComponentsOfGoodwillAndIntangibleAssetsIFRSAbstract" order="3.0"/>
    <link:loc xlink:type="locator" xlink:href="../jpigp_cor_2020-11-01.xsd#jpigp_cor_TrademarksIFRS" xlink:label="TrademarksIFRS"/>
    <link:definitionArc xlink:type="arc" xlink:arcrole="http://www.xbrl.org/2003/arcrole/general-special" xlink:from="CarryingAmountComponentsOfGoodwillAndIntangibleAssetsIFRSAbstract" xlink:to="TrademarksIFRS" order="2.0"/>
    <link:loc xlink:type="locator" xlink:href="../jpigp_cor_2020-11-01.xsd#jpigp_cor_CustomerRelatedAssetsIFRS" xlink:label="CustomerRelatedAssetsIFRS"/>
    <link:definitionArc xlink:type="arc" xlink:arcrole="http://www.xbrl.org/2003/arcrole/general-special" xlink:from="CarryingAmountComponentsOfGoodwillAndIntangibleAssetsIFRSAbstract" xlink:to="CustomerRelatedAssetsIFRS" order="5.0"/>
    <link:loc xlink:type="locator" xlink:href="../jpigp_cor_2020-11-01.xsd#jpigp_cor_MarketingRightsIFRS" xlink:label="MarketingRightsIFRS"/>
    <link:definitionArc xlink:type="arc" xlink:arcrole="http://www.xbrl.org/2003/arcrole/general-special" xlink:from="CarryingAmountComponentsOfGoodwillAndIntangibleAssetsIFRSAbstract" xlink:to="MarketingRightsIFRS" order="6.0"/>
    <link:loc xlink:type="locator" xlink:href="../jpigp_cor_2020-11-01.xsd#jpigp_cor_IntangibleAssetsAssociatedWithProductsIFRS" xlink:label="IntangibleAssetsAssociatedWithProductsIFRS"/>
    <link:definitionArc xlink:type="arc" xlink:arcrole="http://www.xbrl.org/2003/arcrole/general-special" xlink:from="CarryingAmountComponentsOfGoodwillAndIntangibleAssetsIFRSAbstract" xlink:to="IntangibleAssetsAssociatedWithProductsIFRS" order="7.0"/>
    <link:loc xlink:type="locator" xlink:href="../jpigp_cor_2020-11-01.xsd#jpigp_cor_TechnologyBasedIntangibleAssetsIFRS" xlink:label="TechnologyBasedIntangibleAssetsIFRS"/>
    <link:definitionArc xlink:type="arc" xlink:arcrole="http://www.xbrl.org/2003/arcrole/general-special" xlink:from="CarryingAmountComponentsOfGoodwillAndIntangibleAssetsIFRSAbstract" xlink:to="TechnologyBasedIntangibleAssetsIFRS" order="8.0"/>
    <link:loc xlink:type="locator" xlink:href="../jpigp_cor_2020-11-01.xsd#jpigp_cor_CapitalizedDevelopmentCostsIFRS" xlink:label="CapitalizedDevelopmentCostsIFRS"/>
    <link:definitionArc xlink:type="arc" xlink:arcrole="http://www.xbrl.org/2003/arcrole/general-special" xlink:from="CarryingAmountComponentsOfGoodwillAndIntangibleAssetsIFRSAbstract" xlink:to="CapitalizedDevelopmentCostsIFRS" order="9.0"/>
    <link:loc xlink:type="locator" xlink:href="../jpigp_cor_2020-11-01.xsd#jpigp_cor_CapitalizedDevelopmentCosts2IFRS" xlink:label="CapitalizedDevelopmentCosts2IFRS"/>
    <link:definitionArc xlink:type="arc" xlink:arcrole="http://www.xbrl.org/2003/arcrole/general-special" xlink:from="CarryingAmountComponentsOfGoodwillAndIntangibleAssetsIFRSAbstract" xlink:to="CapitalizedDevelopmentCosts2IFRS" order="10.0"/>
    <link:loc xlink:type="locator" xlink:href="../jpigp_cor_2020-11-01.xsd#jpigp_cor_InProcessResearchAndDevelopmentIFRS" xlink:label="InProcessResearchAndDevelopmentIFRS"/>
    <link:definitionArc xlink:type="arc" xlink:arcrole="http://www.xbrl.org/2003/arcrole/general-special" xlink:from="CarryingAmountComponentsOfGoodwillAndIntangibleAssetsIFRSAbstract" xlink:to="InProcessResearchAndDevelopmentIFRS" order="11.0"/>
    <link:loc xlink:type="locator" xlink:href="../jpigp_cor_2020-11-01.xsd#jpigp_cor_MiningRightsIFRS" xlink:label="MiningRightsIFRS"/>
    <link:definitionArc xlink:type="arc" xlink:arcrole="http://www.xbrl.org/2003/arcrole/general-special" xlink:from="CarryingAmountComponentsOfGoodwillAndIntangibleAssetsIFRSAbstract" xlink:to="MiningRightsIFRS" order="12.0"/>
    <link:loc xlink:type="locator" xlink:href="../jpigp_cor_2020-11-01.xsd#jpigp_cor_SoftwareForInternalUseIFRS" xlink:label="SoftwareForInternalUseIFRS"/>
    <link:definitionArc xlink:type="arc" xlink:arcrole="http://www.xbrl.org/2003/arcrole/general-special" xlink:from="CarryingAmountComponentsOfGoodwillAndIntangibleAssetsIFRSAbstract" xlink:to="SoftwareForInternalUseIFRS" order="14.0"/>
    <link:loc xlink:type="locator" xlink:href="../jpigp_cor_2020-11-01.xsd#jpigp_cor_SoftwareForSaleIFRS" xlink:label="SoftwareForSaleIFRS"/>
    <link:definitionArc xlink:type="arc" xlink:arcrole="http://www.xbrl.org/2003/arcrole/general-special" xlink:from="CarryingAmountComponentsOfGoodwillAndIntangibleAssetsIFRSAbstract" xlink:to="SoftwareForSaleIFRS" order="15.0"/>
    <link:loc xlink:type="locator" xlink:href="../jpigp_cor_2020-11-01.xsd#jpigp_cor_SoftwareInProgressIFRS" xlink:label="SoftwareInProgressIFRS"/>
    <link:definitionArc xlink:type="arc" xlink:arcrole="http://www.xbrl.org/2003/arcrole/general-special" xlink:from="CarryingAmountComponentsOfGoodwillAndIntangibleAssetsIFRSAbstract" xlink:to="SoftwareInProgressIFRS" order="16.0"/>
    <link:loc xlink:type="locator" xlink:href="../jpigp_cor_2020-11-01.xsd#jpigp_cor_IntangibleAssetsIFRS" xlink:label="IntangibleAssetsIFRS"/>
    <link:definitionArc xlink:type="arc" xlink:arcrole="http://www.xbrl.org/2003/arcrole/general-special" xlink:from="CarryingAmountComponentsOfGoodwillAndIntangibleAssetsIFRSAbstract" xlink:to="IntangibleAssetsIFRS" order="18.0"/>
    <link:loc xlink:type="locator" xlink:href="../jpigp_cor_2020-11-01.xsd#jpigp_cor_GoodwillIFRS" xlink:label="GoodwillIFRS"/>
    <link:definitionArc xlink:type="arc" xlink:arcrole="http://www.xbrl.org/2003/arcrole/general-special" xlink:from="CarryingAmountComponentsOfGoodwillAndIntangibleAssetsIFRSAbstract" xlink:to="GoodwillIFRS" order="1.0"/>
    <link:loc xlink:type="locator" xlink:href="../jpigp_cor_2020-11-01.xsd#jpigp_cor_PatentsIFRS" xlink:label="PatentsIFRS"/>
    <link:definitionArc xlink:type="arc" xlink:arcrole="http://www.xbrl.org/2003/arcrole/general-special" xlink:from="CarryingAmountComponentsOfGoodwillAndIntangibleAssetsIFRSAbstract" xlink:to="PatentsIFRS" order="3.0"/>
    <link:loc xlink:type="locator" xlink:href="../jpigp_cor_2020-11-01.xsd#jpigp_cor_CustomerRelationshipsIFRS" xlink:label="CustomerRelationshipsIFRS"/>
    <link:definitionArc xlink:type="arc" xlink:arcrole="http://www.xbrl.org/2003/arcrole/general-special" xlink:from="CarryingAmountComponentsOfGoodwillAndIntangibleAssetsIFRSAbstract" xlink:to="CustomerRelationshipsIFRS" order="4.0"/>
    <link:loc xlink:type="locator" xlink:href="../jpigp_cor_2020-11-01.xsd#jpigp_cor_SoftwareIFRS" xlink:label="SoftwareIFRS"/>
    <link:definitionArc xlink:type="arc" xlink:arcrole="http://www.xbrl.org/2003/arcrole/general-special" xlink:from="CarryingAmountComponentsOfGoodwillAndIntangibleAssetsIFRSAbstract" xlink:to="SoftwareIFRS" order="13.0"/>
    <link:loc xlink:type="locator" xlink:href="../jpigp_cor_2020-11-01.xsd#jpigp_cor_OtherComponentsOfIntangibleAssetsIFRS" xlink:label="OtherComponentsOfIntangibleAssetsIFRS"/>
    <link:definitionArc xlink:type="arc" xlink:arcrole="http://www.xbrl.org/2003/arcrole/general-special" xlink:from="CarryingAmountComponentsOfGoodwillAndIntangibleAssetsIFRSAbstract" xlink:to="OtherComponentsOfIntangibleAssetsIFRS" order="17.0"/>
    <link:loc xlink:type="locator" xlink:href="../jpigp_cor_2020-11-01.xsd#jpigp_cor_GoodwillAndIntangibleAssetsIFRS" xlink:label="GoodwillAndIntangibleAssetsIFRS"/>
    <link:definitionArc xlink:type="arc" xlink:arcrole="http://www.xbrl.org/2003/arcrole/general-special" xlink:from="CarryingAmountComponentsOfGoodwillAndIntangibleAssetsIFRSAbstract" xlink:to="GoodwillAndIntangibleAssetsIFRS" order="19.0"/>
  </link:definitionLink>
</link:linkbase>
