<?xml version="1.0" encoding="UTF-8"?>
<!--  (c) Financial Services Agency, The Japanese Government.
      All Rights Reserved.
      For intellectual property policy and authorized uses of EDINET Taxonomy,
      refer to “EDINET Taxonomy Legal Statement” at http://www.fsa.go.jp/search/EDINET_Taxonomy_Legal_Statement.html
-->
<link:linkbase xmlns:xsi="http://www.w3.org/2001/XMLSchema-instance" xsi:schemaLocation="http://www.xbrl.org/2006/ref http://www.xbrl.org/2006/ref-2006-02-27.xsd" xmlns:link="http://www.xbrl.org/2003/linkbase" xmlns:ref="http://www.xbrl.org/2006/ref" xmlns:xlink="http://www.w3.org/1999/xlink" xmlns:xbrli="http://www.xbrl.org/2003/instance">
  <link:referenceLink xlink:type="extended" xlink:role="http://www.xbrl.org/2003/role/link">
    <link:loc xlink:type="locator" xlink:href="../jpdei_cor_2013-08-31.xsd#jpdei_cor_QuarterlyOrSemiAnnualPeriodOfNextFiscalYearDEIAbstract" xlink:label="QuarterlyOrSemiAnnualPeriodOfNextFiscalYearDEIAbstract"/>
    <link:reference xlink:type="resource" xlink:label="reference_QuarterlyOrSemiAnnualPeriodOfNextFiscalYearDEIAbstract" xlink:role="http://www.xbrl.org/2003/role/reference">
      <ref:Publisher>内閣府</ref:Publisher>
      <ref:Name>企業内容等の開示に関する内閣府令</ref:Name>
      <ref:IssueDate>2012-09-28</ref:IssueDate>
      <ref:Article>第二号様式 記載上の注意 (61)</ref:Article>
    </link:reference>
    <link:referenceArc xlink:type="arc" xlink:arcrole="http://www.xbrl.org/2003/arcrole/concept-reference" xlink:from="QuarterlyOrSemiAnnualPeriodOfNextFiscalYearDEIAbstract" xlink:to="reference_QuarterlyOrSemiAnnualPeriodOfNextFiscalYearDEIAbstract"/>
    <link:loc xlink:type="locator" xlink:href="../jpdei_cor_2013-08-31.xsd#jpdei_cor_NextFiscalYearStartDateDEI" xlink:label="NextFiscalYearStartDateDEI"/>
    <link:reference xlink:type="resource" xlink:label="reference_NextFiscalYearStartDateDEI" xlink:role="http://www.xbrl.org/2003/role/reference">
      <ref:Publisher>内閣府</ref:Publisher>
      <ref:Name>企業内容等の開示に関する内閣府令</ref:Name>
      <ref:IssueDate>2012-09-28</ref:IssueDate>
      <ref:Article>第二号様式 記載上の注意 (61)</ref:Article>
    </link:reference>
    <link:referenceArc xlink:type="arc" xlink:arcrole="http://www.xbrl.org/2003/arcrole/concept-reference" xlink:from="NextFiscalYearStartDateDEI" xlink:to="reference_NextFiscalYearStartDateDEI"/>
    <link:loc xlink:type="locator" xlink:href="../jpdei_cor_2013-08-31.xsd#jpdei_cor_EndDateOfQuarterlyOrSemiAnnualPeriodOfNextFiscalYearDEI" xlink:label="EndDateOfQuarterlyOrSemiAnnualPeriodOfNextFiscalYearDEI"/>
    <link:reference xlink:type="resource" xlink:label="reference_EndDateOfQuarterlyOrSemiAnnualPeriodOfNextFiscalYearDEI" xlink:role="http://www.xbrl.org/2003/role/reference">
      <ref:Publisher>内閣府</ref:Publisher>
      <ref:Name>企業内容等の開示に関する内閣府令</ref:Name>
      <ref:IssueDate>2012-09-28</ref:IssueDate>
      <ref:Article>第二号様式 記載上の注意 (61)</ref:Article>
    </link:reference>
    <link:referenceArc xlink:type="arc" xlink:arcrole="http://www.xbrl.org/2003/arcrole/concept-reference" xlink:from="EndDateOfQuarterlyOrSemiAnnualPeriodOfNextFiscalYearDEI" xlink:to="reference_EndDateOfQuarterlyOrSemiAnnualPeriodOfNextFiscalYearDEI"/>
  </link:referenceLink>
</link:linkbase>
