<?xml version="1.0" encoding="UTF-8"?>
<!--  (c) Financial Services Agency, The Japanese Government.
      All Rights Reserved.
      For intellectual property policy and authorized uses of EDINET Taxonomy,
      refer to “EDINET Taxonomy Legal Statement” at http://www.fsa.go.jp/search/EDINET_Taxonomy_Legal_Statement.html
-->
<link:linkbase xmlns:link="http://www.xbrl.org/2003/linkbase" xmlns:xsi="http://www.w3.org/2001/XMLSchema-instance" xmlns:xlink="http://www.w3.org/1999/xlink" xmlns:xbrli="http://www.xbrl.org/2003/instance">
  <link:roleRef roleURI="http://disclosure.edinet-fsa.go.jp/jppfs/NonConsolidatedInterim/role/label" xlink:type="simple" xlink:href="../../jppfs_rt_2023-12-01.xsd#rol_NonConsolidatedInterimLabel"/>
  <link:roleRef roleURI="http://disclosure.edinet-fsa.go.jp/jppfs/bnk/role/label" xlink:type="simple" xlink:href="../../jppfs_rt_2023-12-01.xsd#rol_BNKLabel"/>
  <link:roleRef roleURI="http://disclosure.edinet-fsa.go.jp/role/jppfs/rol_std_SemiAnnualStatementOfIncome" xlink:type="simple" xlink:href="../../jppfs_rt_2023-12-01.xsd#rol_std_SemiAnnualStatementOfIncome"/>
  <link:presentationLink xlink:type="extended" xlink:role="http://disclosure.edinet-fsa.go.jp/role/jppfs/rol_std_SemiAnnualStatementOfIncome">
    <link:loc xlink:type="locator" xlink:href="../../jppfs_cor_2023-12-01.xsd#jppfs_cor_ConsolidatedOrNonConsolidatedAxis" xlink:label="ConsolidatedOrNonConsolidatedAxis"/>
    <link:loc xlink:type="locator" xlink:href="../../jppfs_cor_2023-12-01.xsd#jppfs_cor_NonConsolidatedMember" xlink:label="NonConsolidatedMember"/>
    <link:presentationArc xlink:type="arc" xlink:arcrole="http://www.xbrl.org/2003/arcrole/parent-child" xlink:from="ConsolidatedOrNonConsolidatedAxis" xlink:to="NonConsolidatedMember" order="1.0"/>
    <link:loc xlink:type="locator" xlink:href="../../jppfs_cor_2023-12-01.xsd#jppfs_cor_StatementOfIncomeTable" xlink:label="StatementOfIncomeTable"/>
    <link:presentationArc xlink:type="arc" xlink:arcrole="http://www.xbrl.org/2003/arcrole/parent-child" xlink:from="StatementOfIncomeTable" xlink:to="ConsolidatedOrNonConsolidatedAxis" order="1.0"/>
    <link:loc xlink:type="locator" xlink:href="../../jppfs_cor_2023-12-01.xsd#jppfs_cor_StatementOfIncomeLineItems" xlink:label="StatementOfIncomeLineItems"/>
    <link:loc xlink:type="locator" xlink:href="../../jppfs_cor_2023-12-01.xsd#jppfs_cor_OrdinaryIncomeBNK" xlink:label="OrdinaryIncomeBNK"/>
    <link:presentationArc xlink:type="arc" xlink:arcrole="http://www.xbrl.org/2003/arcrole/parent-child" xlink:from="StatementOfIncomeLineItems" xlink:to="OrdinaryIncomeBNK" order="1.0"/>
    <link:loc xlink:type="locator" xlink:href="../../jppfs_cor_2023-12-01.xsd#jppfs_cor_InterestIncomeOIBNK" xlink:label="InterestIncomeOIBNK"/>
    <link:presentationArc xlink:type="arc" xlink:arcrole="http://www.xbrl.org/2003/arcrole/parent-child" xlink:from="OrdinaryIncomeBNK" xlink:to="InterestIncomeOIBNK" order="1.0"/>
    <link:loc xlink:type="locator" xlink:href="../../jppfs_cor_2023-12-01.xsd#jppfs_cor_InterestOnLoansAndDiscountsOIBNK" xlink:label="InterestOnLoansAndDiscountsOIBNK"/>
    <link:presentationArc xlink:type="arc" xlink:arcrole="http://www.xbrl.org/2003/arcrole/parent-child" xlink:from="InterestIncomeOIBNK" xlink:to="InterestOnLoansAndDiscountsOIBNK" order="1.0" preferredLabel="http://disclosure.edinet-fsa.go.jp/jppfs/bnk/role/label"/>
    <link:loc xlink:type="locator" xlink:href="../../jppfs_cor_2023-12-01.xsd#jppfs_cor_InterestAndDividendsOnSecuritiesOIBNK" xlink:label="InterestAndDividendsOnSecuritiesOIBNK"/>
    <link:presentationArc xlink:type="arc" xlink:arcrole="http://www.xbrl.org/2003/arcrole/parent-child" xlink:from="InterestIncomeOIBNK" xlink:to="InterestAndDividendsOnSecuritiesOIBNK" order="2.0" preferredLabel="http://disclosure.edinet-fsa.go.jp/jppfs/bnk/role/label"/>
    <link:loc xlink:type="locator" xlink:href="../../jppfs_cor_2023-12-01.xsd#jppfs_cor_FeesAndCommissionsOIBNK" xlink:label="FeesAndCommissionsOIBNK"/>
    <link:presentationArc xlink:type="arc" xlink:arcrole="http://www.xbrl.org/2003/arcrole/parent-child" xlink:from="OrdinaryIncomeBNK" xlink:to="FeesAndCommissionsOIBNK" order="2.0"/>
    <link:loc xlink:type="locator" xlink:href="../../jppfs_cor_2023-12-01.xsd#jppfs_cor_OtherOrdinaryIncomeOIBNK" xlink:label="OtherOrdinaryIncomeOIBNK"/>
    <link:presentationArc xlink:type="arc" xlink:arcrole="http://www.xbrl.org/2003/arcrole/parent-child" xlink:from="OrdinaryIncomeBNK" xlink:to="OtherOrdinaryIncomeOIBNK" order="3.0"/>
    <link:loc xlink:type="locator" xlink:href="../../jppfs_cor_2023-12-01.xsd#jppfs_cor_OtherIncomeOIBNK" xlink:label="OtherIncomeOIBNK"/>
    <link:presentationArc xlink:type="arc" xlink:arcrole="http://www.xbrl.org/2003/arcrole/parent-child" xlink:from="OrdinaryIncomeBNK" xlink:to="OtherIncomeOIBNK" order="4.0"/>
    <link:loc xlink:type="locator" xlink:href="../../jppfs_cor_2023-12-01.xsd#jppfs_cor_OrdinaryExpensesBNK" xlink:label="OrdinaryExpensesBNK"/>
    <link:presentationArc xlink:type="arc" xlink:arcrole="http://www.xbrl.org/2003/arcrole/parent-child" xlink:from="StatementOfIncomeLineItems" xlink:to="OrdinaryExpensesBNK" order="2.0"/>
    <link:loc xlink:type="locator" xlink:href="../../jppfs_cor_2023-12-01.xsd#jppfs_cor_InterestExpensesOEBNK" xlink:label="InterestExpensesOEBNK"/>
    <link:presentationArc xlink:type="arc" xlink:arcrole="http://www.xbrl.org/2003/arcrole/parent-child" xlink:from="OrdinaryExpensesBNK" xlink:to="InterestExpensesOEBNK" order="1.0"/>
    <link:loc xlink:type="locator" xlink:href="../../jppfs_cor_2023-12-01.xsd#jppfs_cor_InterestOnDepositsOEBNK" xlink:label="InterestOnDepositsOEBNK"/>
    <link:presentationArc xlink:type="arc" xlink:arcrole="http://www.xbrl.org/2003/arcrole/parent-child" xlink:from="InterestExpensesOEBNK" xlink:to="InterestOnDepositsOEBNK" order="1.0" preferredLabel="http://disclosure.edinet-fsa.go.jp/jppfs/bnk/role/label"/>
    <link:loc xlink:type="locator" xlink:href="../../jppfs_cor_2023-12-01.xsd#jppfs_cor_FeesAndCommissionsPaymentsOEBNK" xlink:label="FeesAndCommissionsPaymentsOEBNK"/>
    <link:presentationArc xlink:type="arc" xlink:arcrole="http://www.xbrl.org/2003/arcrole/parent-child" xlink:from="OrdinaryExpensesBNK" xlink:to="FeesAndCommissionsPaymentsOEBNK" order="2.0"/>
    <link:loc xlink:type="locator" xlink:href="../../jppfs_cor_2023-12-01.xsd#jppfs_cor_OtherOrdinaryExpensesOEBNK" xlink:label="OtherOrdinaryExpensesOEBNK"/>
    <link:presentationArc xlink:type="arc" xlink:arcrole="http://www.xbrl.org/2003/arcrole/parent-child" xlink:from="OrdinaryExpensesBNK" xlink:to="OtherOrdinaryExpensesOEBNK" order="3.0"/>
    <link:loc xlink:type="locator" xlink:href="../../jppfs_cor_2023-12-01.xsd#jppfs_cor_GeneralAndAdministrativeExpensesOEBNK" xlink:label="GeneralAndAdministrativeExpensesOEBNK"/>
    <link:presentationArc xlink:type="arc" xlink:arcrole="http://www.xbrl.org/2003/arcrole/parent-child" xlink:from="OrdinaryExpensesBNK" xlink:to="GeneralAndAdministrativeExpensesOEBNK" order="4.0"/>
    <link:loc xlink:type="locator" xlink:href="../../jppfs_cor_2023-12-01.xsd#jppfs_cor_OtherExpensesOEBNK" xlink:label="OtherExpensesOEBNK"/>
    <link:presentationArc xlink:type="arc" xlink:arcrole="http://www.xbrl.org/2003/arcrole/parent-child" xlink:from="OrdinaryExpensesBNK" xlink:to="OtherExpensesOEBNK" order="5.0"/>
    <link:loc xlink:type="locator" xlink:href="../../jppfs_cor_2023-12-01.xsd#jppfs_cor_ExtraordinaryIncome" xlink:label="ExtraordinaryIncome"/>
    <link:presentationArc xlink:type="arc" xlink:arcrole="http://www.xbrl.org/2003/arcrole/parent-child" xlink:from="StatementOfIncomeLineItems" xlink:to="ExtraordinaryIncome" order="4.0"/>
    <link:loc xlink:type="locator" xlink:href="../../jppfs_cor_2023-12-01.xsd#jppfs_cor_ExtraordinaryLoss" xlink:label="ExtraordinaryLoss"/>
    <link:presentationArc xlink:type="arc" xlink:arcrole="http://www.xbrl.org/2003/arcrole/parent-child" xlink:from="StatementOfIncomeLineItems" xlink:to="ExtraordinaryLoss" order="5.0"/>
    <link:loc xlink:type="locator" xlink:href="../../jppfs_cor_2023-12-01.xsd#jppfs_cor_OrdinaryIncome" xlink:label="OrdinaryIncome"/>
    <link:presentationArc xlink:type="arc" xlink:arcrole="http://www.xbrl.org/2003/arcrole/parent-child" xlink:from="StatementOfIncomeLineItems" xlink:to="OrdinaryIncome" order="3.0" preferredLabel="http://disclosure.edinet-fsa.go.jp/jppfs/bnk/role/label"/>
    <link:loc xlink:type="locator" xlink:href="../../jppfs_cor_2023-12-01.xsd#jppfs_cor_IncomeBeforeIncomeTaxes" xlink:label="IncomeBeforeIncomeTaxes"/>
    <link:presentationArc xlink:type="arc" xlink:arcrole="http://www.xbrl.org/2003/arcrole/parent-child" xlink:from="StatementOfIncomeLineItems" xlink:to="IncomeBeforeIncomeTaxes" order="6.0" preferredLabel="http://disclosure.edinet-fsa.go.jp/jppfs/NonConsolidatedInterim/role/label"/>
    <link:loc xlink:type="locator" xlink:href="../../jppfs_cor_2023-12-01.xsd#jppfs_cor_IncomeTaxesCurrent" xlink:label="IncomeTaxesCurrent"/>
    <link:presentationArc xlink:type="arc" xlink:arcrole="http://www.xbrl.org/2003/arcrole/parent-child" xlink:from="StatementOfIncomeLineItems" xlink:to="IncomeTaxesCurrent" order="7.0"/>
    <link:loc xlink:type="locator" xlink:href="../../jppfs_cor_2023-12-01.xsd#jppfs_cor_IncomeTaxesDeferred" xlink:label="IncomeTaxesDeferred"/>
    <link:presentationArc xlink:type="arc" xlink:arcrole="http://www.xbrl.org/2003/arcrole/parent-child" xlink:from="StatementOfIncomeLineItems" xlink:to="IncomeTaxesDeferred" order="8.0"/>
    <link:loc xlink:type="locator" xlink:href="../../jppfs_cor_2023-12-01.xsd#jppfs_cor_IncomeTaxes" xlink:label="IncomeTaxes"/>
    <link:presentationArc xlink:type="arc" xlink:arcrole="http://www.xbrl.org/2003/arcrole/parent-child" xlink:from="StatementOfIncomeLineItems" xlink:to="IncomeTaxes" order="9.0" preferredLabel="http://www.xbrl.org/2003/role/totalLabel"/>
    <link:loc xlink:type="locator" xlink:href="../../jppfs_cor_2023-12-01.xsd#jppfs_cor_ProfitLoss" xlink:label="ProfitLoss"/>
    <link:presentationArc xlink:type="arc" xlink:arcrole="http://www.xbrl.org/2003/arcrole/parent-child" xlink:from="StatementOfIncomeLineItems" xlink:to="ProfitLoss" order="10.0" preferredLabel="http://disclosure.edinet-fsa.go.jp/jppfs/NonConsolidatedInterim/role/label"/>
    <link:loc xlink:type="locator" xlink:href="../../jppfs_cor_2023-12-01.xsd#jppfs_cor_SemiAnnualStatementOfIncomeHeading" xlink:label="SemiAnnualStatementOfIncomeHeading"/>
    <link:presentationArc xlink:type="arc" xlink:arcrole="http://www.xbrl.org/2003/arcrole/parent-child" xlink:from="SemiAnnualStatementOfIncomeHeading" xlink:to="StatementOfIncomeTable" order="1.0" preferredLabel="http://disclosure.edinet-fsa.go.jp/jppfs/NonConsolidatedInterim/role/label"/>
    <link:presentationArc xlink:type="arc" xlink:arcrole="http://www.xbrl.org/2003/arcrole/parent-child" xlink:from="SemiAnnualStatementOfIncomeHeading" xlink:to="StatementOfIncomeLineItems" order="2.0" preferredLabel="http://disclosure.edinet-fsa.go.jp/jppfs/NonConsolidatedInterim/role/label"/>
  </link:presentationLink>
</link:linkbase>
