<?xml version="1.0" encoding="UTF-8"?>
<!--  (c) Financial Services Agency, The Japanese Government.
      All Rights Reserved.
      For intellectual property policy and authorized uses of EDINET Taxonomy,
      refer to “EDINET Taxonomy Legal Statement” at http://www.fsa.go.jp/search/EDINET_Taxonomy_Legal_Statement.html
-->
<link:linkbase xmlns:link="http://www.xbrl.org/2003/linkbase" xmlns:xsi="http://www.w3.org/2001/XMLSchema-instance" xmlns:xlink="http://www.w3.org/1999/xlink" xmlns:xbrli="http://www.xbrl.org/2003/instance">
  <link:roleRef roleURI="http://disclosure.edinet-fsa.go.jp/role/jpcrp/rol_std_Shareholdings-12" xlink:type="simple" xlink:href="../jpcrp_rt_2023-12-01.xsd#rol_std_Shareholdings-12"/>
  <link:presentationLink xlink:type="extended" xlink:role="http://disclosure.edinet-fsa.go.jp/role/jpcrp/rol_std_Shareholdings-12">
    <link:loc xlink:type="locator" xlink:href="../jpcrp_cor_2023-12-01.xsd#jpcrp_cor_SequentialNumbersAxis" xlink:label="SequentialNumbersAxis"/>
    <link:loc xlink:type="locator" xlink:href="../jpcrp_cor_2023-12-01.xsd#jpcrp_cor_Row1Member" xlink:label="Row1Member"/>
    <link:presentationArc xlink:type="arc" xlink:arcrole="http://www.xbrl.org/2003/arcrole/parent-child" xlink:from="SequentialNumbersAxis" xlink:to="Row1Member" order="1.0"/>
    <link:loc xlink:type="locator" xlink:href="../jpcrp_cor_2023-12-01.xsd#jpcrp_cor_Row2Member" xlink:label="Row2Member"/>
    <link:presentationArc xlink:type="arc" xlink:arcrole="http://www.xbrl.org/2003/arcrole/parent-child" xlink:from="SequentialNumbersAxis" xlink:to="Row2Member" order="2.0"/>
    <link:loc xlink:type="locator" xlink:href="../jpcrp_cor_2023-12-01.xsd#jpcrp_cor_Row3Member" xlink:label="Row3Member"/>
    <link:presentationArc xlink:type="arc" xlink:arcrole="http://www.xbrl.org/2003/arcrole/parent-child" xlink:from="SequentialNumbersAxis" xlink:to="Row3Member" order="3.0"/>
    <link:loc xlink:type="locator" xlink:href="../jpcrp_cor_2023-12-01.xsd#jpcrp_cor_ShareholdingsHeading" xlink:label="ShareholdingsHeading"/>
    <link:loc xlink:type="locator" xlink:href="../jpcrp_cor_2023-12-01.xsd#jpcrp_cor_GroupCompanyHoldingLargestAmountOfInvestmentEquitySecuritiesInGroupEquitySecuritiesHeldAbstract" xlink:label="GroupCompanyHoldingLargestAmountOfInvestmentEquitySecuritiesInGroupEquitySecuritiesHeldAbstract"/>
    <link:presentationArc xlink:type="arc" xlink:arcrole="http://www.xbrl.org/2003/arcrole/parent-child" xlink:from="ShareholdingsHeading" xlink:to="GroupCompanyHoldingLargestAmountOfInvestmentEquitySecuritiesInGroupEquitySecuritiesHeldAbstract" order="1.0"/>
    <link:loc xlink:type="locator" xlink:href="../jpcrp_cor_2023-12-01.xsd#jpcrp_cor_InvestmentEquitySecuritiesReclassifiedFromHeldForPurposesOtherThanPureInvestmentToHeldForPureInvestmentLargestHoldingCompanyTable" xlink:label="InvestmentEquitySecuritiesReclassifiedFromHeldForPurposesOtherThanPureInvestmentToHeldForPureInvestmentLargestHoldingCompanyTable"/>
    <link:presentationArc xlink:type="arc" xlink:arcrole="http://www.xbrl.org/2003/arcrole/parent-child" xlink:from="GroupCompanyHoldingLargestAmountOfInvestmentEquitySecuritiesInGroupEquitySecuritiesHeldAbstract" xlink:to="InvestmentEquitySecuritiesReclassifiedFromHeldForPurposesOtherThanPureInvestmentToHeldForPureInvestmentLargestHoldingCompanyTable" order="1.0"/>
    <link:presentationArc xlink:type="arc" xlink:arcrole="http://www.xbrl.org/2003/arcrole/parent-child" xlink:from="InvestmentEquitySecuritiesReclassifiedFromHeldForPurposesOtherThanPureInvestmentToHeldForPureInvestmentLargestHoldingCompanyTable" xlink:to="SequentialNumbersAxis" order="1.0"/>
    <link:loc xlink:type="locator" xlink:href="../jpcrp_cor_2023-12-01.xsd#jpcrp_cor_InvestmentEquitySecuritiesReclassifiedFromHeldForPurposesOtherThanPureInvestmentToHeldForPureInvestmentLargestHoldingCompanyLineItems" xlink:label="InvestmentEquitySecuritiesReclassifiedFromHeldForPurposesOtherThanPureInvestmentToHeldForPureInvestmentLargestHoldingCompanyLineItems"/>
    <link:presentationArc xlink:type="arc" xlink:arcrole="http://www.xbrl.org/2003/arcrole/parent-child" xlink:from="GroupCompanyHoldingLargestAmountOfInvestmentEquitySecuritiesInGroupEquitySecuritiesHeldAbstract" xlink:to="InvestmentEquitySecuritiesReclassifiedFromHeldForPurposesOtherThanPureInvestmentToHeldForPureInvestmentLargestHoldingCompanyLineItems" order="2.0"/>
    <link:loc xlink:type="locator" xlink:href="../jpcrp_cor_2023-12-01.xsd#jpcrp_cor_NameOfSecuritiesInvestmentEquitySecuritiesReclassifiedFromHeldForPurposesOtherThanPureInvestmentToHeldForPureInvestmentLargestHoldingCompany" xlink:label="NameOfSecuritiesInvestmentEquitySecuritiesReclassifiedFromHeldForPurposesOtherThanPureInvestmentToHeldForPureInvestmentLargestHoldingCompany"/>
    <link:presentationArc xlink:type="arc" xlink:arcrole="http://www.xbrl.org/2003/arcrole/parent-child" xlink:from="InvestmentEquitySecuritiesReclassifiedFromHeldForPurposesOtherThanPureInvestmentToHeldForPureInvestmentLargestHoldingCompanyLineItems" xlink:to="NameOfSecuritiesInvestmentEquitySecuritiesReclassifiedFromHeldForPurposesOtherThanPureInvestmentToHeldForPureInvestmentLargestHoldingCompany" order="1.0"/>
    <link:loc xlink:type="locator" xlink:href="../jpcrp_cor_2023-12-01.xsd#jpcrp_cor_NumberOfSharesHeldInvestmentEquitySecuritiesReclassifiedFromHeldForPurposesOtherThanPureInvestmentToHeldForPureInvestmentLargestHoldingCompany" xlink:label="NumberOfSharesHeldInvestmentEquitySecuritiesReclassifiedFromHeldForPurposesOtherThanPureInvestmentToHeldForPureInvestmentLargestHoldingCompany"/>
    <link:presentationArc xlink:type="arc" xlink:arcrole="http://www.xbrl.org/2003/arcrole/parent-child" xlink:from="InvestmentEquitySecuritiesReclassifiedFromHeldForPurposesOtherThanPureInvestmentToHeldForPureInvestmentLargestHoldingCompanyLineItems" xlink:to="NumberOfSharesHeldInvestmentEquitySecuritiesReclassifiedFromHeldForPurposesOtherThanPureInvestmentToHeldForPureInvestmentLargestHoldingCompany" order="2.0"/>
    <link:loc xlink:type="locator" xlink:href="../jpcrp_cor_2023-12-01.xsd#jpcrp_cor_BookValueInvestmentEquitySecuritiesReclassifiedFromHeldForPurposesOtherThanPureInvestmentToHeldForPureInvestmentLargestHoldingCompany" xlink:label="BookValueInvestmentEquitySecuritiesReclassifiedFromHeldForPurposesOtherThanPureInvestmentToHeldForPureInvestmentLargestHoldingCompany"/>
    <link:presentationArc xlink:type="arc" xlink:arcrole="http://www.xbrl.org/2003/arcrole/parent-child" xlink:from="InvestmentEquitySecuritiesReclassifiedFromHeldForPurposesOtherThanPureInvestmentToHeldForPureInvestmentLargestHoldingCompanyLineItems" xlink:to="BookValueInvestmentEquitySecuritiesReclassifiedFromHeldForPurposesOtherThanPureInvestmentToHeldForPureInvestmentLargestHoldingCompany" order="3.0"/>
  </link:presentationLink>
</link:linkbase>
