<?xml version="1.0" encoding="UTF-8"?>
<!--  (c) Financial Services Agency, The Japanese Government.
      All Rights Reserved.
      For intellectual property policy and authorized uses of EDINET Taxonomy,
      refer to “EDINET Taxonomy Legal Statement” at http://www.fsa.go.jp/search/EDINET_Taxonomy_Legal_Statement.html
-->
<link:linkbase xmlns:link="http://www.xbrl.org/2003/linkbase" xmlns:xsi="http://www.w3.org/2001/XMLSchema-instance" xmlns:xlink="http://www.w3.org/1999/xlink" xmlns:xbrli="http://www.xbrl.org/2003/instance">
  <link:roleRef roleURI="http://disclosure.edinet-fsa.go.jp/role/jppfs/rol_std_ConsolidatedBalanceSheet" xlink:type="simple" xlink:href="../../jppfs_rt_2023-12-01.xsd#rol_std_ConsolidatedBalanceSheet"/>
  <link:calculationLink xlink:type="extended" xlink:role="http://disclosure.edinet-fsa.go.jp/role/jppfs/rol_std_ConsolidatedBalanceSheet">
    <link:loc xlink:type="locator" xlink:href="../../jppfs_cor_2023-12-01.xsd#jppfs_cor_BuildingsAndStructuresNet" xlink:label="BuildingsAndStructuresNet"/>
    <link:loc xlink:type="locator" xlink:href="../../jppfs_cor_2023-12-01.xsd#jppfs_cor_AccumulatedImpairmentLossBuildingsAndStructures" xlink:label="AccumulatedImpairmentLossBuildingsAndStructures"/>
    <link:calculationArc xlink:type="arc" xlink:arcrole="http://www.xbrl.org/2003/arcrole/summation-item" xlink:from="BuildingsAndStructuresNet" xlink:to="AccumulatedImpairmentLossBuildingsAndStructures" order="3.0" weight="1"/>
    <link:loc xlink:type="locator" xlink:href="../../jppfs_cor_2023-12-01.xsd#jppfs_cor_MachineryEquipmentAndVehiclesNet" xlink:label="MachineryEquipmentAndVehiclesNet"/>
    <link:loc xlink:type="locator" xlink:href="../../jppfs_cor_2023-12-01.xsd#jppfs_cor_AccumulatedImpairmentLossMachineryEquipmentAndVehicles" xlink:label="AccumulatedImpairmentLossMachineryEquipmentAndVehicles"/>
    <link:calculationArc xlink:type="arc" xlink:arcrole="http://www.xbrl.org/2003/arcrole/summation-item" xlink:from="MachineryEquipmentAndVehiclesNet" xlink:to="AccumulatedImpairmentLossMachineryEquipmentAndVehicles" order="3.0" weight="1"/>
    <link:loc xlink:type="locator" xlink:href="../../jppfs_cor_2023-12-01.xsd#jppfs_cor_LeaseAssetsNetPPE" xlink:label="LeaseAssetsNetPPE"/>
    <link:loc xlink:type="locator" xlink:href="../../jppfs_cor_2023-12-01.xsd#jppfs_cor_AccumulatedImpairmentLossLeaseAssetsPPE" xlink:label="AccumulatedImpairmentLossLeaseAssetsPPE"/>
    <link:calculationArc xlink:type="arc" xlink:arcrole="http://www.xbrl.org/2003/arcrole/summation-item" xlink:from="LeaseAssetsNetPPE" xlink:to="AccumulatedImpairmentLossLeaseAssetsPPE" order="3.0" weight="1"/>
    <link:loc xlink:type="locator" xlink:href="../../jppfs_cor_2023-12-01.xsd#jppfs_cor_OtherNetPPE" xlink:label="OtherNetPPE"/>
    <link:loc xlink:type="locator" xlink:href="../../jppfs_cor_2023-12-01.xsd#jppfs_cor_AccumulatedImpairmentLossOtherPPE" xlink:label="AccumulatedImpairmentLossOtherPPE"/>
    <link:calculationArc xlink:type="arc" xlink:arcrole="http://www.xbrl.org/2003/arcrole/summation-item" xlink:from="OtherNetPPE" xlink:to="AccumulatedImpairmentLossOtherPPE" order="3.0" weight="1"/>
  </link:calculationLink>
</link:linkbase>
