<?xml version="1.0" encoding="UTF-8"?>
<!--  (c) Financial Services Agency, The Japanese Government.
      All Rights Reserved.
      For intellectual property policy and authorized uses of EDINET Taxonomy,
      refer to “EDINET Taxonomy Legal Statement” at http://www.fsa.go.jp/search/EDINET_Taxonomy_Legal_Statement.html
-->
<link:linkbase xmlns:link="http://www.xbrl.org/2003/linkbase" xmlns:xsi="http://www.w3.org/2001/XMLSchema-instance" xmlns:xbrldt="http://xbrl.org/2005/xbrldt" xmlns:xlink="http://www.w3.org/1999/xlink" xmlns:xbrli="http://www.xbrl.org/2003/instance">
  <link:roleRef roleURI="http://disclosure.edinet-fsa.go.jp/role/jpcrp/rol_std_NotesConsolidatedStatementOfComprehensiveIncomeSingleStatement" xlink:type="simple" xlink:href="../jpcrp_rt_2023-12-01.xsd#rol_std_NotesConsolidatedStatementOfComprehensiveIncomeSingleStatement"/>
  <link:arcroleRef arcroleURI="http://xbrl.org/int/dim/arcrole/all" xlink:type="simple" xlink:href="http://www.xbrl.org/2005/xbrldt-2005.xsd#all"/>
  <link:arcroleRef arcroleURI="http://xbrl.org/int/dim/arcrole/dimension-default" xlink:type="simple" xlink:href="http://www.xbrl.org/2005/xbrldt-2005.xsd#dimension-default"/>
  <link:arcroleRef arcroleURI="http://xbrl.org/int/dim/arcrole/dimension-domain" xlink:type="simple" xlink:href="http://www.xbrl.org/2005/xbrldt-2005.xsd#dimension-domain"/>
  <link:arcroleRef arcroleURI="http://xbrl.org/int/dim/arcrole/domain-member" xlink:type="simple" xlink:href="http://www.xbrl.org/2005/xbrldt-2005.xsd#domain-member"/>
  <link:arcroleRef arcroleURI="http://xbrl.org/int/dim/arcrole/hypercube-dimension" xlink:type="simple" xlink:href="http://www.xbrl.org/2005/xbrldt-2005.xsd#hypercube-dimension"/>
  <link:definitionLink xlink:type="extended" xlink:role="http://disclosure.edinet-fsa.go.jp/role/jpcrp/rol_std_NotesConsolidatedStatementOfComprehensiveIncomeSingleStatement">
    <link:loc xlink:type="locator" xlink:href="../../../jppfs/2023-12-01/jppfs_cor_2023-12-01.xsd#jppfs_cor_ConsolidatedOrNonConsolidatedAxis" xlink:label="ConsolidatedOrNonConsolidatedAxis"/>
    <link:loc xlink:type="locator" xlink:href="../../../jppfs/2023-12-01/jppfs_cor_2023-12-01.xsd#jppfs_cor_ConsolidatedMember" xlink:label="ConsolidatedMember"/>
    <link:definitionArc xlink:type="arc" xlink:arcrole="http://xbrl.org/int/dim/arcrole/dimension-domain" xlink:from="ConsolidatedOrNonConsolidatedAxis" xlink:to="ConsolidatedMember" order="1.0"/>
    <link:loc xlink:type="locator" xlink:href="../../../jppfs/2023-12-01/jppfs_cor_2023-12-01.xsd#jppfs_cor_ConsolidatedMember" xlink:label="ConsolidatedMember_2"/>
    <link:definitionArc xlink:type="arc" xlink:arcrole="http://xbrl.org/int/dim/arcrole/dimension-default" xlink:from="ConsolidatedOrNonConsolidatedAxis" xlink:to="ConsolidatedMember_2" order="1.0"/>
    <link:loc xlink:type="locator" xlink:href="../jpcrp_cor_2023-12-01.xsd#jpcrp_cor_NotesRegardingAmountOfRevenueFromContractsWithCustomersTextBlock" xlink:label="NotesRegardingAmountOfRevenueFromContractsWithCustomersTextBlock"/>
    <link:loc xlink:type="locator" xlink:href="../../../jppfs/2023-12-01/jppfs_cor_2023-12-01.xsd#jppfs_cor_RevenueFromContractsWithCustomers" xlink:label="RevenueFromContractsWithCustomers"/>
    <link:definitionArc xlink:type="arc" xlink:arcrole="http://xbrl.org/int/dim/arcrole/domain-member" xlink:from="NotesRegardingAmountOfRevenueFromContractsWithCustomersTextBlock" xlink:to="RevenueFromContractsWithCustomers" order="1.0"/>
    <link:loc xlink:type="locator" xlink:href="../jpcrp_cor_2023-12-01.xsd#jpcrp_cor_NotesRegardingWriteDownsOfInventoriesTextBlock" xlink:label="NotesRegardingWriteDownsOfInventoriesTextBlock"/>
    <link:loc xlink:type="locator" xlink:href="../jpcrp_cor_2023-12-01.xsd#jpcrp_cor_WriteDownsOfInventories" xlink:label="WriteDownsOfInventories"/>
    <link:definitionArc xlink:type="arc" xlink:arcrole="http://xbrl.org/int/dim/arcrole/domain-member" xlink:from="NotesRegardingWriteDownsOfInventoriesTextBlock" xlink:to="WriteDownsOfInventories" order="1.0"/>
    <link:loc xlink:type="locator" xlink:href="../jpcrp_cor_2023-12-01.xsd#jpcrp_cor_MajorComponentsOfSellingGeneralAndAdministrativeExpensesTextBlock" xlink:label="MajorComponentsOfSellingGeneralAndAdministrativeExpensesTextBlock"/>
    <link:loc xlink:type="locator" xlink:href="../../../jppfs/2023-12-01/jppfs_cor_2023-12-01.xsd#jppfs_cor_DepreciationSGA" xlink:label="DepreciationSGA"/>
    <link:definitionArc xlink:type="arc" xlink:arcrole="http://xbrl.org/int/dim/arcrole/domain-member" xlink:from="MajorComponentsOfSellingGeneralAndAdministrativeExpensesTextBlock" xlink:to="DepreciationSGA" order="1.0"/>
    <link:loc xlink:type="locator" xlink:href="../../../jppfs/2023-12-01/jppfs_cor_2023-12-01.xsd#jppfs_cor_ProvisionOfAllowanceForDoubtfulAccountsSGA" xlink:label="ProvisionOfAllowanceForDoubtfulAccountsSGA"/>
    <link:definitionArc xlink:type="arc" xlink:arcrole="http://xbrl.org/int/dim/arcrole/domain-member" xlink:from="MajorComponentsOfSellingGeneralAndAdministrativeExpensesTextBlock" xlink:to="ProvisionOfAllowanceForDoubtfulAccountsSGA" order="2.0"/>
    <link:loc xlink:type="locator" xlink:href="../jpcrp_cor_2023-12-01.xsd#jpcrp_cor_ResearchAndDevelopmentExpensesIncludedInGeneralAndAdministrativeExpensesAndManufacturingCostForCurrentPeriodTextBlock" xlink:label="ResearchAndDevelopmentExpensesIncludedInGeneralAndAdministrativeExpensesAndManufacturingCostForCurrentPeriodTextBlock"/>
    <link:loc xlink:type="locator" xlink:href="../jpcrp_cor_2023-12-01.xsd#jpcrp_cor_ResearchAndDevelopmentExpensesIncludedInGeneralAndAdministrativeExpensesAndManufacturingCostForCurrentPeriod" xlink:label="ResearchAndDevelopmentExpensesIncludedInGeneralAndAdministrativeExpensesAndManufacturingCostForCurrentPeriod"/>
    <link:definitionArc xlink:type="arc" xlink:arcrole="http://xbrl.org/int/dim/arcrole/domain-member" xlink:from="ResearchAndDevelopmentExpensesIncludedInGeneralAndAdministrativeExpensesAndManufacturingCostForCurrentPeriodTextBlock" xlink:to="ResearchAndDevelopmentExpensesIncludedInGeneralAndAdministrativeExpensesAndManufacturingCostForCurrentPeriod" order="1.0"/>
    <link:loc xlink:type="locator" xlink:href="../../../jppfs/2023-12-01/jppfs_cor_2023-12-01.xsd#jppfs_cor_ResearchAndDevelopmentExpensesSGA" xlink:label="ResearchAndDevelopmentExpensesSGA"/>
    <link:definitionArc xlink:type="arc" xlink:arcrole="http://xbrl.org/int/dim/arcrole/domain-member" xlink:from="ResearchAndDevelopmentExpensesIncludedInGeneralAndAdministrativeExpensesAndManufacturingCostForCurrentPeriodTextBlock" xlink:to="ResearchAndDevelopmentExpensesSGA" order="2.0"/>
    <link:loc xlink:type="locator" xlink:href="../jpcrp_cor_2023-12-01.xsd#jpcrp_cor_NotesConsolidatedStatementOfComprehensiveIncomeSingleStatementHeading" xlink:label="NotesConsolidatedStatementOfComprehensiveIncomeSingleStatementHeading"/>
    <link:loc xlink:type="locator" xlink:href="../jpcrp_cor_2023-12-01.xsd#jpcrp_cor_NotesConsolidatedStatementOfComprehensiveIncomeSingleStatementTable" xlink:label="NotesConsolidatedStatementOfComprehensiveIncomeSingleStatementTable"/>
    <link:definitionArc xlink:type="arc" xlink:arcrole="http://xbrl.org/int/dim/arcrole/all" xlink:from="NotesConsolidatedStatementOfComprehensiveIncomeSingleStatementHeading" xlink:to="NotesConsolidatedStatementOfComprehensiveIncomeSingleStatementTable" order="1.0" xbrldt:contextElement="scenario" xbrldt:closed="true"/>
    <link:definitionArc xlink:type="arc" xlink:arcrole="http://xbrl.org/int/dim/arcrole/hypercube-dimension" xlink:from="NotesConsolidatedStatementOfComprehensiveIncomeSingleStatementTable" xlink:to="ConsolidatedOrNonConsolidatedAxis" order="1.0"/>
    <link:loc xlink:type="locator" xlink:href="../jpcrp_cor_2023-12-01.xsd#jpcrp_cor_NotesConsolidatedStatementOfComprehensiveIncomeSingleStatementLineItems" xlink:label="NotesConsolidatedStatementOfComprehensiveIncomeSingleStatementLineItems"/>
    <link:definitionArc xlink:type="arc" xlink:arcrole="http://xbrl.org/int/dim/arcrole/domain-member" xlink:from="NotesConsolidatedStatementOfComprehensiveIncomeSingleStatementHeading" xlink:to="NotesConsolidatedStatementOfComprehensiveIncomeSingleStatementLineItems" order="1.0"/>
    <link:definitionArc xlink:type="arc" xlink:arcrole="http://xbrl.org/int/dim/arcrole/domain-member" xlink:from="NotesConsolidatedStatementOfComprehensiveIncomeSingleStatementLineItems" xlink:to="NotesRegardingAmountOfRevenueFromContractsWithCustomersTextBlock" order="1.0"/>
    <link:loc xlink:type="locator" xlink:href="../jpcrp_cor_2023-12-01.xsd#jpcrp_cor_NotesRegardingLossOnConstructionContractsTextBlock" xlink:label="NotesRegardingLossOnConstructionContractsTextBlock"/>
    <link:definitionArc xlink:type="arc" xlink:arcrole="http://xbrl.org/int/dim/arcrole/domain-member" xlink:from="NotesConsolidatedStatementOfComprehensiveIncomeSingleStatementLineItems" xlink:to="NotesRegardingLossOnConstructionContractsTextBlock" order="2.0"/>
    <link:definitionArc xlink:type="arc" xlink:arcrole="http://xbrl.org/int/dim/arcrole/domain-member" xlink:from="NotesConsolidatedStatementOfComprehensiveIncomeSingleStatementLineItems" xlink:to="NotesRegardingWriteDownsOfInventoriesTextBlock" order="3.0"/>
    <link:definitionArc xlink:type="arc" xlink:arcrole="http://xbrl.org/int/dim/arcrole/domain-member" xlink:from="NotesConsolidatedStatementOfComprehensiveIncomeSingleStatementLineItems" xlink:to="MajorComponentsOfSellingGeneralAndAdministrativeExpensesTextBlock" order="4.0"/>
    <link:definitionArc xlink:type="arc" xlink:arcrole="http://xbrl.org/int/dim/arcrole/domain-member" xlink:from="NotesConsolidatedStatementOfComprehensiveIncomeSingleStatementLineItems" xlink:to="ResearchAndDevelopmentExpensesIncludedInGeneralAndAdministrativeExpensesAndManufacturingCostForCurrentPeriodTextBlock" order="5.0"/>
    <link:loc xlink:type="locator" xlink:href="../jpcrp_cor_2023-12-01.xsd#jpcrp_cor_NotesRegardingImpairmentLossTextBlock" xlink:label="NotesRegardingImpairmentLossTextBlock"/>
    <link:definitionArc xlink:type="arc" xlink:arcrole="http://xbrl.org/int/dim/arcrole/domain-member" xlink:from="NotesConsolidatedStatementOfComprehensiveIncomeSingleStatementLineItems" xlink:to="NotesRegardingImpairmentLossTextBlock" order="6.0"/>
    <link:loc xlink:type="locator" xlink:href="../jpcrp_cor_2023-12-01.xsd#jpcrp_cor_NotesRegardingReversalOfProvisionIncurredFromBusinessCombinationTextBlock" xlink:label="NotesRegardingReversalOfProvisionIncurredFromBusinessCombinationTextBlock"/>
    <link:definitionArc xlink:type="arc" xlink:arcrole="http://xbrl.org/int/dim/arcrole/domain-member" xlink:from="NotesConsolidatedStatementOfComprehensiveIncomeSingleStatementLineItems" xlink:to="NotesRegardingReversalOfProvisionIncurredFromBusinessCombinationTextBlock" order="7.0"/>
    <link:loc xlink:type="locator" xlink:href="../jpcrp_cor_2023-12-01.xsd#jpcrp_cor_NotesRegardingClassificationOfRevenuesAndExpensesOfIndustryInAppendedListTextBlock" xlink:label="NotesRegardingClassificationOfRevenuesAndExpensesOfIndustryInAppendedListTextBlock"/>
    <link:definitionArc xlink:type="arc" xlink:arcrole="http://xbrl.org/int/dim/arcrole/domain-member" xlink:from="NotesConsolidatedStatementOfComprehensiveIncomeSingleStatementLineItems" xlink:to="NotesRegardingClassificationOfRevenuesAndExpensesOfIndustryInAppendedListTextBlock" order="8.0"/>
    <link:loc xlink:type="locator" xlink:href="../jpcrp_cor_2023-12-01.xsd#jpcrp_cor_NotesRegardingTaxEffectsRelatingToOtherComprehensiveIncomeTextBlock" xlink:label="NotesRegardingTaxEffectsRelatingToOtherComprehensiveIncomeTextBlock"/>
    <link:definitionArc xlink:type="arc" xlink:arcrole="http://xbrl.org/int/dim/arcrole/domain-member" xlink:from="NotesConsolidatedStatementOfComprehensiveIncomeSingleStatementLineItems" xlink:to="NotesRegardingTaxEffectsRelatingToOtherComprehensiveIncomeTextBlock" order="9.0"/>
    <link:loc xlink:type="locator" xlink:href="../jpcrp_cor_2023-12-01.xsd#jpcrp_cor_NotesRegardingIncomeTaxesAndTaxEffectsRelatingToOtherComprehensiveIncomeTextBlock" xlink:label="NotesRegardingIncomeTaxesAndTaxEffectsRelatingToOtherComprehensiveIncomeTextBlock"/>
    <link:definitionArc xlink:type="arc" xlink:arcrole="http://xbrl.org/int/dim/arcrole/domain-member" xlink:from="NotesConsolidatedStatementOfComprehensiveIncomeSingleStatementLineItems" xlink:to="NotesRegardingIncomeTaxesAndTaxEffectsRelatingToOtherComprehensiveIncomeTextBlock" order="10.0"/>
    <link:loc xlink:type="locator" xlink:href="../jpcrp_cor_2023-12-01.xsd#jpcrp_cor_NotesRegardingReclassificationAdjustmentsRelatingToOtherComprehensiveIncomeTextBlock" xlink:label="NotesRegardingReclassificationAdjustmentsRelatingToOtherComprehensiveIncomeTextBlock"/>
    <link:definitionArc xlink:type="arc" xlink:arcrole="http://xbrl.org/int/dim/arcrole/domain-member" xlink:from="NotesConsolidatedStatementOfComprehensiveIncomeSingleStatementLineItems" xlink:to="NotesRegardingReclassificationAdjustmentsRelatingToOtherComprehensiveIncomeTextBlock" order="11.0"/>
    <link:loc xlink:type="locator" xlink:href="../jpcrp_cor_2023-12-01.xsd#jpcrp_cor_NotesRegardingReclassificationAdjustmentsAndTaxEffectsRelatingToOtherComprehensiveIncomeTextBlock" xlink:label="NotesRegardingReclassificationAdjustmentsAndTaxEffectsRelatingToOtherComprehensiveIncomeTextBlock"/>
    <link:definitionArc xlink:type="arc" xlink:arcrole="http://xbrl.org/int/dim/arcrole/domain-member" xlink:from="NotesConsolidatedStatementOfComprehensiveIncomeSingleStatementLineItems" xlink:to="NotesRegardingReclassificationAdjustmentsAndTaxEffectsRelatingToOtherComprehensiveIncomeTextBlock" order="12.0"/>
    <link:loc xlink:type="locator" xlink:href="../jpcrp_cor_2023-12-01.xsd#jpcrp_cor_NotesRegardingReclassificationAdjustmentsIncomeTaxesAndTaxEffectsRelatingToOtherComprehensiveIncomeTextBlock" xlink:label="NotesRegardingReclassificationAdjustmentsIncomeTaxesAndTaxEffectsRelatingToOtherComprehensiveIncomeTextBlock"/>
    <link:definitionArc xlink:type="arc" xlink:arcrole="http://xbrl.org/int/dim/arcrole/domain-member" xlink:from="NotesConsolidatedStatementOfComprehensiveIncomeSingleStatementLineItems" xlink:to="NotesRegardingReclassificationAdjustmentsIncomeTaxesAndTaxEffectsRelatingToOtherComprehensiveIncomeTextBlock" order="13.0"/>
  </link:definitionLink>
</link:linkbase>
