<?xml version="1.0" encoding="UTF-8"?>
<!--  (c) Financial Services Agency, The Japanese Government.
      All Rights Reserved.
      For intellectual property policy and authorized uses of EDINET Taxonomy,
      refer to “EDINET Taxonomy Legal Statement” at http://www.fsa.go.jp/search/EDINET_Taxonomy_Legal_Statement.html
-->
<link:linkbase xmlns:link="http://www.xbrl.org/2003/linkbase" xmlns:xsi="http://www.w3.org/2001/XMLSchema-instance" xmlns:xlink="http://www.w3.org/1999/xlink" xmlns:xbrli="http://www.xbrl.org/2003/instance">
  <link:roleRef roleURI="http://disclosure.edinet-fsa.go.jp/role/jpcrp/rol_std_CabinetOfficeOrdinanceOnDisclosureOfCorporateInformationEtcFormNo122ShelfRegistrationSupplements" xlink:type="simple" xlink:href="../jpcrp_rt_2023-12-01.xsd#rol_std_CabinetOfficeOrdinanceOnDisclosureOfCorporateInformationEtcFormNo122ShelfRegistrationSupplements"/>
  <link:presentationLink xlink:type="extended" xlink:role="http://disclosure.edinet-fsa.go.jp/role/jpcrp/rol_std_CabinetOfficeOrdinanceOnDisclosureOfCorporateInformationEtcFormNo122ShelfRegistrationSupplements">
    <link:loc xlink:type="locator" xlink:href="../jpcrp_cor_2023-12-01.xsd#jpcrp_cor_SecurityInformationHeading" xlink:label="SecurityInformationHeading"/>
    <link:loc xlink:type="locator" xlink:href="../jpcrp_cor_2023-12-01.xsd#jpcrp_cor_ParticularsOfPublicOfferingHeading" xlink:label="ParticularsOfPublicOfferingHeading"/>
    <link:presentationArc xlink:type="arc" xlink:arcrole="http://www.xbrl.org/2003/arcrole/parent-child" xlink:from="SecurityInformationHeading" xlink:to="ParticularsOfPublicOfferingHeading" order="1.0"/>
    <link:loc xlink:type="locator" xlink:href="../jpcrp_cor_2023-12-01.xsd#jpcrp_cor_ParticularsOfPublicOfferingTextBlock" xlink:label="ParticularsOfPublicOfferingTextBlock"/>
    <link:presentationArc xlink:type="arc" xlink:arcrole="http://www.xbrl.org/2003/arcrole/parent-child" xlink:from="ParticularsOfPublicOfferingHeading" xlink:to="ParticularsOfPublicOfferingTextBlock" order="1.0"/>
    <link:loc xlink:type="locator" xlink:href="../jpcrp_cor_2023-12-01.xsd#jpcrp_cor_NewIssuanceOfCommercialPapersHeading" xlink:label="NewIssuanceOfCommercialPapersHeading"/>
    <link:presentationArc xlink:type="arc" xlink:arcrole="http://www.xbrl.org/2003/arcrole/parent-child" xlink:from="ParticularsOfPublicOfferingHeading" xlink:to="NewIssuanceOfCommercialPapersHeading" order="2.0"/>
    <link:loc xlink:type="locator" xlink:href="../jpcrp_cor_2023-12-01.xsd#jpcrp_cor_NewIssuanceOfCommercialPapersTextBlock" xlink:label="NewIssuanceOfCommercialPapersTextBlock"/>
    <link:presentationArc xlink:type="arc" xlink:arcrole="http://www.xbrl.org/2003/arcrole/parent-child" xlink:from="NewIssuanceOfCommercialPapersHeading" xlink:to="NewIssuanceOfCommercialPapersTextBlock" order="1.0"/>
    <link:loc xlink:type="locator" xlink:href="../jpcrp_cor_2023-12-01.xsd#jpcrp_cor_UseOfNetProceedsFromNewIssuanceHeading" xlink:label="UseOfNetProceedsFromNewIssuanceHeading"/>
    <link:presentationArc xlink:type="arc" xlink:arcrole="http://www.xbrl.org/2003/arcrole/parent-child" xlink:from="ParticularsOfPublicOfferingHeading" xlink:to="UseOfNetProceedsFromNewIssuanceHeading" order="3.0"/>
    <link:loc xlink:type="locator" xlink:href="../jpcrp_cor_2023-12-01.xsd#jpcrp_cor_UseOfNetProceedsFromNewIssuanceTextBlock" xlink:label="UseOfNetProceedsFromNewIssuanceTextBlock"/>
    <link:presentationArc xlink:type="arc" xlink:arcrole="http://www.xbrl.org/2003/arcrole/parent-child" xlink:from="UseOfNetProceedsFromNewIssuanceHeading" xlink:to="UseOfNetProceedsFromNewIssuanceTextBlock" order="1.0"/>
    <link:loc xlink:type="locator" xlink:href="../jpcrp_cor_2023-12-01.xsd#jpcrp_cor_ParticularsOfSecondaryDistributionHeading" xlink:label="ParticularsOfSecondaryDistributionHeading"/>
    <link:presentationArc xlink:type="arc" xlink:arcrole="http://www.xbrl.org/2003/arcrole/parent-child" xlink:from="SecurityInformationHeading" xlink:to="ParticularsOfSecondaryDistributionHeading" order="2.0"/>
    <link:loc xlink:type="locator" xlink:href="../jpcrp_cor_2023-12-01.xsd#jpcrp_cor_ParticularsOfSecondaryDistributionTextBlock" xlink:label="ParticularsOfSecondaryDistributionTextBlock"/>
    <link:presentationArc xlink:type="arc" xlink:arcrole="http://www.xbrl.org/2003/arcrole/parent-child" xlink:from="ParticularsOfSecondaryDistributionHeading" xlink:to="ParticularsOfSecondaryDistributionTextBlock" order="1.0"/>
    <link:loc xlink:type="locator" xlink:href="../jpcrp_cor_2023-12-01.xsd#jpcrp_cor_SecondaryDistributionOfCommercialPapersHeading" xlink:label="SecondaryDistributionOfCommercialPapersHeading"/>
    <link:presentationArc xlink:type="arc" xlink:arcrole="http://www.xbrl.org/2003/arcrole/parent-child" xlink:from="ParticularsOfSecondaryDistributionHeading" xlink:to="SecondaryDistributionOfCommercialPapersHeading" order="2.0"/>
    <link:loc xlink:type="locator" xlink:href="../jpcrp_cor_2023-12-01.xsd#jpcrp_cor_SecondaryDistributionOfCommercialPapersTextBlock" xlink:label="SecondaryDistributionOfCommercialPapersTextBlock"/>
    <link:presentationArc xlink:type="arc" xlink:arcrole="http://www.xbrl.org/2003/arcrole/parent-child" xlink:from="SecondaryDistributionOfCommercialPapersHeading" xlink:to="SecondaryDistributionOfCommercialPapersTextBlock" order="1.0"/>
    <link:loc xlink:type="locator" xlink:href="../jpcrp_cor_2023-12-01.xsd#jpcrp_cor_TermsOfSecondaryDistributionHeading" xlink:label="TermsOfSecondaryDistributionHeading"/>
    <link:presentationArc xlink:type="arc" xlink:arcrole="http://www.xbrl.org/2003/arcrole/parent-child" xlink:from="ParticularsOfSecondaryDistributionHeading" xlink:to="TermsOfSecondaryDistributionHeading" order="3.0"/>
    <link:loc xlink:type="locator" xlink:href="../jpcrp_cor_2023-12-01.xsd#jpcrp_cor_TermsOfSecondaryDistributionTextBlock" xlink:label="TermsOfSecondaryDistributionTextBlock"/>
    <link:presentationArc xlink:type="arc" xlink:arcrole="http://www.xbrl.org/2003/arcrole/parent-child" xlink:from="TermsOfSecondaryDistributionHeading" xlink:to="TermsOfSecondaryDistributionTextBlock" order="1.0"/>
    <link:loc xlink:type="locator" xlink:href="../jpcrp_cor_2023-12-01.xsd#jpcrp_cor_OtherInformationSecurityInformationHeading" xlink:label="OtherInformationSecurityInformationHeading"/>
    <link:presentationArc xlink:type="arc" xlink:arcrole="http://www.xbrl.org/2003/arcrole/parent-child" xlink:from="SecurityInformationHeading" xlink:to="OtherInformationSecurityInformationHeading" order="3.0"/>
    <link:loc xlink:type="locator" xlink:href="../jpcrp_cor_2023-12-01.xsd#jpcrp_cor_OtherInformationSecurityInformationTextBlock" xlink:label="OtherInformationSecurityInformationTextBlock"/>
    <link:presentationArc xlink:type="arc" xlink:arcrole="http://www.xbrl.org/2003/arcrole/parent-child" xlink:from="OtherInformationSecurityInformationHeading" xlink:to="OtherInformationSecurityInformationTextBlock" order="1.0"/>
    <link:loc xlink:type="locator" xlink:href="../jpcrp_cor_2023-12-01.xsd#jpcrp_cor_InformationAboutTenderOfferHeading" xlink:label="InformationAboutTenderOfferHeading"/>
    <link:loc xlink:type="locator" xlink:href="../jpcrp_cor_2023-12-01.xsd#jpcrp_cor_InformationAboutTenderOfferTextBlock" xlink:label="InformationAboutTenderOfferTextBlock"/>
    <link:presentationArc xlink:type="arc" xlink:arcrole="http://www.xbrl.org/2003/arcrole/parent-child" xlink:from="InformationAboutTenderOfferHeading" xlink:to="InformationAboutTenderOfferTextBlock" order="1.0"/>
    <link:loc xlink:type="locator" xlink:href="../jpcrp_cor_2023-12-01.xsd#jpcrp_cor_OverviewOfTenderOfferHeading" xlink:label="OverviewOfTenderOfferHeading"/>
    <link:presentationArc xlink:type="arc" xlink:arcrole="http://www.xbrl.org/2003/arcrole/parent-child" xlink:from="InformationAboutTenderOfferHeading" xlink:to="OverviewOfTenderOfferHeading" order="2.0"/>
    <link:loc xlink:type="locator" xlink:href="../jpcrp_cor_2023-12-01.xsd#jpcrp_cor_OverviewOfTenderOfferTextBlock" xlink:label="OverviewOfTenderOfferTextBlock"/>
    <link:presentationArc xlink:type="arc" xlink:arcrole="http://www.xbrl.org/2003/arcrole/parent-child" xlink:from="OverviewOfTenderOfferHeading" xlink:to="OverviewOfTenderOfferTextBlock" order="1.0"/>
    <link:loc xlink:type="locator" xlink:href="../jpcrp_cor_2023-12-01.xsd#jpcrp_cor_PurposesEtcOfTenderOfferHeading" xlink:label="PurposesEtcOfTenderOfferHeading"/>
    <link:presentationArc xlink:type="arc" xlink:arcrole="http://www.xbrl.org/2003/arcrole/parent-child" xlink:from="OverviewOfTenderOfferHeading" xlink:to="PurposesEtcOfTenderOfferHeading" order="2.0"/>
    <link:loc xlink:type="locator" xlink:href="../jpcrp_cor_2023-12-01.xsd#jpcrp_cor_PurposesEtcOfTenderOfferTextBlock" xlink:label="PurposesEtcOfTenderOfferTextBlock"/>
    <link:presentationArc xlink:type="arc" xlink:arcrole="http://www.xbrl.org/2003/arcrole/parent-child" xlink:from="PurposesEtcOfTenderOfferHeading" xlink:to="PurposesEtcOfTenderOfferTextBlock" order="1.0"/>
    <link:loc xlink:type="locator" xlink:href="../jpcrp_cor_2023-12-01.xsd#jpcrp_cor_OverviewOfPartyCarryingOutTenderOfferHeading" xlink:label="OverviewOfPartyCarryingOutTenderOfferHeading"/>
    <link:presentationArc xlink:type="arc" xlink:arcrole="http://www.xbrl.org/2003/arcrole/parent-child" xlink:from="OverviewOfTenderOfferHeading" xlink:to="OverviewOfPartyCarryingOutTenderOfferHeading" order="3.0"/>
    <link:loc xlink:type="locator" xlink:href="../jpcrp_cor_2023-12-01.xsd#jpcrp_cor_OverviewOfPartyCarryingOutTenderOfferTextBlock" xlink:label="OverviewOfPartyCarryingOutTenderOfferTextBlock"/>
    <link:presentationArc xlink:type="arc" xlink:arcrole="http://www.xbrl.org/2003/arcrole/parent-child" xlink:from="OverviewOfPartyCarryingOutTenderOfferHeading" xlink:to="OverviewOfPartyCarryingOutTenderOfferTextBlock" order="1.0"/>
    <link:loc xlink:type="locator" xlink:href="../jpcrp_cor_2023-12-01.xsd#jpcrp_cor_ContractOfTenderOfferHeading" xlink:label="ContractOfTenderOfferHeading"/>
    <link:presentationArc xlink:type="arc" xlink:arcrole="http://www.xbrl.org/2003/arcrole/parent-child" xlink:from="OverviewOfTenderOfferHeading" xlink:to="ContractOfTenderOfferHeading" order="4.0"/>
    <link:loc xlink:type="locator" xlink:href="../jpcrp_cor_2023-12-01.xsd#jpcrp_cor_ContractOfTenderOfferTextBlock" xlink:label="ContractOfTenderOfferTextBlock"/>
    <link:presentationArc xlink:type="arc" xlink:arcrole="http://www.xbrl.org/2003/arcrole/parent-child" xlink:from="ContractOfTenderOfferHeading" xlink:to="ContractOfTenderOfferTextBlock" order="1.0"/>
    <link:loc xlink:type="locator" xlink:href="../jpcrp_cor_2023-12-01.xsd#jpcrp_cor_ParticularsOfAllotmentAndBasisForCalculationPertainingToTenderOfferHeading" xlink:label="ParticularsOfAllotmentAndBasisForCalculationPertainingToTenderOfferHeading"/>
    <link:presentationArc xlink:type="arc" xlink:arcrole="http://www.xbrl.org/2003/arcrole/parent-child" xlink:from="OverviewOfTenderOfferHeading" xlink:to="ParticularsOfAllotmentAndBasisForCalculationPertainingToTenderOfferHeading" order="5.0"/>
    <link:loc xlink:type="locator" xlink:href="../jpcrp_cor_2023-12-01.xsd#jpcrp_cor_ParticularsOfAllotmentAndBasisForCalculationPertainingToTenderOfferTextBlock" xlink:label="ParticularsOfAllotmentAndBasisForCalculationPertainingToTenderOfferTextBlock"/>
    <link:presentationArc xlink:type="arc" xlink:arcrole="http://www.xbrl.org/2003/arcrole/parent-child" xlink:from="ParticularsOfAllotmentAndBasisForCalculationPertainingToTenderOfferHeading" xlink:to="ParticularsOfAllotmentAndBasisForCalculationPertainingToTenderOfferTextBlock" order="1.0"/>
    <link:loc xlink:type="locator" xlink:href="../jpcrp_cor_2023-12-01.xsd#jpcrp_cor_DifferencesBetweenSecuritiesOfSubjectCompanyAndSecuritiesIssuedOrDeliveredByTenderOfferHeading" xlink:label="DifferencesBetweenSecuritiesOfSubjectCompanyAndSecuritiesIssuedOrDeliveredByTenderOfferHeading"/>
    <link:presentationArc xlink:type="arc" xlink:arcrole="http://www.xbrl.org/2003/arcrole/parent-child" xlink:from="OverviewOfTenderOfferHeading" xlink:to="DifferencesBetweenSecuritiesOfSubjectCompanyAndSecuritiesIssuedOrDeliveredByTenderOfferHeading" order="6.0"/>
    <link:loc xlink:type="locator" xlink:href="../jpcrp_cor_2023-12-01.xsd#jpcrp_cor_DifferencesBetweenSecuritiesOfSubjectCompanyAndSecuritiesIssuedOrDeliveredByTenderOfferTextBlock" xlink:label="DifferencesBetweenSecuritiesOfSubjectCompanyAndSecuritiesIssuedOrDeliveredByTenderOfferTextBlock"/>
    <link:presentationArc xlink:type="arc" xlink:arcrole="http://www.xbrl.org/2003/arcrole/parent-child" xlink:from="DifferencesBetweenSecuritiesOfSubjectCompanyAndSecuritiesIssuedOrDeliveredByTenderOfferHeading" xlink:to="DifferencesBetweenSecuritiesOfSubjectCompanyAndSecuritiesIssuedOrDeliveredByTenderOfferTextBlock" order="1.0"/>
    <link:loc xlink:type="locator" xlink:href="../jpcrp_cor_2023-12-01.xsd#jpcrp_cor_InformationAboutTermsOfIssuanceDeliveryRelatedToTenderOfferWherebySecuritiesAreDeliveredInExchangeHeading" xlink:label="InformationAboutTermsOfIssuanceDeliveryRelatedToTenderOfferWherebySecuritiesAreDeliveredInExchangeHeading"/>
    <link:presentationArc xlink:type="arc" xlink:arcrole="http://www.xbrl.org/2003/arcrole/parent-child" xlink:from="OverviewOfTenderOfferHeading" xlink:to="InformationAboutTermsOfIssuanceDeliveryRelatedToTenderOfferWherebySecuritiesAreDeliveredInExchangeHeading" order="7.0"/>
    <link:loc xlink:type="locator" xlink:href="../jpcrp_cor_2023-12-01.xsd#jpcrp_cor_InformationAboutTermsOfIssuanceDeliveryRelatedToTenderOfferWherebySecuritiesAreDeliveredInExchangeTextBlock" xlink:label="InformationAboutTermsOfIssuanceDeliveryRelatedToTenderOfferWherebySecuritiesAreDeliveredInExchangeTextBlock"/>
    <link:presentationArc xlink:type="arc" xlink:arcrole="http://www.xbrl.org/2003/arcrole/parent-child" xlink:from="InformationAboutTermsOfIssuanceDeliveryRelatedToTenderOfferWherebySecuritiesAreDeliveredInExchangeHeading" xlink:to="InformationAboutTermsOfIssuanceDeliveryRelatedToTenderOfferWherebySecuritiesAreDeliveredInExchangeTextBlock" order="1.0"/>
    <link:loc xlink:type="locator" xlink:href="../jpcrp_cor_2023-12-01.xsd#jpcrp_cor_ProceduresRelatedToTenderOfferHeading" xlink:label="ProceduresRelatedToTenderOfferHeading"/>
    <link:presentationArc xlink:type="arc" xlink:arcrole="http://www.xbrl.org/2003/arcrole/parent-child" xlink:from="OverviewOfTenderOfferHeading" xlink:to="ProceduresRelatedToTenderOfferHeading" order="8.0"/>
    <link:loc xlink:type="locator" xlink:href="../jpcrp_cor_2023-12-01.xsd#jpcrp_cor_ProceduresRelatedToTenderOfferTextBlock" xlink:label="ProceduresRelatedToTenderOfferTextBlock"/>
    <link:presentationArc xlink:type="arc" xlink:arcrole="http://www.xbrl.org/2003/arcrole/parent-child" xlink:from="ProceduresRelatedToTenderOfferHeading" xlink:to="ProceduresRelatedToTenderOfferTextBlock" order="1.0"/>
    <link:loc xlink:type="locator" xlink:href="../jpcrp_cor_2023-12-01.xsd#jpcrp_cor_CombinedFinancialInformationHeading" xlink:label="CombinedFinancialInformationHeading"/>
    <link:presentationArc xlink:type="arc" xlink:arcrole="http://www.xbrl.org/2003/arcrole/parent-child" xlink:from="InformationAboutTenderOfferHeading" xlink:to="CombinedFinancialInformationHeading" order="3.0"/>
    <link:loc xlink:type="locator" xlink:href="../jpcrp_cor_2023-12-01.xsd#jpcrp_cor_CombinedFinancialInformationTextBlock" xlink:label="CombinedFinancialInformationTextBlock"/>
    <link:presentationArc xlink:type="arc" xlink:arcrole="http://www.xbrl.org/2003/arcrole/parent-child" xlink:from="CombinedFinancialInformationHeading" xlink:to="CombinedFinancialInformationTextBlock" order="1.0"/>
    <link:loc xlink:type="locator" xlink:href="../jpcrp_cor_2023-12-01.xsd#jpcrp_cor_SignificantContractsBetweenIssuerAndOrItsRelatedPartiesAndSubjectCompanyHeading" xlink:label="SignificantContractsBetweenIssuerAndOrItsRelatedPartiesAndSubjectCompanyHeading"/>
    <link:presentationArc xlink:type="arc" xlink:arcrole="http://www.xbrl.org/2003/arcrole/parent-child" xlink:from="InformationAboutTenderOfferHeading" xlink:to="SignificantContractsBetweenIssuerAndOrItsRelatedPartiesAndSubjectCompanyHeading" order="4.0"/>
    <link:loc xlink:type="locator" xlink:href="../jpcrp_cor_2023-12-01.xsd#jpcrp_cor_SignificantContractsBetweenIssuerAndOrItsRelatedPartiesAndSubjectCompanyTextBlock" xlink:label="SignificantContractsBetweenIssuerAndOrItsRelatedPartiesAndSubjectCompanyTextBlock"/>
    <link:presentationArc xlink:type="arc" xlink:arcrole="http://www.xbrl.org/2003/arcrole/parent-child" xlink:from="SignificantContractsBetweenIssuerAndOrItsRelatedPartiesAndSubjectCompanyHeading" xlink:to="SignificantContractsBetweenIssuerAndOrItsRelatedPartiesAndSubjectCompanyTextBlock" order="1.0"/>
    <link:loc xlink:type="locator" xlink:href="../jpcrp_cor_2023-12-01.xsd#jpcrp_cor_ReferenceInformationHeading" xlink:label="ReferenceInformationHeading"/>
    <link:loc xlink:type="locator" xlink:href="../jpcrp_cor_2023-12-01.xsd#jpcrp_cor_ReferenceDocumentsHeading" xlink:label="ReferenceDocumentsHeading"/>
    <link:presentationArc xlink:type="arc" xlink:arcrole="http://www.xbrl.org/2003/arcrole/parent-child" xlink:from="ReferenceInformationHeading" xlink:to="ReferenceDocumentsHeading" order="1.0"/>
    <link:loc xlink:type="locator" xlink:href="../jpcrp_cor_2023-12-01.xsd#jpcrp_cor_AnnualSecuritiesReportAndAttachedDocumentsReferenceDocumentsHeading" xlink:label="AnnualSecuritiesReportAndAttachedDocumentsReferenceDocumentsHeading"/>
    <link:presentationArc xlink:type="arc" xlink:arcrole="http://www.xbrl.org/2003/arcrole/parent-child" xlink:from="ReferenceDocumentsHeading" xlink:to="AnnualSecuritiesReportAndAttachedDocumentsReferenceDocumentsHeading" order="1.0"/>
    <link:loc xlink:type="locator" xlink:href="../jpcrp_cor_2023-12-01.xsd#jpcrp_cor_AnnualSecuritiesReportAndAttachedDocumentsReferenceDocumentsTextBlock" xlink:label="AnnualSecuritiesReportAndAttachedDocumentsReferenceDocumentsTextBlock"/>
    <link:presentationArc xlink:type="arc" xlink:arcrole="http://www.xbrl.org/2003/arcrole/parent-child" xlink:from="AnnualSecuritiesReportAndAttachedDocumentsReferenceDocumentsHeading" xlink:to="AnnualSecuritiesReportAndAttachedDocumentsReferenceDocumentsTextBlock" order="1.0"/>
    <link:loc xlink:type="locator" xlink:href="../jpcrp_cor_2023-12-01.xsd#jpcrp_cor_QuarterlySecuritiesReportOrSemiAnnualSecuritiesReportReferenceDocumentsHeading" xlink:label="QuarterlySecuritiesReportOrSemiAnnualSecuritiesReportReferenceDocumentsHeading"/>
    <link:presentationArc xlink:type="arc" xlink:arcrole="http://www.xbrl.org/2003/arcrole/parent-child" xlink:from="ReferenceDocumentsHeading" xlink:to="QuarterlySecuritiesReportOrSemiAnnualSecuritiesReportReferenceDocumentsHeading" order="2.0"/>
    <link:loc xlink:type="locator" xlink:href="../jpcrp_cor_2023-12-01.xsd#jpcrp_cor_QuarterlySecuritiesReportOrSemiAnnualSecuritiesReportReferenceDocumentsTextBlock" xlink:label="QuarterlySecuritiesReportOrSemiAnnualSecuritiesReportReferenceDocumentsTextBlock"/>
    <link:presentationArc xlink:type="arc" xlink:arcrole="http://www.xbrl.org/2003/arcrole/parent-child" xlink:from="QuarterlySecuritiesReportOrSemiAnnualSecuritiesReportReferenceDocumentsHeading" xlink:to="QuarterlySecuritiesReportOrSemiAnnualSecuritiesReportReferenceDocumentsTextBlock" order="1.0"/>
    <link:loc xlink:type="locator" xlink:href="../jpcrp_cor_2023-12-01.xsd#jpcrp_cor_ExtraordinarySecuritiesReportReferenceDocumentsHeading" xlink:label="ExtraordinarySecuritiesReportReferenceDocumentsHeading"/>
    <link:presentationArc xlink:type="arc" xlink:arcrole="http://www.xbrl.org/2003/arcrole/parent-child" xlink:from="ReferenceDocumentsHeading" xlink:to="ExtraordinarySecuritiesReportReferenceDocumentsHeading" order="3.0"/>
    <link:loc xlink:type="locator" xlink:href="../jpcrp_cor_2023-12-01.xsd#jpcrp_cor_ExtraordinarySecuritiesReportReferenceDocumentsTextBlock" xlink:label="ExtraordinarySecuritiesReportReferenceDocumentsTextBlock"/>
    <link:presentationArc xlink:type="arc" xlink:arcrole="http://www.xbrl.org/2003/arcrole/parent-child" xlink:from="ExtraordinarySecuritiesReportReferenceDocumentsHeading" xlink:to="ExtraordinarySecuritiesReportReferenceDocumentsTextBlock" order="1.0"/>
    <link:loc xlink:type="locator" xlink:href="../jpcrp_cor_2023-12-01.xsd#jpcrp_cor_AmendmentReportReferenceDocumentsHeading" xlink:label="AmendmentReportReferenceDocumentsHeading"/>
    <link:presentationArc xlink:type="arc" xlink:arcrole="http://www.xbrl.org/2003/arcrole/parent-child" xlink:from="ReferenceDocumentsHeading" xlink:to="AmendmentReportReferenceDocumentsHeading" order="4.0"/>
    <link:loc xlink:type="locator" xlink:href="../jpcrp_cor_2023-12-01.xsd#jpcrp_cor_AmendmentReportReferenceDocumentsTextBlock" xlink:label="AmendmentReportReferenceDocumentsTextBlock"/>
    <link:presentationArc xlink:type="arc" xlink:arcrole="http://www.xbrl.org/2003/arcrole/parent-child" xlink:from="AmendmentReportReferenceDocumentsHeading" xlink:to="AmendmentReportReferenceDocumentsTextBlock" order="1.0"/>
    <link:loc xlink:type="locator" xlink:href="../jpcrp_cor_2023-12-01.xsd#jpcrp_cor_SupplementaryInformationAboutReferenceDocumentsHeading" xlink:label="SupplementaryInformationAboutReferenceDocumentsHeading"/>
    <link:presentationArc xlink:type="arc" xlink:arcrole="http://www.xbrl.org/2003/arcrole/parent-child" xlink:from="ReferenceInformationHeading" xlink:to="SupplementaryInformationAboutReferenceDocumentsHeading" order="2.0"/>
    <link:loc xlink:type="locator" xlink:href="../jpcrp_cor_2023-12-01.xsd#jpcrp_cor_SupplementaryInformationAboutReferenceDocumentsTextBlock" xlink:label="SupplementaryInformationAboutReferenceDocumentsTextBlock"/>
    <link:presentationArc xlink:type="arc" xlink:arcrole="http://www.xbrl.org/2003/arcrole/parent-child" xlink:from="SupplementaryInformationAboutReferenceDocumentsHeading" xlink:to="SupplementaryInformationAboutReferenceDocumentsTextBlock" order="1.0"/>
    <link:loc xlink:type="locator" xlink:href="../jpcrp_cor_2023-12-01.xsd#jpcrp_cor_PlaceForPublicInspectionOfReferenceDocumentsHeading" xlink:label="PlaceForPublicInspectionOfReferenceDocumentsHeading"/>
    <link:presentationArc xlink:type="arc" xlink:arcrole="http://www.xbrl.org/2003/arcrole/parent-child" xlink:from="ReferenceInformationHeading" xlink:to="PlaceForPublicInspectionOfReferenceDocumentsHeading" order="3.0"/>
    <link:loc xlink:type="locator" xlink:href="../jpcrp_cor_2023-12-01.xsd#jpcrp_cor_PlaceForPublicInspectionOfReferenceDocumentsTextBlock" xlink:label="PlaceForPublicInspectionOfReferenceDocumentsTextBlock"/>
    <link:presentationArc xlink:type="arc" xlink:arcrole="http://www.xbrl.org/2003/arcrole/parent-child" xlink:from="PlaceForPublicInspectionOfReferenceDocumentsHeading" xlink:to="PlaceForPublicInspectionOfReferenceDocumentsTextBlock" order="1.0"/>
    <link:loc xlink:type="locator" xlink:href="../jpcrp_cor_2023-12-01.xsd#jpcrp_cor_CabinetOfficeOrdinanceOnDisclosureOfCorporateInformationEtcFormNo122ShelfRegistrationSupplementsHeading" xlink:label="CabinetOfficeOrdinanceOnDisclosureOfCorporateInformationEtcFormNo122ShelfRegistrationSupplementsHeading"/>
    <link:loc xlink:type="locator" xlink:href="../jpcrp_cor_2023-12-01.xsd#jpcrp_cor_CoverPageHeading" xlink:label="CoverPageHeading"/>
    <link:presentationArc xlink:type="arc" xlink:arcrole="http://www.xbrl.org/2003/arcrole/parent-child" xlink:from="CabinetOfficeOrdinanceOnDisclosureOfCorporateInformationEtcFormNo122ShelfRegistrationSupplementsHeading" xlink:to="CoverPageHeading" order="1.0"/>
    <link:presentationArc xlink:type="arc" xlink:arcrole="http://www.xbrl.org/2003/arcrole/parent-child" xlink:from="CabinetOfficeOrdinanceOnDisclosureOfCorporateInformationEtcFormNo122ShelfRegistrationSupplementsHeading" xlink:to="SecurityInformationHeading" order="2.0"/>
    <link:presentationArc xlink:type="arc" xlink:arcrole="http://www.xbrl.org/2003/arcrole/parent-child" xlink:from="CabinetOfficeOrdinanceOnDisclosureOfCorporateInformationEtcFormNo122ShelfRegistrationSupplementsHeading" xlink:to="InformationAboutTenderOfferHeading" order="3.0"/>
    <link:presentationArc xlink:type="arc" xlink:arcrole="http://www.xbrl.org/2003/arcrole/parent-child" xlink:from="CabinetOfficeOrdinanceOnDisclosureOfCorporateInformationEtcFormNo122ShelfRegistrationSupplementsHeading" xlink:to="ReferenceInformationHeading" order="4.0"/>
  </link:presentationLink>
</link:linkbase>
