<?xml version="1.0" encoding="UTF-8"?>
<!--  (c) Financial Services Agency, The Japanese Government.
      All Rights Reserved.
      For intellectual property policy and authorized uses of EDINET Taxonomy,
      refer to “EDINET Taxonomy Legal Statement” at http://www.fsa.go.jp/search/EDINET_Taxonomy_Legal_Statement.html
-->
<link:linkbase xmlns:link="http://www.xbrl.org/2003/linkbase" xmlns:xsi="http://www.w3.org/2001/XMLSchema-instance" xmlns:xlink="http://www.w3.org/1999/xlink" xmlns:xbrli="http://www.xbrl.org/2003/instance">
  <link:roleRef roleURI="http://disclosure.edinet-fsa.go.jp/role/jpcrp/rol_std_CabinetOfficeOrdinanceOnDisclosureOfCorporateInformationEtcFormNo9AnnualSecuritiesReport" xlink:type="simple" xlink:href="../jpcrp_rt_2023-12-01.xsd#rol_std_CabinetOfficeOrdinanceOnDisclosureOfCorporateInformationEtcFormNo9AnnualSecuritiesReport"/>
  <link:presentationLink xlink:type="extended" xlink:role="http://disclosure.edinet-fsa.go.jp/role/jpcrp/rol_std_CabinetOfficeOrdinanceOnDisclosureOfCorporateInformationEtcFormNo9AnnualSecuritiesReport">
    <link:loc xlink:type="locator" xlink:href="../jpcrp_cor_2023-12-01.xsd#jpcrp_cor_FinancialStatementsHeading" xlink:label="FinancialStatementsHeading"/>
    <link:loc xlink:type="locator" xlink:href="../../../jppfs/2023-12-01/jppfs_cor_2023-12-01.xsd#jppfs_cor_BalanceSheetHeading" xlink:label="BalanceSheetHeading"/>
    <link:presentationArc xlink:type="arc" xlink:arcrole="http://www.xbrl.org/2003/arcrole/parent-child" xlink:from="FinancialStatementsHeading" xlink:to="BalanceSheetHeading" order="1.0"/>
    <link:loc xlink:type="locator" xlink:href="../jpcrp_cor_2023-12-01.xsd#jpcrp_cor_BalanceSheetTextBlock" xlink:label="BalanceSheetTextBlock"/>
    <link:presentationArc xlink:type="arc" xlink:arcrole="http://www.xbrl.org/2003/arcrole/parent-child" xlink:from="BalanceSheetHeading" xlink:to="BalanceSheetTextBlock" order="1.0"/>
    <link:loc xlink:type="locator" xlink:href="../../../jppfs/2023-12-01/jppfs_cor_2023-12-01.xsd#jppfs_cor_StatementOfIncomeHeading" xlink:label="StatementOfIncomeHeading"/>
    <link:presentationArc xlink:type="arc" xlink:arcrole="http://www.xbrl.org/2003/arcrole/parent-child" xlink:from="FinancialStatementsHeading" xlink:to="StatementOfIncomeHeading" order="2.0"/>
    <link:loc xlink:type="locator" xlink:href="../jpcrp_cor_2023-12-01.xsd#jpcrp_cor_StatementOfIncomeTextBlock" xlink:label="StatementOfIncomeTextBlock"/>
    <link:presentationArc xlink:type="arc" xlink:arcrole="http://www.xbrl.org/2003/arcrole/parent-child" xlink:from="StatementOfIncomeHeading" xlink:to="StatementOfIncomeTextBlock" order="1.0"/>
    <link:loc xlink:type="locator" xlink:href="../jpcrp_cor_2023-12-01.xsd#jpcrp_cor_DetailedScheduleOfManufacturingCostTextBlock" xlink:label="DetailedScheduleOfManufacturingCostTextBlock"/>
    <link:presentationArc xlink:type="arc" xlink:arcrole="http://www.xbrl.org/2003/arcrole/parent-child" xlink:from="StatementOfIncomeHeading" xlink:to="DetailedScheduleOfManufacturingCostTextBlock" order="2.0"/>
    <link:loc xlink:type="locator" xlink:href="../jpcrp_cor_2023-12-01.xsd#jpcrp_cor_DetailedScheduleOfCostOfSalesTextBlock" xlink:label="DetailedScheduleOfCostOfSalesTextBlock"/>
    <link:presentationArc xlink:type="arc" xlink:arcrole="http://www.xbrl.org/2003/arcrole/parent-child" xlink:from="StatementOfIncomeHeading" xlink:to="DetailedScheduleOfCostOfSalesTextBlock" order="3.0"/>
    <link:loc xlink:type="locator" xlink:href="../jpcrp_cor_2023-12-01.xsd#jpcrp_cor_DetailedScheduleOfOperatingExpensesForRailwayBusinessTextBlock" xlink:label="DetailedScheduleOfOperatingExpensesForRailwayBusinessTextBlock"/>
    <link:presentationArc xlink:type="arc" xlink:arcrole="http://www.xbrl.org/2003/arcrole/parent-child" xlink:from="StatementOfIncomeHeading" xlink:to="DetailedScheduleOfOperatingExpensesForRailwayBusinessTextBlock" order="4.0"/>
    <link:loc xlink:type="locator" xlink:href="../jpcrp_cor_2023-12-01.xsd#jpcrp_cor_DetailedScheduleOfOperatingExpensesForMotorwayBusinessTextBlock" xlink:label="DetailedScheduleOfOperatingExpensesForMotorwayBusinessTextBlock"/>
    <link:presentationArc xlink:type="arc" xlink:arcrole="http://www.xbrl.org/2003/arcrole/parent-child" xlink:from="StatementOfIncomeHeading" xlink:to="DetailedScheduleOfOperatingExpensesForMotorwayBusinessTextBlock" order="5.0"/>
    <link:loc xlink:type="locator" xlink:href="../jpcrp_cor_2023-12-01.xsd#jpcrp_cor_DetailedScheduleOfOperatingExpensesTelecommunicationsBusinessTextBlock" xlink:label="DetailedScheduleOfOperatingExpensesTelecommunicationsBusinessTextBlock"/>
    <link:presentationArc xlink:type="arc" xlink:arcrole="http://www.xbrl.org/2003/arcrole/parent-child" xlink:from="StatementOfIncomeHeading" xlink:to="DetailedScheduleOfOperatingExpensesTelecommunicationsBusinessTextBlock" order="6.0"/>
    <link:loc xlink:type="locator" xlink:href="../jpcrp_cor_2023-12-01.xsd#jpcrp_cor_DetailedScheduleOfElectricUtilityOperatingExpensesTextBlock" xlink:label="DetailedScheduleOfElectricUtilityOperatingExpensesTextBlock"/>
    <link:presentationArc xlink:type="arc" xlink:arcrole="http://www.xbrl.org/2003/arcrole/parent-child" xlink:from="StatementOfIncomeHeading" xlink:to="DetailedScheduleOfElectricUtilityOperatingExpensesTextBlock" order="7.0"/>
    <link:loc xlink:type="locator" xlink:href="../jpcrp_cor_2023-12-01.xsd#jpcrp_cor_DetailedScheduleOfOperatingExpensesGASTextBlock" xlink:label="DetailedScheduleOfOperatingExpensesGASTextBlock"/>
    <link:presentationArc xlink:type="arc" xlink:arcrole="http://www.xbrl.org/2003/arcrole/parent-child" xlink:from="StatementOfIncomeHeading" xlink:to="DetailedScheduleOfOperatingExpensesGASTextBlock" order="8.0"/>
    <link:loc xlink:type="locator" xlink:href="../jpcrp_cor_2023-12-01.xsd#jpcrp_cor_DetailedScheduleOfOperatingExpensesNonOperatingExpensesExtraordinaryLossesEtcForHighwayBusinessTextBlock" xlink:label="DetailedScheduleOfOperatingExpensesNonOperatingExpensesExtraordinaryLossesEtcForHighwayBusinessTextBlock"/>
    <link:presentationArc xlink:type="arc" xlink:arcrole="http://www.xbrl.org/2003/arcrole/parent-child" xlink:from="StatementOfIncomeHeading" xlink:to="DetailedScheduleOfOperatingExpensesNonOperatingExpensesExtraordinaryLossesEtcForHighwayBusinessTextBlock" order="9.0"/>
    <link:loc xlink:type="locator" xlink:href="../jpcrp_cor_2023-12-01.xsd#jpcrp_cor_DetailedScheduleOfOperatingExpensesEDUTextBlock" xlink:label="DetailedScheduleOfOperatingExpensesEDUTextBlock"/>
    <link:presentationArc xlink:type="arc" xlink:arcrole="http://www.xbrl.org/2003/arcrole/parent-child" xlink:from="StatementOfIncomeHeading" xlink:to="DetailedScheduleOfOperatingExpensesEDUTextBlock" order="10.0"/>
    <link:loc xlink:type="locator" xlink:href="../../../jppfs/2023-12-01/jppfs_cor_2023-12-01.xsd#jppfs_cor_StatementOfChangesInEquityHeading" xlink:label="StatementOfChangesInEquityHeading"/>
    <link:presentationArc xlink:type="arc" xlink:arcrole="http://www.xbrl.org/2003/arcrole/parent-child" xlink:from="FinancialStatementsHeading" xlink:to="StatementOfChangesInEquityHeading" order="3.0"/>
    <link:loc xlink:type="locator" xlink:href="../jpcrp_cor_2023-12-01.xsd#jpcrp_cor_StatementOfChangesInEquityTextBlock" xlink:label="StatementOfChangesInEquityTextBlock"/>
    <link:presentationArc xlink:type="arc" xlink:arcrole="http://www.xbrl.org/2003/arcrole/parent-child" xlink:from="StatementOfChangesInEquityHeading" xlink:to="StatementOfChangesInEquityTextBlock" order="1.0"/>
    <link:loc xlink:type="locator" xlink:href="../../../jppfs/2023-12-01/jppfs_cor_2023-12-01.xsd#jppfs_cor_StatementOfCashFlowsHeading" xlink:label="StatementOfCashFlowsHeading"/>
    <link:presentationArc xlink:type="arc" xlink:arcrole="http://www.xbrl.org/2003/arcrole/parent-child" xlink:from="FinancialStatementsHeading" xlink:to="StatementOfCashFlowsHeading" order="4.0"/>
    <link:loc xlink:type="locator" xlink:href="../jpcrp_cor_2023-12-01.xsd#jpcrp_cor_StatementOfCashFlowsTextBlock" xlink:label="StatementOfCashFlowsTextBlock"/>
    <link:presentationArc xlink:type="arc" xlink:arcrole="http://www.xbrl.org/2003/arcrole/parent-child" xlink:from="StatementOfCashFlowsHeading" xlink:to="StatementOfCashFlowsTextBlock" order="1.0"/>
    <link:loc xlink:type="locator" xlink:href="../jpcrp_cor_2023-12-01.xsd#jpcrp_cor_ConsolidatedFinancialStatementsEtcHeading" xlink:label="ConsolidatedFinancialStatementsEtcHeading"/>
    <link:loc xlink:type="locator" xlink:href="../jpcrp_cor_2023-12-01.xsd#jpcrp_cor_ConsolidatedFinancialStatementsHeading" xlink:label="ConsolidatedFinancialStatementsHeading"/>
    <link:presentationArc xlink:type="arc" xlink:arcrole="http://www.xbrl.org/2003/arcrole/parent-child" xlink:from="ConsolidatedFinancialStatementsEtcHeading" xlink:to="ConsolidatedFinancialStatementsHeading" order="1.0"/>
    <link:loc xlink:type="locator" xlink:href="../../../jppfs/2023-12-01/jppfs_cor_2023-12-01.xsd#jppfs_cor_ConsolidatedBalanceSheetHeading" xlink:label="ConsolidatedBalanceSheetHeading"/>
    <link:presentationArc xlink:type="arc" xlink:arcrole="http://www.xbrl.org/2003/arcrole/parent-child" xlink:from="ConsolidatedFinancialStatementsHeading" xlink:to="ConsolidatedBalanceSheetHeading" order="1.0"/>
    <link:loc xlink:type="locator" xlink:href="../jpcrp_cor_2023-12-01.xsd#jpcrp_cor_ConsolidatedBalanceSheetTextBlock" xlink:label="ConsolidatedBalanceSheetTextBlock"/>
    <link:presentationArc xlink:type="arc" xlink:arcrole="http://www.xbrl.org/2003/arcrole/parent-child" xlink:from="ConsolidatedBalanceSheetHeading" xlink:to="ConsolidatedBalanceSheetTextBlock" order="1.0"/>
    <link:loc xlink:type="locator" xlink:href="../jpcrp_cor_2023-12-01.xsd#jpcrp_cor_ConsolidatedBalanceSheetUSGAAPTextBlock" xlink:label="ConsolidatedBalanceSheetUSGAAPTextBlock"/>
    <link:presentationArc xlink:type="arc" xlink:arcrole="http://www.xbrl.org/2003/arcrole/parent-child" xlink:from="ConsolidatedBalanceSheetHeading" xlink:to="ConsolidatedBalanceSheetUSGAAPTextBlock" order="2.0"/>
    <link:loc xlink:type="locator" xlink:href="../../../jppfs/2023-12-01/jppfs_cor_2023-12-01.xsd#jppfs_cor_ConsolidatedStatementOfIncomeAndConsolidatedStatementOfComprehensiveIncomeHeading" xlink:label="ConsolidatedStatementOfIncomeAndConsolidatedStatementOfComprehensiveIncomeHeading"/>
    <link:presentationArc xlink:type="arc" xlink:arcrole="http://www.xbrl.org/2003/arcrole/parent-child" xlink:from="ConsolidatedFinancialStatementsHeading" xlink:to="ConsolidatedStatementOfIncomeAndConsolidatedStatementOfComprehensiveIncomeHeading" order="2.0"/>
    <link:loc xlink:type="locator" xlink:href="../../../jppfs/2023-12-01/jppfs_cor_2023-12-01.xsd#jppfs_cor_ConsolidatedStatementOfIncomeHeading" xlink:label="ConsolidatedStatementOfIncomeHeading"/>
    <link:presentationArc xlink:type="arc" xlink:arcrole="http://www.xbrl.org/2003/arcrole/parent-child" xlink:from="ConsolidatedStatementOfIncomeAndConsolidatedStatementOfComprehensiveIncomeHeading" xlink:to="ConsolidatedStatementOfIncomeHeading" order="1.0"/>
    <link:loc xlink:type="locator" xlink:href="../jpcrp_cor_2023-12-01.xsd#jpcrp_cor_ConsolidatedStatementOfIncomeTextBlock" xlink:label="ConsolidatedStatementOfIncomeTextBlock"/>
    <link:presentationArc xlink:type="arc" xlink:arcrole="http://www.xbrl.org/2003/arcrole/parent-child" xlink:from="ConsolidatedStatementOfIncomeHeading" xlink:to="ConsolidatedStatementOfIncomeTextBlock" order="1.0"/>
    <link:loc xlink:type="locator" xlink:href="../jpcrp_cor_2023-12-01.xsd#jpcrp_cor_ConsolidatedStatementOfIncomeUSGAAPTextBlock" xlink:label="ConsolidatedStatementOfIncomeUSGAAPTextBlock"/>
    <link:presentationArc xlink:type="arc" xlink:arcrole="http://www.xbrl.org/2003/arcrole/parent-child" xlink:from="ConsolidatedStatementOfIncomeHeading" xlink:to="ConsolidatedStatementOfIncomeUSGAAPTextBlock" order="2.0"/>
    <link:loc xlink:type="locator" xlink:href="../../../jppfs/2023-12-01/jppfs_cor_2023-12-01.xsd#jppfs_cor_ConsolidatedStatementOfComprehensiveIncomeHeading" xlink:label="ConsolidatedStatementOfComprehensiveIncomeHeading"/>
    <link:presentationArc xlink:type="arc" xlink:arcrole="http://www.xbrl.org/2003/arcrole/parent-child" xlink:from="ConsolidatedStatementOfIncomeAndConsolidatedStatementOfComprehensiveIncomeHeading" xlink:to="ConsolidatedStatementOfComprehensiveIncomeHeading" order="2.0"/>
    <link:loc xlink:type="locator" xlink:href="../jpcrp_cor_2023-12-01.xsd#jpcrp_cor_ConsolidatedStatementOfComprehensiveIncomeTextBlock" xlink:label="ConsolidatedStatementOfComprehensiveIncomeTextBlock"/>
    <link:presentationArc xlink:type="arc" xlink:arcrole="http://www.xbrl.org/2003/arcrole/parent-child" xlink:from="ConsolidatedStatementOfComprehensiveIncomeHeading" xlink:to="ConsolidatedStatementOfComprehensiveIncomeTextBlock" order="1.0"/>
    <link:loc xlink:type="locator" xlink:href="../jpcrp_cor_2023-12-01.xsd#jpcrp_cor_ConsolidatedStatementOfComprehensiveIncomeUSGAAPTextBlock" xlink:label="ConsolidatedStatementOfComprehensiveIncomeUSGAAPTextBlock"/>
    <link:presentationArc xlink:type="arc" xlink:arcrole="http://www.xbrl.org/2003/arcrole/parent-child" xlink:from="ConsolidatedStatementOfComprehensiveIncomeHeading" xlink:to="ConsolidatedStatementOfComprehensiveIncomeUSGAAPTextBlock" order="2.0"/>
    <link:loc xlink:type="locator" xlink:href="../../../jppfs/2023-12-01/jppfs_cor_2023-12-01.xsd#jppfs_cor_ConsolidatedStatementOfComprehensiveIncomeSingleStatementHeading" xlink:label="ConsolidatedStatementOfComprehensiveIncomeSingleStatementHeading"/>
    <link:presentationArc xlink:type="arc" xlink:arcrole="http://www.xbrl.org/2003/arcrole/parent-child" xlink:from="ConsolidatedFinancialStatementsHeading" xlink:to="ConsolidatedStatementOfComprehensiveIncomeSingleStatementHeading" order="3.0"/>
    <link:loc xlink:type="locator" xlink:href="../jpcrp_cor_2023-12-01.xsd#jpcrp_cor_ConsolidatedStatementOfComprehensiveIncomeSingleStatementTextBlock" xlink:label="ConsolidatedStatementOfComprehensiveIncomeSingleStatementTextBlock"/>
    <link:presentationArc xlink:type="arc" xlink:arcrole="http://www.xbrl.org/2003/arcrole/parent-child" xlink:from="ConsolidatedStatementOfComprehensiveIncomeSingleStatementHeading" xlink:to="ConsolidatedStatementOfComprehensiveIncomeSingleStatementTextBlock" order="1.0"/>
    <link:loc xlink:type="locator" xlink:href="../jpcrp_cor_2023-12-01.xsd#jpcrp_cor_ConsolidatedStatementOfComprehensiveIncomeSingleStatementUSGAAPTextBlock" xlink:label="ConsolidatedStatementOfComprehensiveIncomeSingleStatementUSGAAPTextBlock"/>
    <link:presentationArc xlink:type="arc" xlink:arcrole="http://www.xbrl.org/2003/arcrole/parent-child" xlink:from="ConsolidatedStatementOfComprehensiveIncomeSingleStatementHeading" xlink:to="ConsolidatedStatementOfComprehensiveIncomeSingleStatementUSGAAPTextBlock" order="2.0"/>
    <link:loc xlink:type="locator" xlink:href="../../../jppfs/2023-12-01/jppfs_cor_2023-12-01.xsd#jppfs_cor_ConsolidatedStatementOfChangesInEquityHeading" xlink:label="ConsolidatedStatementOfChangesInEquityHeading"/>
    <link:presentationArc xlink:type="arc" xlink:arcrole="http://www.xbrl.org/2003/arcrole/parent-child" xlink:from="ConsolidatedFinancialStatementsHeading" xlink:to="ConsolidatedStatementOfChangesInEquityHeading" order="4.0"/>
    <link:loc xlink:type="locator" xlink:href="../jpcrp_cor_2023-12-01.xsd#jpcrp_cor_ConsolidatedStatementOfChangesInEquityTextBlock" xlink:label="ConsolidatedStatementOfChangesInEquityTextBlock"/>
    <link:presentationArc xlink:type="arc" xlink:arcrole="http://www.xbrl.org/2003/arcrole/parent-child" xlink:from="ConsolidatedStatementOfChangesInEquityHeading" xlink:to="ConsolidatedStatementOfChangesInEquityTextBlock" order="1.0"/>
    <link:loc xlink:type="locator" xlink:href="../jpcrp_cor_2023-12-01.xsd#jpcrp_cor_ConsolidatedStatementOfEquityUSGAAPTextBlock" xlink:label="ConsolidatedStatementOfEquityUSGAAPTextBlock"/>
    <link:presentationArc xlink:type="arc" xlink:arcrole="http://www.xbrl.org/2003/arcrole/parent-child" xlink:from="ConsolidatedStatementOfChangesInEquityHeading" xlink:to="ConsolidatedStatementOfEquityUSGAAPTextBlock" order="2.0"/>
    <link:loc xlink:type="locator" xlink:href="../../../jppfs/2023-12-01/jppfs_cor_2023-12-01.xsd#jppfs_cor_ConsolidatedStatementOfCashFlowsHeading" xlink:label="ConsolidatedStatementOfCashFlowsHeading"/>
    <link:presentationArc xlink:type="arc" xlink:arcrole="http://www.xbrl.org/2003/arcrole/parent-child" xlink:from="ConsolidatedFinancialStatementsHeading" xlink:to="ConsolidatedStatementOfCashFlowsHeading" order="5.0"/>
    <link:loc xlink:type="locator" xlink:href="../jpcrp_cor_2023-12-01.xsd#jpcrp_cor_ConsolidatedStatementOfCashFlowsTextBlock" xlink:label="ConsolidatedStatementOfCashFlowsTextBlock"/>
    <link:presentationArc xlink:type="arc" xlink:arcrole="http://www.xbrl.org/2003/arcrole/parent-child" xlink:from="ConsolidatedStatementOfCashFlowsHeading" xlink:to="ConsolidatedStatementOfCashFlowsTextBlock" order="1.0"/>
    <link:loc xlink:type="locator" xlink:href="../jpcrp_cor_2023-12-01.xsd#jpcrp_cor_ConsolidatedStatementOfCashFlowsUSGAAPTextBlock" xlink:label="ConsolidatedStatementOfCashFlowsUSGAAPTextBlock"/>
    <link:presentationArc xlink:type="arc" xlink:arcrole="http://www.xbrl.org/2003/arcrole/parent-child" xlink:from="ConsolidatedStatementOfCashFlowsHeading" xlink:to="ConsolidatedStatementOfCashFlowsUSGAAPTextBlock" order="2.0"/>
    <link:loc xlink:type="locator" xlink:href="../jpcrp_cor_2023-12-01.xsd#jpcrp_cor_FinancialStatementsEtcHeading" xlink:label="FinancialStatementsEtcHeading"/>
    <link:presentationArc xlink:type="arc" xlink:arcrole="http://www.xbrl.org/2003/arcrole/parent-child" xlink:from="FinancialStatementsEtcHeading" xlink:to="FinancialStatementsHeading" order="1.0"/>
    <link:loc xlink:type="locator" xlink:href="../jpcrp_cor_2023-12-01.xsd#jpcrp_cor_CabinetOfficeOrdinanceOnDisclosureOfCorporateInformationEtcFormNo9AnnualSecuritiesReportHeading" xlink:label="CabinetOfficeOrdinanceOnDisclosureOfCorporateInformationEtcFormNo9AnnualSecuritiesReportHeading"/>
    <link:presentationArc xlink:type="arc" xlink:arcrole="http://www.xbrl.org/2003/arcrole/parent-child" xlink:from="CabinetOfficeOrdinanceOnDisclosureOfCorporateInformationEtcFormNo9AnnualSecuritiesReportHeading" xlink:to="ConsolidatedFinancialStatementsEtcHeading" order="1.0"/>
    <link:presentationArc xlink:type="arc" xlink:arcrole="http://www.xbrl.org/2003/arcrole/parent-child" xlink:from="CabinetOfficeOrdinanceOnDisclosureOfCorporateInformationEtcFormNo9AnnualSecuritiesReportHeading" xlink:to="FinancialStatementsEtcHeading" order="2.0"/>
  </link:presentationLink>
</link:linkbase>
