<?xml version="1.0" encoding="UTF-8"?>
<!--  (c) Financial Services Agency, The Japanese Government.
      All Rights Reserved.
      For intellectual property policy and authorized uses of EDINET Taxonomy,
      refer to “EDINET Taxonomy Legal Statement” at http://www.fsa.go.jp/search/EDINET_Taxonomy_Legal_Statement.html
-->
<link:linkbase xmlns:link="http://www.xbrl.org/2003/linkbase" xmlns:xsi="http://www.w3.org/2001/XMLSchema-instance" xmlns:xlink="http://www.w3.org/1999/xlink" xmlns:xbrli="http://www.xbrl.org/2003/instance">
  <link:roleRef roleURI="http://disclosure.edinet-fsa.go.jp/role/jpcrp/rol_std_InformationAboutEmployees-05" xlink:type="simple" xlink:href="../jpcrp_rt_2023-12-01.xsd#rol_std_InformationAboutEmployees-05"/>
  <link:presentationLink xlink:type="extended" xlink:role="http://disclosure.edinet-fsa.go.jp/role/jpcrp/rol_std_InformationAboutEmployees-05">
    <link:loc xlink:type="locator" xlink:href="../../../jppfs/2023-12-01/jppfs_cor_2023-12-01.xsd#jppfs_cor_ConsolidatedOrNonConsolidatedAxis" xlink:label="ConsolidatedOrNonConsolidatedAxis"/>
    <link:loc xlink:type="locator" xlink:href="../../../jppfs/2023-12-01/jppfs_cor_2023-12-01.xsd#jppfs_cor_ConsolidatedMember" xlink:label="ConsolidatedMember"/>
    <link:presentationArc xlink:type="arc" xlink:arcrole="http://www.xbrl.org/2003/arcrole/parent-child" xlink:from="ConsolidatedOrNonConsolidatedAxis" xlink:to="ConsolidatedMember" order="1.0"/>
    <link:loc xlink:type="locator" xlink:href="../jpcrp_cor_2023-12-01.xsd#jpcrp_cor_InformationAboutEmployeesHeading" xlink:label="InformationAboutEmployeesHeading"/>
    <link:loc xlink:type="locator" xlink:href="../jpcrp_cor_2023-12-01.xsd#jpcrp_cor_MetricsRelatedToHumanCapitalDiversityAbstract" xlink:label="MetricsRelatedToHumanCapitalDiversityAbstract"/>
    <link:presentationArc xlink:type="arc" xlink:arcrole="http://www.xbrl.org/2003/arcrole/parent-child" xlink:from="InformationAboutEmployeesHeading" xlink:to="MetricsRelatedToHumanCapitalDiversityAbstract" order="1.0"/>
    <link:loc xlink:type="locator" xlink:href="../jpcrp_cor_2023-12-01.xsd#jpcrp_cor_MetricsOfConsolidatedSubsidiariesTable" xlink:label="MetricsOfConsolidatedSubsidiariesTable"/>
    <link:presentationArc xlink:type="arc" xlink:arcrole="http://www.xbrl.org/2003/arcrole/parent-child" xlink:from="MetricsRelatedToHumanCapitalDiversityAbstract" xlink:to="MetricsOfConsolidatedSubsidiariesTable" order="1.0"/>
    <link:presentationArc xlink:type="arc" xlink:arcrole="http://www.xbrl.org/2003/arcrole/parent-child" xlink:from="MetricsOfConsolidatedSubsidiariesTable" xlink:to="ConsolidatedOrNonConsolidatedAxis" order="1.0"/>
    <link:loc xlink:type="locator" xlink:href="../jpcrp_cor_2023-12-01.xsd#jpcrp_cor_SequentialNumbersAxis" xlink:label="SequentialNumbersAxis"/>
    <link:presentationArc xlink:type="arc" xlink:arcrole="http://www.xbrl.org/2003/arcrole/parent-child" xlink:from="MetricsOfConsolidatedSubsidiariesTable" xlink:to="SequentialNumbersAxis" order="2.0"/>
    <link:loc xlink:type="locator" xlink:href="../jpcrp_cor_2023-12-01.xsd#jpcrp_cor_Row4Member" xlink:label="Row4Member"/>
    <link:presentationArc xlink:type="arc" xlink:arcrole="http://www.xbrl.org/2003/arcrole/parent-child" xlink:from="SequentialNumbersAxis" xlink:to="Row4Member" order="4.0"/>
    <link:loc xlink:type="locator" xlink:href="../jpcrp_cor_2023-12-01.xsd#jpcrp_cor_Row5Member" xlink:label="Row5Member"/>
    <link:presentationArc xlink:type="arc" xlink:arcrole="http://www.xbrl.org/2003/arcrole/parent-child" xlink:from="SequentialNumbersAxis" xlink:to="Row5Member" order="5.0"/>
    <link:loc xlink:type="locator" xlink:href="../jpcrp_cor_2023-12-01.xsd#jpcrp_cor_Row1Member" xlink:label="Row1Member"/>
    <link:presentationArc xlink:type="arc" xlink:arcrole="http://www.xbrl.org/2003/arcrole/parent-child" xlink:from="SequentialNumbersAxis" xlink:to="Row1Member" order="1.0"/>
    <link:loc xlink:type="locator" xlink:href="../jpcrp_cor_2023-12-01.xsd#jpcrp_cor_Row2Member" xlink:label="Row2Member"/>
    <link:presentationArc xlink:type="arc" xlink:arcrole="http://www.xbrl.org/2003/arcrole/parent-child" xlink:from="SequentialNumbersAxis" xlink:to="Row2Member" order="2.0"/>
    <link:loc xlink:type="locator" xlink:href="../jpcrp_cor_2023-12-01.xsd#jpcrp_cor_Row3Member" xlink:label="Row3Member"/>
    <link:presentationArc xlink:type="arc" xlink:arcrole="http://www.xbrl.org/2003/arcrole/parent-child" xlink:from="SequentialNumbersAxis" xlink:to="Row3Member" order="3.0"/>
    <link:loc xlink:type="locator" xlink:href="../jpcrp_cor_2023-12-01.xsd#jpcrp_cor_MetricsOfConsolidatedSubsidiariesLineItems" xlink:label="MetricsOfConsolidatedSubsidiariesLineItems"/>
    <link:presentationArc xlink:type="arc" xlink:arcrole="http://www.xbrl.org/2003/arcrole/parent-child" xlink:from="MetricsRelatedToHumanCapitalDiversityAbstract" xlink:to="MetricsOfConsolidatedSubsidiariesLineItems" order="2.0"/>
    <link:loc xlink:type="locator" xlink:href="../jpcrp_cor_2023-12-01.xsd#jpcrp_cor_ConsolidatedSubsidiariesMetricsOfConsolidatedSubsidiaries" xlink:label="ConsolidatedSubsidiariesMetricsOfConsolidatedSubsidiaries"/>
    <link:presentationArc xlink:type="arc" xlink:arcrole="http://www.xbrl.org/2003/arcrole/parent-child" xlink:from="MetricsOfConsolidatedSubsidiariesLineItems" xlink:to="ConsolidatedSubsidiariesMetricsOfConsolidatedSubsidiaries" order="1.0"/>
    <link:loc xlink:type="locator" xlink:href="../jpcrp_cor_2023-12-01.xsd#jpcrp_cor_RatioOfFemaleEmployeesInManagerialPositionsMetricsOfConsolidatedSubsidiaries" xlink:label="RatioOfFemaleEmployeesInManagerialPositionsMetricsOfConsolidatedSubsidiaries"/>
    <link:presentationArc xlink:type="arc" xlink:arcrole="http://www.xbrl.org/2003/arcrole/parent-child" xlink:from="MetricsOfConsolidatedSubsidiariesLineItems" xlink:to="RatioOfFemaleEmployeesInManagerialPositionsMetricsOfConsolidatedSubsidiaries" order="2.0"/>
    <link:loc xlink:type="locator" xlink:href="../jpcrp_cor_2023-12-01.xsd#jpcrp_cor_RatioOfMaleEmployeesTakingChildcareLeaveMetricsOfConsolidatedSubsidiariesAbstract" xlink:label="RatioOfMaleEmployeesTakingChildcareLeaveMetricsOfConsolidatedSubsidiariesAbstract"/>
    <link:presentationArc xlink:type="arc" xlink:arcrole="http://www.xbrl.org/2003/arcrole/parent-child" xlink:from="MetricsOfConsolidatedSubsidiariesLineItems" xlink:to="RatioOfMaleEmployeesTakingChildcareLeaveMetricsOfConsolidatedSubsidiariesAbstract" order="3.0"/>
    <link:loc xlink:type="locator" xlink:href="../jpcrp_cor_2023-12-01.xsd#jpcrp_cor_AllEmployeesRatioOfMaleEmployeesTakingChildcareLeaveMetricsOfConsolidatedSubsidiaries" xlink:label="AllEmployeesRatioOfMaleEmployeesTakingChildcareLeaveMetricsOfConsolidatedSubsidiaries"/>
    <link:presentationArc xlink:type="arc" xlink:arcrole="http://www.xbrl.org/2003/arcrole/parent-child" xlink:from="RatioOfMaleEmployeesTakingChildcareLeaveMetricsOfConsolidatedSubsidiariesAbstract" xlink:to="AllEmployeesRatioOfMaleEmployeesTakingChildcareLeaveMetricsOfConsolidatedSubsidiaries" order="1.0"/>
    <link:loc xlink:type="locator" xlink:href="../jpcrp_cor_2023-12-01.xsd#jpcrp_cor_RegularEmployeesRatioOfMaleEmployeesTakingChildcareLeaveMetricsOfConsolidatedSubsidiaries" xlink:label="RegularEmployeesRatioOfMaleEmployeesTakingChildcareLeaveMetricsOfConsolidatedSubsidiaries"/>
    <link:presentationArc xlink:type="arc" xlink:arcrole="http://www.xbrl.org/2003/arcrole/parent-child" xlink:from="RatioOfMaleEmployeesTakingChildcareLeaveMetricsOfConsolidatedSubsidiariesAbstract" xlink:to="RegularEmployeesRatioOfMaleEmployeesTakingChildcareLeaveMetricsOfConsolidatedSubsidiaries" order="2.0"/>
    <link:loc xlink:type="locator" xlink:href="../jpcrp_cor_2023-12-01.xsd#jpcrp_cor_NonRegularEmployeesRatioOfMaleEmployeesTakingChildcareLeaveMetricsOfConsolidatedSubsidiaries" xlink:label="NonRegularEmployeesRatioOfMaleEmployeesTakingChildcareLeaveMetricsOfConsolidatedSubsidiaries"/>
    <link:presentationArc xlink:type="arc" xlink:arcrole="http://www.xbrl.org/2003/arcrole/parent-child" xlink:from="RatioOfMaleEmployeesTakingChildcareLeaveMetricsOfConsolidatedSubsidiariesAbstract" xlink:to="NonRegularEmployeesRatioOfMaleEmployeesTakingChildcareLeaveMetricsOfConsolidatedSubsidiaries" order="3.0"/>
    <link:loc xlink:type="locator" xlink:href="../jpcrp_cor_2023-12-01.xsd#jpcrp_cor_DifferencesInWagesBetweenMaleAndFemaleEmployeesMetricsOfConsolidatedSubsidiariesAbstract" xlink:label="DifferencesInWagesBetweenMaleAndFemaleEmployeesMetricsOfConsolidatedSubsidiariesAbstract"/>
    <link:presentationArc xlink:type="arc" xlink:arcrole="http://www.xbrl.org/2003/arcrole/parent-child" xlink:from="MetricsOfConsolidatedSubsidiariesLineItems" xlink:to="DifferencesInWagesBetweenMaleAndFemaleEmployeesMetricsOfConsolidatedSubsidiariesAbstract" order="4.0"/>
    <link:loc xlink:type="locator" xlink:href="../jpcrp_cor_2023-12-01.xsd#jpcrp_cor_AllEmployeesDifferencesInWagesBetweenMaleAndFemaleEmployeesMetricsOfConsolidatedSubsidiaries" xlink:label="AllEmployeesDifferencesInWagesBetweenMaleAndFemaleEmployeesMetricsOfConsolidatedSubsidiaries"/>
    <link:presentationArc xlink:type="arc" xlink:arcrole="http://www.xbrl.org/2003/arcrole/parent-child" xlink:from="DifferencesInWagesBetweenMaleAndFemaleEmployeesMetricsOfConsolidatedSubsidiariesAbstract" xlink:to="AllEmployeesDifferencesInWagesBetweenMaleAndFemaleEmployeesMetricsOfConsolidatedSubsidiaries" order="1.0"/>
    <link:loc xlink:type="locator" xlink:href="../jpcrp_cor_2023-12-01.xsd#jpcrp_cor_RegularEmployeesDifferencesInWagesBetweenMaleAndFemaleEmployeesMetricsOfConsolidatedSubsidiaries" xlink:label="RegularEmployeesDifferencesInWagesBetweenMaleAndFemaleEmployeesMetricsOfConsolidatedSubsidiaries"/>
    <link:presentationArc xlink:type="arc" xlink:arcrole="http://www.xbrl.org/2003/arcrole/parent-child" xlink:from="DifferencesInWagesBetweenMaleAndFemaleEmployeesMetricsOfConsolidatedSubsidiariesAbstract" xlink:to="RegularEmployeesDifferencesInWagesBetweenMaleAndFemaleEmployeesMetricsOfConsolidatedSubsidiaries" order="2.0"/>
    <link:loc xlink:type="locator" xlink:href="../jpcrp_cor_2023-12-01.xsd#jpcrp_cor_NonRegularEmployeesDifferencesInWagesBetweenMaleAndFemaleEmployeesMetricsOfConsolidatedSubsidiaries" xlink:label="NonRegularEmployeesDifferencesInWagesBetweenMaleAndFemaleEmployeesMetricsOfConsolidatedSubsidiaries"/>
    <link:presentationArc xlink:type="arc" xlink:arcrole="http://www.xbrl.org/2003/arcrole/parent-child" xlink:from="DifferencesInWagesBetweenMaleAndFemaleEmployeesMetricsOfConsolidatedSubsidiariesAbstract" xlink:to="NonRegularEmployeesDifferencesInWagesBetweenMaleAndFemaleEmployeesMetricsOfConsolidatedSubsidiaries" order="3.0"/>
  </link:presentationLink>
</link:linkbase>
