<?xml version="1.0" encoding="UTF-8"?>
<!--  (c) Financial Services Agency, The Japanese Government.
      All Rights Reserved.
      For intellectual property policy and authorized uses of EDINET Taxonomy,
      refer to “EDINET Taxonomy Legal Statement” at http://www.fsa.go.jp/search/EDINET_Taxonomy_Legal_Statement.html
-->
<link:linkbase xmlns:link="http://www.xbrl.org/2003/linkbase" xmlns:xsi="http://www.w3.org/2001/XMLSchema-instance" xmlns:xlink="http://www.w3.org/1999/xlink" xmlns:xbrli="http://www.xbrl.org/2003/instance">
  <link:roleRef roleURI="http://disclosure.edinet-fsa.go.jp/role/jpcrp/rol_std_OtherElementsForNotesBalanceSheet" xlink:type="simple" xlink:href="../jpcrp_rt_2023-12-01.xsd#rol_std_OtherElementsForNotesBalanceSheet"/>
  <link:presentationLink xlink:type="extended" xlink:role="http://disclosure.edinet-fsa.go.jp/role/jpcrp/rol_std_OtherElementsForNotesBalanceSheet">
    <link:loc xlink:type="locator" xlink:href="../jpcrp_cor_2023-12-01.xsd#jpcrp_cor_OtherElementsForNotesBalanceSheetAbstract" xlink:label="OtherElementsForNotesBalanceSheetAbstract"/>
    <link:loc xlink:type="locator" xlink:href="../jpcrp_cor_2023-12-01.xsd#jpcrp_cor_NotesRegardingLoanedWhichBorrowerHasRightToSellOrRepledgeTextBlock" xlink:label="NotesRegardingLoanedWhichBorrowerHasRightToSellOrRepledgeTextBlock"/>
    <link:presentationArc xlink:type="arc" xlink:arcrole="http://www.xbrl.org/2003/arcrole/parent-child" xlink:from="OtherElementsForNotesBalanceSheetAbstract" xlink:to="NotesRegardingLoanedWhichBorrowerHasRightToSellOrRepledgeTextBlock" order="1.0"/>
    <link:loc xlink:type="locator" xlink:href="../jpcrp_cor_2023-12-01.xsd#jpcrp_cor_NotesRegardingFinancialAssetsBorrowedWhichBorrowerHasRightToSellOrRepledgeTextBlock" xlink:label="NotesRegardingFinancialAssetsBorrowedWhichBorrowerHasRightToSellOrRepledgeTextBlock"/>
    <link:presentationArc xlink:type="arc" xlink:arcrole="http://www.xbrl.org/2003/arcrole/parent-child" xlink:from="OtherElementsForNotesBalanceSheetAbstract" xlink:to="NotesRegardingFinancialAssetsBorrowedWhichBorrowerHasRightToSellOrRepledgeTextBlock" order="2.0"/>
    <link:loc xlink:type="locator" xlink:href="../jpcrp_cor_2023-12-01.xsd#jpcrp_cor_NotesRegardingLoanedSecuritiesAndFinancialAssetsBorrowedWhichBorrowerHasRightToSellOrRepledgeTextBlock" xlink:label="NotesRegardingLoanedSecuritiesAndFinancialAssetsBorrowedWhichBorrowerHasRightToSellOrRepledgeTextBlock"/>
    <link:presentationArc xlink:type="arc" xlink:arcrole="http://www.xbrl.org/2003/arcrole/parent-child" xlink:from="OtherElementsForNotesBalanceSheetAbstract" xlink:to="NotesRegardingLoanedSecuritiesAndFinancialAssetsBorrowedWhichBorrowerHasRightToSellOrRepledgeTextBlock" order="3.0"/>
    <link:loc xlink:type="locator" xlink:href="../jpcrp_cor_2023-12-01.xsd#jpcrp_cor_NotesRegardingLoanParticipationsTextBlock" xlink:label="NotesRegardingLoanParticipationsTextBlock"/>
    <link:presentationArc xlink:type="arc" xlink:arcrole="http://www.xbrl.org/2003/arcrole/parent-child" xlink:from="OtherElementsForNotesBalanceSheetAbstract" xlink:to="NotesRegardingLoanParticipationsTextBlock" order="4.0"/>
    <link:loc xlink:type="locator" xlink:href="../jpcrp_cor_2023-12-01.xsd#jpcrp_cor_CreditorsNotesRegardingOverdraftContractsAndOrLoanCommitmentsTextBlock" xlink:label="CreditorsNotesRegardingOverdraftContractsAndOrLoanCommitmentsTextBlock"/>
    <link:presentationArc xlink:type="arc" xlink:arcrole="http://www.xbrl.org/2003/arcrole/parent-child" xlink:from="OtherElementsForNotesBalanceSheetAbstract" xlink:to="CreditorsNotesRegardingOverdraftContractsAndOrLoanCommitmentsTextBlock" order="5.0"/>
    <link:loc xlink:type="locator" xlink:href="../jpcrp_cor_2023-12-01.xsd#jpcrp_cor_DebtorsNotesRegardingOverdraftContractsAndOrLoanCommitmentsTextBlock" xlink:label="DebtorsNotesRegardingOverdraftContractsAndOrLoanCommitmentsTextBlock"/>
    <link:presentationArc xlink:type="arc" xlink:arcrole="http://www.xbrl.org/2003/arcrole/parent-child" xlink:from="OtherElementsForNotesBalanceSheetAbstract" xlink:to="DebtorsNotesRegardingOverdraftContractsAndOrLoanCommitmentsTextBlock" order="6.0"/>
    <link:loc xlink:type="locator" xlink:href="../jpcrp_cor_2023-12-01.xsd#jpcrp_cor_NotesRegardingTotalAmountsOfSharesOfAndOrLoansToAffiliatedEntitiesTextBlock" xlink:label="NotesRegardingTotalAmountsOfSharesOfAndOrLoansToAffiliatedEntitiesTextBlock"/>
    <link:presentationArc xlink:type="arc" xlink:arcrole="http://www.xbrl.org/2003/arcrole/parent-child" xlink:from="OtherElementsForNotesBalanceSheetAbstract" xlink:to="NotesRegardingTotalAmountsOfSharesOfAndOrLoansToAffiliatedEntitiesTextBlock" order="7.0"/>
    <link:loc xlink:type="locator" xlink:href="../jpcrp_cor_2023-12-01.xsd#jpcrp_cor_NotesRegardingTotalAmountsOfSharesOfAndOrLoansToUnconsolidatedSubsidiariesAndAssociatesTextBlock" xlink:label="NotesRegardingTotalAmountsOfSharesOfAndOrLoansToUnconsolidatedSubsidiariesAndAssociatesTextBlock"/>
    <link:presentationArc xlink:type="arc" xlink:arcrole="http://www.xbrl.org/2003/arcrole/parent-child" xlink:from="OtherElementsForNotesBalanceSheetAbstract" xlink:to="NotesRegardingTotalAmountsOfSharesOfAndOrLoansToUnconsolidatedSubsidiariesAndAssociatesTextBlock" order="8.0"/>
    <link:loc xlink:type="locator" xlink:href="../jpcrp_cor_2023-12-01.xsd#jpcrp_cor_NotesRegardingSubordinatedBorrowingsTextBlock" xlink:label="NotesRegardingSubordinatedBorrowingsTextBlock"/>
    <link:presentationArc xlink:type="arc" xlink:arcrole="http://www.xbrl.org/2003/arcrole/parent-child" xlink:from="OtherElementsForNotesBalanceSheetAbstract" xlink:to="NotesRegardingSubordinatedBorrowingsTextBlock" order="9.0"/>
    <link:loc xlink:type="locator" xlink:href="../jpcrp_cor_2023-12-01.xsd#jpcrp_cor_NotesRegardingSubordinatedBondsPayableTextBlock" xlink:label="NotesRegardingSubordinatedBondsPayableTextBlock"/>
    <link:presentationArc xlink:type="arc" xlink:arcrole="http://www.xbrl.org/2003/arcrole/parent-child" xlink:from="OtherElementsForNotesBalanceSheetAbstract" xlink:to="NotesRegardingSubordinatedBondsPayableTextBlock" order="10.0"/>
    <link:loc xlink:type="locator" xlink:href="../jpcrp_cor_2023-12-01.xsd#jpcrp_cor_NotesRegardingGuaranteeObligationForCorporateBondsIncludedInAssetsTextBlock" xlink:label="NotesRegardingGuaranteeObligationForCorporateBondsIncludedInAssetsTextBlock"/>
    <link:presentationArc xlink:type="arc" xlink:arcrole="http://www.xbrl.org/2003/arcrole/parent-child" xlink:from="OtherElementsForNotesBalanceSheetAbstract" xlink:to="NotesRegardingGuaranteeObligationForCorporateBondsIncludedInAssetsTextBlock" order="11.0"/>
    <link:loc xlink:type="locator" xlink:href="../jpcrp_cor_2023-12-01.xsd#jpcrp_cor_OtherElementsForNotesBalanceSheetOfBankAbstract" xlink:label="OtherElementsForNotesBalanceSheetOfBankAbstract"/>
    <link:presentationArc xlink:type="arc" xlink:arcrole="http://www.xbrl.org/2003/arcrole/parent-child" xlink:from="OtherElementsForNotesBalanceSheetAbstract" xlink:to="OtherElementsForNotesBalanceSheetOfBankAbstract" order="12.0"/>
    <link:loc xlink:type="locator" xlink:href="../jpcrp_cor_2023-12-01.xsd#jpcrp_cor_NotesRegardingLoansBasedOnBankingActAndActOnEmergencyMeasuresForRevitalizationOfFinancialFunctionsBNKTextBlock" xlink:label="NotesRegardingLoansBasedOnBankingActAndActOnEmergencyMeasuresForRevitalizationOfFinancialFunctionsBNKTextBlock"/>
    <link:presentationArc xlink:type="arc" xlink:arcrole="http://www.xbrl.org/2003/arcrole/parent-child" xlink:from="OtherElementsForNotesBalanceSheetOfBankAbstract" xlink:to="NotesRegardingLoansBasedOnBankingActAndActOnEmergencyMeasuresForRevitalizationOfFinancialFunctionsBNKTextBlock" order="1.0"/>
    <link:loc xlink:type="locator" xlink:href="../jpcrp_cor_2023-12-01.xsd#jpcrp_cor_NotesRegardingBillsDiscountedInBankingIndustryBNKTextBlock" xlink:label="NotesRegardingBillsDiscountedInBankingIndustryBNKTextBlock"/>
    <link:presentationArc xlink:type="arc" xlink:arcrole="http://www.xbrl.org/2003/arcrole/parent-child" xlink:from="OtherElementsForNotesBalanceSheetOfBankAbstract" xlink:to="NotesRegardingBillsDiscountedInBankingIndustryBNKTextBlock" order="2.0"/>
    <link:loc xlink:type="locator" xlink:href="../jpcrp_cor_2023-12-01.xsd#jpcrp_cor_OtherElementsForNotesBalanceSheetOfSecuritiesRelatedBusinessAbstract" xlink:label="OtherElementsForNotesBalanceSheetOfSecuritiesRelatedBusinessAbstract"/>
    <link:presentationArc xlink:type="arc" xlink:arcrole="http://www.xbrl.org/2003/arcrole/parent-child" xlink:from="OtherElementsForNotesBalanceSheetAbstract" xlink:to="OtherElementsForNotesBalanceSheetOfSecuritiesRelatedBusinessAbstract" order="13.0"/>
    <link:loc xlink:type="locator" xlink:href="../jpcrp_cor_2023-12-01.xsd#jpcrp_cor_NotesRegardingMarketValueOfSecuritiesPledgedToCounterpartiesSECTextBlock" xlink:label="NotesRegardingMarketValueOfSecuritiesPledgedToCounterpartiesSECTextBlock"/>
    <link:presentationArc xlink:type="arc" xlink:arcrole="http://www.xbrl.org/2003/arcrole/parent-child" xlink:from="OtherElementsForNotesBalanceSheetOfSecuritiesRelatedBusinessAbstract" xlink:to="NotesRegardingMarketValueOfSecuritiesPledgedToCounterpartiesSECTextBlock" order="1.0"/>
    <link:loc xlink:type="locator" xlink:href="../jpcrp_cor_2023-12-01.xsd#jpcrp_cor_NotesRegardingMarketValueOfSecuritiesReceivedAsCollateralFromCounterpartiesSECTextBlock" xlink:label="NotesRegardingMarketValueOfSecuritiesReceivedAsCollateralFromCounterpartiesSECTextBlock"/>
    <link:presentationArc xlink:type="arc" xlink:arcrole="http://www.xbrl.org/2003/arcrole/parent-child" xlink:from="OtherElementsForNotesBalanceSheetOfSecuritiesRelatedBusinessAbstract" xlink:to="NotesRegardingMarketValueOfSecuritiesReceivedAsCollateralFromCounterpartiesSECTextBlock" order="2.0"/>
    <link:loc xlink:type="locator" xlink:href="../jpcrp_cor_2023-12-01.xsd#jpcrp_cor_BreakdownOfTradingAccountSecuritiesEtcSECTextBlock" xlink:label="BreakdownOfTradingAccountSecuritiesEtcSECTextBlock"/>
    <link:presentationArc xlink:type="arc" xlink:arcrole="http://www.xbrl.org/2003/arcrole/parent-child" xlink:from="OtherElementsForNotesBalanceSheetOfSecuritiesRelatedBusinessAbstract" xlink:to="BreakdownOfTradingAccountSecuritiesEtcSECTextBlock" order="3.0"/>
    <link:loc xlink:type="locator" xlink:href="../jpcrp_cor_2023-12-01.xsd#jpcrp_cor_OtherElementsForNotesBalanceSheetOfInsuranceAbstract" xlink:label="OtherElementsForNotesBalanceSheetOfInsuranceAbstract"/>
    <link:presentationArc xlink:type="arc" xlink:arcrole="http://www.xbrl.org/2003/arcrole/parent-child" xlink:from="OtherElementsForNotesBalanceSheetAbstract" xlink:to="OtherElementsForNotesBalanceSheetOfInsuranceAbstract" order="14.0"/>
    <link:loc xlink:type="locator" xlink:href="../jpcrp_cor_2023-12-01.xsd#jpcrp_cor_NotesRegardingLoansBasedOnInsuranceBusinessActINSTextBlock" xlink:label="NotesRegardingLoansBasedOnInsuranceBusinessActINSTextBlock"/>
    <link:presentationArc xlink:type="arc" xlink:arcrole="http://www.xbrl.org/2003/arcrole/parent-child" xlink:from="OtherElementsForNotesBalanceSheetOfInsuranceAbstract" xlink:to="NotesRegardingLoansBasedOnInsuranceBusinessActINSTextBlock" order="1.0"/>
    <link:loc xlink:type="locator" xlink:href="../jpcrp_cor_2023-12-01.xsd#jpcrp_cor_NotesRegardingAssetsAndLiabilitiesIncludedInSpecificAccountsSpecifiedByArticle118OfInsuranceBusinessActINSTextBlock" xlink:label="NotesRegardingAssetsAndLiabilitiesIncludedInSpecificAccountsSpecifiedByArticle118OfInsuranceBusinessActINSTextBlock"/>
    <link:presentationArc xlink:type="arc" xlink:arcrole="http://www.xbrl.org/2003/arcrole/parent-child" xlink:from="OtherElementsForNotesBalanceSheetOfInsuranceAbstract" xlink:to="NotesRegardingAssetsAndLiabilitiesIncludedInSpecificAccountsSpecifiedByArticle118OfInsuranceBusinessActINSTextBlock" order="2.0"/>
    <link:loc xlink:type="locator" xlink:href="../jpcrp_cor_2023-12-01.xsd#jpcrp_cor_NotesRegardingDeferredAssetsIncludedInOtherAssetsSpecifiedByArticle113OfInsuranceBusinessActTextBlock" xlink:label="NotesRegardingDeferredAssetsIncludedInOtherAssetsSpecifiedByArticle113OfInsuranceBusinessActTextBlock"/>
    <link:presentationArc xlink:type="arc" xlink:arcrole="http://www.xbrl.org/2003/arcrole/parent-child" xlink:from="OtherElementsForNotesBalanceSheetOfInsuranceAbstract" xlink:to="NotesRegardingDeferredAssetsIncludedInOtherAssetsSpecifiedByArticle113OfInsuranceBusinessActTextBlock" order="3.0"/>
    <link:loc xlink:type="locator" xlink:href="../jpcrp_cor_2023-12-01.xsd#jpcrp_cor_NotesRegardingIncreaseAndDecreaseInReserveForPolicyholderDividendsAndPaymentsOfPolicyholderDividendsINSTextBlock" xlink:label="NotesRegardingIncreaseAndDecreaseInReserveForPolicyholderDividendsAndPaymentsOfPolicyholderDividendsINSTextBlock"/>
    <link:presentationArc xlink:type="arc" xlink:arcrole="http://www.xbrl.org/2003/arcrole/parent-child" xlink:from="OtherElementsForNotesBalanceSheetOfInsuranceAbstract" xlink:to="NotesRegardingIncreaseAndDecreaseInReserveForPolicyholderDividendsAndPaymentsOfPolicyholderDividendsINSTextBlock" order="4.0"/>
    <link:loc xlink:type="locator" xlink:href="../jpcrp_cor_2023-12-01.xsd#jpcrp_cor_NotesRegardingSurplusFromOrganizationChangeSpecifiedByArticle91OfInsuranceBusinessActINSTextBlock" xlink:label="NotesRegardingSurplusFromOrganizationChangeSpecifiedByArticle91OfInsuranceBusinessActINSTextBlock"/>
    <link:presentationArc xlink:type="arc" xlink:arcrole="http://www.xbrl.org/2003/arcrole/parent-child" xlink:from="OtherElementsForNotesBalanceSheetOfInsuranceAbstract" xlink:to="NotesRegardingSurplusFromOrganizationChangeSpecifiedByArticle91OfInsuranceBusinessActINSTextBlock" order="5.0"/>
    <link:loc xlink:type="locator" xlink:href="../jpcrp_cor_2023-12-01.xsd#jpcrp_cor_NotesRegardingReservesForOutstandingClaimsReinsuredINSTextBlock" xlink:label="NotesRegardingReservesForOutstandingClaimsReinsuredINSTextBlock"/>
    <link:presentationArc xlink:type="arc" xlink:arcrole="http://www.xbrl.org/2003/arcrole/parent-child" xlink:from="OtherElementsForNotesBalanceSheetOfInsuranceAbstract" xlink:to="NotesRegardingReservesForOutstandingClaimsReinsuredINSTextBlock" order="6.0"/>
    <link:loc xlink:type="locator" xlink:href="../jpcrp_cor_2023-12-01.xsd#jpcrp_cor_NotesRegardingPolicyReservesReinsuredINSTextBlock" xlink:label="NotesRegardingPolicyReservesReinsuredINSTextBlock"/>
    <link:presentationArc xlink:type="arc" xlink:arcrole="http://www.xbrl.org/2003/arcrole/parent-child" xlink:from="OtherElementsForNotesBalanceSheetOfInsuranceAbstract" xlink:to="NotesRegardingPolicyReservesReinsuredINSTextBlock" order="7.0"/>
    <link:loc xlink:type="locator" xlink:href="../jpcrp_cor_2023-12-01.xsd#jpcrp_cor_NotesRegardingObligationsToLifeInsurancePolicyholdersProtectionCorporationOfJapanINSTextBlock" xlink:label="NotesRegardingObligationsToLifeInsurancePolicyholdersProtectionCorporationOfJapanINSTextBlock"/>
    <link:presentationArc xlink:type="arc" xlink:arcrole="http://www.xbrl.org/2003/arcrole/parent-child" xlink:from="OtherElementsForNotesBalanceSheetOfInsuranceAbstract" xlink:to="NotesRegardingObligationsToLifeInsurancePolicyholdersProtectionCorporationOfJapanINSTextBlock" order="8.0"/>
    <link:loc xlink:type="locator" xlink:href="../jpcrp_cor_2023-12-01.xsd#jpcrp_cor_BreakdownOfOutstandingClaimsINSTextBlock" xlink:label="BreakdownOfOutstandingClaimsINSTextBlock"/>
    <link:presentationArc xlink:type="arc" xlink:arcrole="http://www.xbrl.org/2003/arcrole/parent-child" xlink:from="OtherElementsForNotesBalanceSheetOfInsuranceAbstract" xlink:to="BreakdownOfOutstandingClaimsINSTextBlock" order="9.0"/>
    <link:loc xlink:type="locator" xlink:href="../jpcrp_cor_2023-12-01.xsd#jpcrp_cor_BreakdownOfPolicyReserveINSTextBlock" xlink:label="BreakdownOfPolicyReserveINSTextBlock"/>
    <link:presentationArc xlink:type="arc" xlink:arcrole="http://www.xbrl.org/2003/arcrole/parent-child" xlink:from="OtherElementsForNotesBalanceSheetOfInsuranceAbstract" xlink:to="BreakdownOfPolicyReserveINSTextBlock" order="10.0"/>
    <link:loc xlink:type="locator" xlink:href="../jpcrp_cor_2023-12-01.xsd#jpcrp_cor_OtherElementsForNotesBalanceSheetOfSpecificFinanceAbstract" xlink:label="OtherElementsForNotesBalanceSheetOfSpecificFinanceAbstract"/>
    <link:presentationArc xlink:type="arc" xlink:arcrole="http://www.xbrl.org/2003/arcrole/parent-child" xlink:from="OtherElementsForNotesBalanceSheetAbstract" xlink:to="OtherElementsForNotesBalanceSheetOfSpecificFinanceAbstract" order="15.0"/>
    <link:loc xlink:type="locator" xlink:href="../jpcrp_cor_2023-12-01.xsd#jpcrp_cor_NotesRegardingBadLoansSPFTextBlock" xlink:label="NotesRegardingBadLoansSPFTextBlock"/>
    <link:presentationArc xlink:type="arc" xlink:arcrole="http://www.xbrl.org/2003/arcrole/parent-child" xlink:from="OtherElementsForNotesBalanceSheetOfSpecificFinanceAbstract" xlink:to="NotesRegardingBadLoansSPFTextBlock" order="1.0"/>
    <link:loc xlink:type="locator" xlink:href="../jpcrp_cor_2023-12-01.xsd#jpcrp_cor_OtherElementsForNotesBalanceSheetOfCommodityFutureTradingAbstract" xlink:label="OtherElementsForNotesBalanceSheetOfCommodityFutureTradingAbstract"/>
    <link:presentationArc xlink:type="arc" xlink:arcrole="http://www.xbrl.org/2003/arcrole/parent-child" xlink:from="OtherElementsForNotesBalanceSheetAbstract" xlink:to="OtherElementsForNotesBalanceSheetOfCommodityFutureTradingAbstract" order="16.0"/>
    <link:loc xlink:type="locator" xlink:href="../jpcrp_cor_2023-12-01.xsd#jpcrp_cor_ExplanationOfFuturesTransactionMarginCustomerCMDTextBlock" xlink:label="ExplanationOfFuturesTransactionMarginCustomerCMDTextBlock"/>
    <link:presentationArc xlink:type="arc" xlink:arcrole="http://www.xbrl.org/2003/arcrole/parent-child" xlink:from="OtherElementsForNotesBalanceSheetOfCommodityFutureTradingAbstract" xlink:to="ExplanationOfFuturesTransactionMarginCustomerCMDTextBlock" order="1.0"/>
  </link:presentationLink>
</link:linkbase>
