<?xml version="1.0" encoding="UTF-8"?>
<!--  (c) Financial Services Agency, The Japanese Government.
      All Rights Reserved.
      For intellectual property policy and authorized uses of EDINET Taxonomy,
      refer to “EDINET Taxonomy Legal Statement” at http://www.fsa.go.jp/search/EDINET_Taxonomy_Legal_Statement.html
-->
<link:linkbase xmlns:link="http://www.xbrl.org/2003/linkbase" xmlns:xsi="http://www.w3.org/2001/XMLSchema-instance" xmlns:xlink="http://www.w3.org/1999/xlink" xmlns:xbrli="http://www.xbrl.org/2003/instance">
  <link:labelLink xlink:type="extended" xlink:role="http://www.xbrl.org/2003/role/link">
    <link:loc xlink:type="locator" xlink:href="../jpcrp-sbr_cor_2013-08-31.xsd#jpcrp-sbr_cor_CabinetOfficeOrdinanceOnDisclosureOfCorporateInformationEtcFormNo17ShareBuybackReportHeading" xlink:label="CabinetOfficeOrdinanceOnDisclosureOfCorporateInformationEtcFormNo17ShareBuybackReportHeading"/>
    <link:label xlink:type="resource" xlink:label="label_CabinetOfficeOrdinanceOnDisclosureOfCorporateInformationEtcFormNo17ShareBuybackReportHeading" xlink:role="http://www.xbrl.org/2003/role/label" xml:lang="ja" id="label_CabinetOfficeOrdinanceOnDisclosureOfCorporateInformationEtcFormNo17ShareBuybackReportHeading">開示府令 第十七号様式 自己株券買付状況報告書</link:label>
    <link:labelArc xlink:type="arc" xlink:arcrole="http://www.xbrl.org/2003/arcrole/concept-label" xlink:from="CabinetOfficeOrdinanceOnDisclosureOfCorporateInformationEtcFormNo17ShareBuybackReportHeading" xlink:to="label_CabinetOfficeOrdinanceOnDisclosureOfCorporateInformationEtcFormNo17ShareBuybackReportHeading"/>
    <link:label xlink:type="resource" xlink:label="label_CabinetOfficeOrdinanceOnDisclosureOfCorporateInformationEtcFormNo17ShareBuybackReportHeading_2" xlink:role="http://www.xbrl.org/2003/role/verboseLabel" xml:lang="ja" id="label_CabinetOfficeOrdinanceOnDisclosureOfCorporateInformationEtcFormNo17ShareBuybackReportHeading_2">企業内容等の開示に関する内閣府令 第十七号様式 自己株券買付状況報告書 [目次項目]</link:label>
    <link:labelArc xlink:type="arc" xlink:arcrole="http://www.xbrl.org/2003/arcrole/concept-label" xlink:from="CabinetOfficeOrdinanceOnDisclosureOfCorporateInformationEtcFormNo17ShareBuybackReportHeading" xlink:to="label_CabinetOfficeOrdinanceOnDisclosureOfCorporateInformationEtcFormNo17ShareBuybackReportHeading_2"/>
    <link:loc xlink:type="locator" xlink:href="../jpcrp-sbr_cor_2013-08-31.xsd#jpcrp-sbr_cor_CoverPageHeading" xlink:label="CoverPageHeading"/>
    <link:label xlink:type="resource" xlink:label="label_CoverPageHeading" xlink:role="http://www.xbrl.org/2003/role/label" xml:lang="ja" id="label_CoverPageHeading">表紙</link:label>
    <link:labelArc xlink:type="arc" xlink:arcrole="http://www.xbrl.org/2003/arcrole/concept-label" xlink:from="CoverPageHeading" xlink:to="label_CoverPageHeading"/>
    <link:label xlink:type="resource" xlink:label="label_CoverPageHeading_2" xlink:role="http://www.xbrl.org/2003/role/verboseLabel" xml:lang="ja" id="label_CoverPageHeading_2">表紙 [目次項目]</link:label>
    <link:labelArc xlink:type="arc" xlink:arcrole="http://www.xbrl.org/2003/arcrole/concept-label" xlink:from="CoverPageHeading" xlink:to="label_CoverPageHeading_2"/>
    <link:loc xlink:type="locator" xlink:href="../jpcrp-sbr_cor_2013-08-31.xsd#jpcrp-sbr_cor_ClassesOfSharesHeading" xlink:label="ClassesOfSharesHeading"/>
    <link:label xlink:type="resource" xlink:label="label_ClassesOfSharesHeading" xlink:role="http://www.xbrl.org/2003/role/label" xml:lang="ja" id="label_ClassesOfSharesHeading">株式の種類</link:label>
    <link:labelArc xlink:type="arc" xlink:arcrole="http://www.xbrl.org/2003/arcrole/concept-label" xlink:from="ClassesOfSharesHeading" xlink:to="label_ClassesOfSharesHeading"/>
    <link:label xlink:type="resource" xlink:label="label_ClassesOfSharesHeading_2" xlink:role="http://www.xbrl.org/2003/role/verboseLabel" xml:lang="ja" id="label_ClassesOfSharesHeading_2">株式の種類 [目次項目]</link:label>
    <link:labelArc xlink:type="arc" xlink:arcrole="http://www.xbrl.org/2003/arcrole/concept-label" xlink:from="ClassesOfSharesHeading" xlink:to="label_ClassesOfSharesHeading_2"/>
    <link:loc xlink:type="locator" xlink:href="../jpcrp-sbr_cor_2013-08-31.xsd#jpcrp-sbr_cor_ClassesOfSharesTextBlock" xlink:label="ClassesOfSharesTextBlock"/>
    <link:label xlink:type="resource" xlink:label="label_ClassesOfSharesTextBlock" xlink:role="http://www.xbrl.org/2003/role/label" xml:lang="ja" id="label_ClassesOfSharesTextBlock">株式の種類</link:label>
    <link:labelArc xlink:type="arc" xlink:arcrole="http://www.xbrl.org/2003/arcrole/concept-label" xlink:from="ClassesOfSharesTextBlock" xlink:to="label_ClassesOfSharesTextBlock"/>
    <link:label xlink:type="resource" xlink:label="label_ClassesOfSharesTextBlock_2" xlink:role="http://www.xbrl.org/2003/role/verboseLabel" xml:lang="ja" id="label_ClassesOfSharesTextBlock_2">株式の種類 [テキストブロック]</link:label>
    <link:labelArc xlink:type="arc" xlink:arcrole="http://www.xbrl.org/2003/arcrole/concept-label" xlink:from="ClassesOfSharesTextBlock" xlink:to="label_ClassesOfSharesTextBlock_2"/>
    <link:loc xlink:type="locator" xlink:href="../jpcrp-sbr_cor_2013-08-31.xsd#jpcrp-sbr_cor_AcquisitionsOfTreasurySharesHeading" xlink:label="AcquisitionsOfTreasurySharesHeading"/>
    <link:label xlink:type="resource" xlink:label="label_AcquisitionsOfTreasurySharesHeading" xlink:role="http://www.xbrl.org/2003/role/label" xml:lang="ja" id="label_AcquisitionsOfTreasurySharesHeading">取得状況</link:label>
    <link:labelArc xlink:type="arc" xlink:arcrole="http://www.xbrl.org/2003/arcrole/concept-label" xlink:from="AcquisitionsOfTreasurySharesHeading" xlink:to="label_AcquisitionsOfTreasurySharesHeading"/>
    <link:label xlink:type="resource" xlink:label="label_AcquisitionsOfTreasurySharesHeading_2" xlink:role="http://www.xbrl.org/2003/role/verboseLabel" xml:lang="ja" id="label_AcquisitionsOfTreasurySharesHeading_2">取得状況 [目次項目]</link:label>
    <link:labelArc xlink:type="arc" xlink:arcrole="http://www.xbrl.org/2003/arcrole/concept-label" xlink:from="AcquisitionsOfTreasurySharesHeading" xlink:to="label_AcquisitionsOfTreasurySharesHeading_2"/>
    <link:loc xlink:type="locator" xlink:href="../jpcrp-sbr_cor_2013-08-31.xsd#jpcrp-sbr_cor_AcquisitionsByResolutionOfShareholdersMeetingHeading" xlink:label="AcquisitionsByResolutionOfShareholdersMeetingHeading"/>
    <link:label xlink:type="resource" xlink:label="label_AcquisitionsByResolutionOfShareholdersMeetingHeading" xlink:role="http://www.xbrl.org/2003/role/label" xml:lang="ja" id="label_AcquisitionsByResolutionOfShareholdersMeetingHeading">株主総会決議による取得の状況</link:label>
    <link:labelArc xlink:type="arc" xlink:arcrole="http://www.xbrl.org/2003/arcrole/concept-label" xlink:from="AcquisitionsByResolutionOfShareholdersMeetingHeading" xlink:to="label_AcquisitionsByResolutionOfShareholdersMeetingHeading"/>
    <link:label xlink:type="resource" xlink:label="label_AcquisitionsByResolutionOfShareholdersMeetingHeading_2" xlink:role="http://www.xbrl.org/2003/role/verboseLabel" xml:lang="ja" id="label_AcquisitionsByResolutionOfShareholdersMeetingHeading_2">株主総会決議による取得の状況 [目次項目]</link:label>
    <link:labelArc xlink:type="arc" xlink:arcrole="http://www.xbrl.org/2003/arcrole/concept-label" xlink:from="AcquisitionsByResolutionOfShareholdersMeetingHeading" xlink:to="label_AcquisitionsByResolutionOfShareholdersMeetingHeading_2"/>
    <link:loc xlink:type="locator" xlink:href="../jpcrp-sbr_cor_2013-08-31.xsd#jpcrp-sbr_cor_AcquisitionsByResolutionOfShareholdersMeetingTextBlock" xlink:label="AcquisitionsByResolutionOfShareholdersMeetingTextBlock"/>
    <link:label xlink:type="resource" xlink:label="label_AcquisitionsByResolutionOfShareholdersMeetingTextBlock" xlink:role="http://www.xbrl.org/2003/role/label" xml:lang="ja" id="label_AcquisitionsByResolutionOfShareholdersMeetingTextBlock">株主総会決議による取得の状況</link:label>
    <link:labelArc xlink:type="arc" xlink:arcrole="http://www.xbrl.org/2003/arcrole/concept-label" xlink:from="AcquisitionsByResolutionOfShareholdersMeetingTextBlock" xlink:to="label_AcquisitionsByResolutionOfShareholdersMeetingTextBlock"/>
    <link:label xlink:type="resource" xlink:label="label_AcquisitionsByResolutionOfShareholdersMeetingTextBlock_2" xlink:role="http://www.xbrl.org/2003/role/verboseLabel" xml:lang="ja" id="label_AcquisitionsByResolutionOfShareholdersMeetingTextBlock_2">株主総会決議による取得の状況 [テキストブロック]</link:label>
    <link:labelArc xlink:type="arc" xlink:arcrole="http://www.xbrl.org/2003/arcrole/concept-label" xlink:from="AcquisitionsByResolutionOfShareholdersMeetingTextBlock" xlink:to="label_AcquisitionsByResolutionOfShareholdersMeetingTextBlock_2"/>
    <link:loc xlink:type="locator" xlink:href="../jpcrp-sbr_cor_2013-08-31.xsd#jpcrp-sbr_cor_AcquisitionsByResolutionOfShareholdersMeetingNA" xlink:label="AcquisitionsByResolutionOfShareholdersMeetingNA"/>
    <link:label xlink:type="resource" xlink:label="label_AcquisitionsByResolutionOfShareholdersMeetingNA" xlink:role="http://www.xbrl.org/2003/role/label" xml:lang="ja" id="label_AcquisitionsByResolutionOfShareholdersMeetingNA">株主総会決議による取得の状況（該当なし）</link:label>
    <link:labelArc xlink:type="arc" xlink:arcrole="http://www.xbrl.org/2003/arcrole/concept-label" xlink:from="AcquisitionsByResolutionOfShareholdersMeetingNA" xlink:to="label_AcquisitionsByResolutionOfShareholdersMeetingNA"/>
    <link:label xlink:type="resource" xlink:label="label_AcquisitionsByResolutionOfShareholdersMeetingNA_2" xlink:role="http://www.xbrl.org/2003/role/verboseLabel" xml:lang="ja" id="label_AcquisitionsByResolutionOfShareholdersMeetingNA_2">株主総会決議による取得の状況（該当なし）</link:label>
    <link:labelArc xlink:type="arc" xlink:arcrole="http://www.xbrl.org/2003/arcrole/concept-label" xlink:from="AcquisitionsByResolutionOfShareholdersMeetingNA" xlink:to="label_AcquisitionsByResolutionOfShareholdersMeetingNA_2"/>
    <link:loc xlink:type="locator" xlink:href="../jpcrp-sbr_cor_2013-08-31.xsd#jpcrp-sbr_cor_AcquisitionsByResolutionOfBoardOfDirectorsMeetingHeading" xlink:label="AcquisitionsByResolutionOfBoardOfDirectorsMeetingHeading"/>
    <link:label xlink:type="resource" xlink:label="label_AcquisitionsByResolutionOfBoardOfDirectorsMeetingHeading" xlink:role="http://www.xbrl.org/2003/role/label" xml:lang="ja" id="label_AcquisitionsByResolutionOfBoardOfDirectorsMeetingHeading">取締役会決議による取得の状況</link:label>
    <link:labelArc xlink:type="arc" xlink:arcrole="http://www.xbrl.org/2003/arcrole/concept-label" xlink:from="AcquisitionsByResolutionOfBoardOfDirectorsMeetingHeading" xlink:to="label_AcquisitionsByResolutionOfBoardOfDirectorsMeetingHeading"/>
    <link:label xlink:type="resource" xlink:label="label_AcquisitionsByResolutionOfBoardOfDirectorsMeetingHeading_2" xlink:role="http://www.xbrl.org/2003/role/verboseLabel" xml:lang="ja" id="label_AcquisitionsByResolutionOfBoardOfDirectorsMeetingHeading_2">取締役会決議による取得の状況 [目次項目]</link:label>
    <link:labelArc xlink:type="arc" xlink:arcrole="http://www.xbrl.org/2003/arcrole/concept-label" xlink:from="AcquisitionsByResolutionOfBoardOfDirectorsMeetingHeading" xlink:to="label_AcquisitionsByResolutionOfBoardOfDirectorsMeetingHeading_2"/>
    <link:loc xlink:type="locator" xlink:href="../jpcrp-sbr_cor_2013-08-31.xsd#jpcrp-sbr_cor_AcquisitionsByResolutionOfBoardOfDirectorsMeetingTextBlock" xlink:label="AcquisitionsByResolutionOfBoardOfDirectorsMeetingTextBlock"/>
    <link:label xlink:type="resource" xlink:label="label_AcquisitionsByResolutionOfBoardOfDirectorsMeetingTextBlock" xlink:role="http://www.xbrl.org/2003/role/label" xml:lang="ja" id="label_AcquisitionsByResolutionOfBoardOfDirectorsMeetingTextBlock">取締役会決議による取得の状況</link:label>
    <link:labelArc xlink:type="arc" xlink:arcrole="http://www.xbrl.org/2003/arcrole/concept-label" xlink:from="AcquisitionsByResolutionOfBoardOfDirectorsMeetingTextBlock" xlink:to="label_AcquisitionsByResolutionOfBoardOfDirectorsMeetingTextBlock"/>
    <link:label xlink:type="resource" xlink:label="label_AcquisitionsByResolutionOfBoardOfDirectorsMeetingTextBlock_2" xlink:role="http://www.xbrl.org/2003/role/verboseLabel" xml:lang="ja" id="label_AcquisitionsByResolutionOfBoardOfDirectorsMeetingTextBlock_2">取締役会決議による取得の状況 [テキストブロック]</link:label>
    <link:labelArc xlink:type="arc" xlink:arcrole="http://www.xbrl.org/2003/arcrole/concept-label" xlink:from="AcquisitionsByResolutionOfBoardOfDirectorsMeetingTextBlock" xlink:to="label_AcquisitionsByResolutionOfBoardOfDirectorsMeetingTextBlock_2"/>
    <link:loc xlink:type="locator" xlink:href="../jpcrp-sbr_cor_2013-08-31.xsd#jpcrp-sbr_cor_AcquisitionsByResolutionOfBoardOfDirectorsMeetingNA" xlink:label="AcquisitionsByResolutionOfBoardOfDirectorsMeetingNA"/>
    <link:label xlink:type="resource" xlink:label="label_AcquisitionsByResolutionOfBoardOfDirectorsMeetingNA" xlink:role="http://www.xbrl.org/2003/role/label" xml:lang="ja" id="label_AcquisitionsByResolutionOfBoardOfDirectorsMeetingNA">取締役会決議による取得の状況（該当なし）</link:label>
    <link:labelArc xlink:type="arc" xlink:arcrole="http://www.xbrl.org/2003/arcrole/concept-label" xlink:from="AcquisitionsByResolutionOfBoardOfDirectorsMeetingNA" xlink:to="label_AcquisitionsByResolutionOfBoardOfDirectorsMeetingNA"/>
    <link:label xlink:type="resource" xlink:label="label_AcquisitionsByResolutionOfBoardOfDirectorsMeetingNA_2" xlink:role="http://www.xbrl.org/2003/role/verboseLabel" xml:lang="ja" id="label_AcquisitionsByResolutionOfBoardOfDirectorsMeetingNA_2">取締役会決議による取得の状況（該当なし）</link:label>
    <link:labelArc xlink:type="arc" xlink:arcrole="http://www.xbrl.org/2003/arcrole/concept-label" xlink:from="AcquisitionsByResolutionOfBoardOfDirectorsMeetingNA" xlink:to="label_AcquisitionsByResolutionOfBoardOfDirectorsMeetingNA_2"/>
    <link:loc xlink:type="locator" xlink:href="../jpcrp-sbr_cor_2013-08-31.xsd#jpcrp-sbr_cor_DisposalsOfTreasurySharesHeading" xlink:label="DisposalsOfTreasurySharesHeading"/>
    <link:label xlink:type="resource" xlink:label="label_DisposalsOfTreasurySharesHeading" xlink:role="http://www.xbrl.org/2003/role/label" xml:lang="ja" id="label_DisposalsOfTreasurySharesHeading">処理状況</link:label>
    <link:labelArc xlink:type="arc" xlink:arcrole="http://www.xbrl.org/2003/arcrole/concept-label" xlink:from="DisposalsOfTreasurySharesHeading" xlink:to="label_DisposalsOfTreasurySharesHeading"/>
    <link:label xlink:type="resource" xlink:label="label_DisposalsOfTreasurySharesHeading_2" xlink:role="http://www.xbrl.org/2003/role/verboseLabel" xml:lang="ja" id="label_DisposalsOfTreasurySharesHeading_2">処理状況 [目次項目]</link:label>
    <link:labelArc xlink:type="arc" xlink:arcrole="http://www.xbrl.org/2003/arcrole/concept-label" xlink:from="DisposalsOfTreasurySharesHeading" xlink:to="label_DisposalsOfTreasurySharesHeading_2"/>
    <link:loc xlink:type="locator" xlink:href="../jpcrp-sbr_cor_2013-08-31.xsd#jpcrp-sbr_cor_DisposalsOfTreasurySharesTextBlock" xlink:label="DisposalsOfTreasurySharesTextBlock"/>
    <link:label xlink:type="resource" xlink:label="label_DisposalsOfTreasurySharesTextBlock" xlink:role="http://www.xbrl.org/2003/role/label" xml:lang="ja" id="label_DisposalsOfTreasurySharesTextBlock">処理状況</link:label>
    <link:labelArc xlink:type="arc" xlink:arcrole="http://www.xbrl.org/2003/arcrole/concept-label" xlink:from="DisposalsOfTreasurySharesTextBlock" xlink:to="label_DisposalsOfTreasurySharesTextBlock"/>
    <link:label xlink:type="resource" xlink:label="label_DisposalsOfTreasurySharesTextBlock_2" xlink:role="http://www.xbrl.org/2003/role/verboseLabel" xml:lang="ja" id="label_DisposalsOfTreasurySharesTextBlock_2">処理状況 [テキストブロック]</link:label>
    <link:labelArc xlink:type="arc" xlink:arcrole="http://www.xbrl.org/2003/arcrole/concept-label" xlink:from="DisposalsOfTreasurySharesTextBlock" xlink:to="label_DisposalsOfTreasurySharesTextBlock_2"/>
    <link:loc xlink:type="locator" xlink:href="../jpcrp-sbr_cor_2013-08-31.xsd#jpcrp-sbr_cor_DisposalsOfTreasurySharesNA" xlink:label="DisposalsOfTreasurySharesNA"/>
    <link:label xlink:type="resource" xlink:label="label_DisposalsOfTreasurySharesNA" xlink:role="http://www.xbrl.org/2003/role/label" xml:lang="ja" id="label_DisposalsOfTreasurySharesNA">処理状況（該当なし）</link:label>
    <link:labelArc xlink:type="arc" xlink:arcrole="http://www.xbrl.org/2003/arcrole/concept-label" xlink:from="DisposalsOfTreasurySharesNA" xlink:to="label_DisposalsOfTreasurySharesNA"/>
    <link:label xlink:type="resource" xlink:label="label_DisposalsOfTreasurySharesNA_2" xlink:role="http://www.xbrl.org/2003/role/verboseLabel" xml:lang="ja" id="label_DisposalsOfTreasurySharesNA_2">処理状況（該当なし）</link:label>
    <link:labelArc xlink:type="arc" xlink:arcrole="http://www.xbrl.org/2003/arcrole/concept-label" xlink:from="DisposalsOfTreasurySharesNA" xlink:to="label_DisposalsOfTreasurySharesNA_2"/>
    <link:loc xlink:type="locator" xlink:href="../jpcrp-sbr_cor_2013-08-31.xsd#jpcrp-sbr_cor_HoldingOfTreasurySharesHeading" xlink:label="HoldingOfTreasurySharesHeading"/>
    <link:label xlink:type="resource" xlink:label="label_HoldingOfTreasurySharesHeading" xlink:role="http://www.xbrl.org/2003/role/label" xml:lang="ja" id="label_HoldingOfTreasurySharesHeading">保有状況</link:label>
    <link:labelArc xlink:type="arc" xlink:arcrole="http://www.xbrl.org/2003/arcrole/concept-label" xlink:from="HoldingOfTreasurySharesHeading" xlink:to="label_HoldingOfTreasurySharesHeading"/>
    <link:label xlink:type="resource" xlink:label="label_HoldingOfTreasurySharesHeading_2" xlink:role="http://www.xbrl.org/2003/role/verboseLabel" xml:lang="ja" id="label_HoldingOfTreasurySharesHeading_2">保有状況 [目次項目]</link:label>
    <link:labelArc xlink:type="arc" xlink:arcrole="http://www.xbrl.org/2003/arcrole/concept-label" xlink:from="HoldingOfTreasurySharesHeading" xlink:to="label_HoldingOfTreasurySharesHeading_2"/>
    <link:loc xlink:type="locator" xlink:href="../jpcrp-sbr_cor_2013-08-31.xsd#jpcrp-sbr_cor_HoldingOfTreasurySharesTextBlock" xlink:label="HoldingOfTreasurySharesTextBlock"/>
    <link:label xlink:type="resource" xlink:label="label_HoldingOfTreasurySharesTextBlock" xlink:role="http://www.xbrl.org/2003/role/label" xml:lang="ja" id="label_HoldingOfTreasurySharesTextBlock">保有状況</link:label>
    <link:labelArc xlink:type="arc" xlink:arcrole="http://www.xbrl.org/2003/arcrole/concept-label" xlink:from="HoldingOfTreasurySharesTextBlock" xlink:to="label_HoldingOfTreasurySharesTextBlock"/>
    <link:label xlink:type="resource" xlink:label="label_HoldingOfTreasurySharesTextBlock_2" xlink:role="http://www.xbrl.org/2003/role/verboseLabel" xml:lang="ja" id="label_HoldingOfTreasurySharesTextBlock_2">保有状況 [テキストブロック]</link:label>
    <link:labelArc xlink:type="arc" xlink:arcrole="http://www.xbrl.org/2003/arcrole/concept-label" xlink:from="HoldingOfTreasurySharesTextBlock" xlink:to="label_HoldingOfTreasurySharesTextBlock_2"/>
    <link:loc xlink:type="locator" xlink:href="../jpcrp-sbr_cor_2013-08-31.xsd#jpcrp-sbr_cor_DocumentTitleCoverPage" xlink:label="DocumentTitleCoverPage"/>
    <link:label xlink:type="resource" xlink:label="label_DocumentTitleCoverPage" xlink:role="http://www.xbrl.org/2003/role/label" xml:lang="ja" id="label_DocumentTitleCoverPage">提出書類</link:label>
    <link:labelArc xlink:type="arc" xlink:arcrole="http://www.xbrl.org/2003/arcrole/concept-label" xlink:from="DocumentTitleCoverPage" xlink:to="label_DocumentTitleCoverPage"/>
    <link:label xlink:type="resource" xlink:label="label_DocumentTitleCoverPage_2" xlink:role="http://www.xbrl.org/2003/role/verboseLabel" xml:lang="ja" id="label_DocumentTitleCoverPage_2">提出書類、表紙</link:label>
    <link:labelArc xlink:type="arc" xlink:arcrole="http://www.xbrl.org/2003/arcrole/concept-label" xlink:from="DocumentTitleCoverPage" xlink:to="label_DocumentTitleCoverPage_2"/>
    <link:loc xlink:type="locator" xlink:href="../jpcrp-sbr_cor_2013-08-31.xsd#jpcrp-sbr_cor_ClauseOfStipulationCoverPage" xlink:label="ClauseOfStipulationCoverPage"/>
    <link:label xlink:type="resource" xlink:label="label_ClauseOfStipulationCoverPage" xlink:role="http://www.xbrl.org/2003/role/label" xml:lang="ja" id="label_ClauseOfStipulationCoverPage">根拠条文</link:label>
    <link:labelArc xlink:type="arc" xlink:arcrole="http://www.xbrl.org/2003/arcrole/concept-label" xlink:from="ClauseOfStipulationCoverPage" xlink:to="label_ClauseOfStipulationCoverPage"/>
    <link:label xlink:type="resource" xlink:label="label_ClauseOfStipulationCoverPage_2" xlink:role="http://www.xbrl.org/2003/role/verboseLabel" xml:lang="ja" id="label_ClauseOfStipulationCoverPage_2">根拠条文、表紙</link:label>
    <link:labelArc xlink:type="arc" xlink:arcrole="http://www.xbrl.org/2003/arcrole/concept-label" xlink:from="ClauseOfStipulationCoverPage" xlink:to="label_ClauseOfStipulationCoverPage_2"/>
    <link:loc xlink:type="locator" xlink:href="../jpcrp-sbr_cor_2013-08-31.xsd#jpcrp-sbr_cor_PlaceOfFilingCoverPage" xlink:label="PlaceOfFilingCoverPage"/>
    <link:label xlink:type="resource" xlink:label="label_PlaceOfFilingCoverPage" xlink:role="http://www.xbrl.org/2003/role/label" xml:lang="ja" id="label_PlaceOfFilingCoverPage">提出先</link:label>
    <link:labelArc xlink:type="arc" xlink:arcrole="http://www.xbrl.org/2003/arcrole/concept-label" xlink:from="PlaceOfFilingCoverPage" xlink:to="label_PlaceOfFilingCoverPage"/>
    <link:label xlink:type="resource" xlink:label="label_PlaceOfFilingCoverPage_2" xlink:role="http://www.xbrl.org/2003/role/verboseLabel" xml:lang="ja" id="label_PlaceOfFilingCoverPage_2">提出先、表紙</link:label>
    <link:labelArc xlink:type="arc" xlink:arcrole="http://www.xbrl.org/2003/arcrole/concept-label" xlink:from="PlaceOfFilingCoverPage" xlink:to="label_PlaceOfFilingCoverPage_2"/>
    <link:loc xlink:type="locator" xlink:href="../jpcrp-sbr_cor_2013-08-31.xsd#jpcrp-sbr_cor_FilingDateCoverPage" xlink:label="FilingDateCoverPage"/>
    <link:label xlink:type="resource" xlink:label="label_FilingDateCoverPage" xlink:role="http://www.xbrl.org/2003/role/label" xml:lang="ja" id="label_FilingDateCoverPage">提出日</link:label>
    <link:labelArc xlink:type="arc" xlink:arcrole="http://www.xbrl.org/2003/arcrole/concept-label" xlink:from="FilingDateCoverPage" xlink:to="label_FilingDateCoverPage"/>
    <link:label xlink:type="resource" xlink:label="label_FilingDateCoverPage_2" xlink:role="http://www.xbrl.org/2003/role/verboseLabel" xml:lang="ja" id="label_FilingDateCoverPage_2">提出日、表紙</link:label>
    <link:labelArc xlink:type="arc" xlink:arcrole="http://www.xbrl.org/2003/arcrole/concept-label" xlink:from="FilingDateCoverPage" xlink:to="label_FilingDateCoverPage_2"/>
    <link:loc xlink:type="locator" xlink:href="../jpcrp-sbr_cor_2013-08-31.xsd#jpcrp-sbr_cor_ReportingPeriodCoverPage" xlink:label="ReportingPeriodCoverPage"/>
    <link:label xlink:type="resource" xlink:label="label_ReportingPeriodCoverPage" xlink:role="http://www.xbrl.org/2003/role/label" xml:lang="ja" id="label_ReportingPeriodCoverPage">報告期間</link:label>
    <link:labelArc xlink:type="arc" xlink:arcrole="http://www.xbrl.org/2003/arcrole/concept-label" xlink:from="ReportingPeriodCoverPage" xlink:to="label_ReportingPeriodCoverPage"/>
    <link:label xlink:type="resource" xlink:label="label_ReportingPeriodCoverPage_2" xlink:role="http://www.xbrl.org/2003/role/verboseLabel" xml:lang="ja" id="label_ReportingPeriodCoverPage_2">報告期間、表紙</link:label>
    <link:labelArc xlink:type="arc" xlink:arcrole="http://www.xbrl.org/2003/arcrole/concept-label" xlink:from="ReportingPeriodCoverPage" xlink:to="label_ReportingPeriodCoverPage_2"/>
    <link:loc xlink:type="locator" xlink:href="../jpcrp-sbr_cor_2013-08-31.xsd#jpcrp-sbr_cor_CompanyNameCoverPage" xlink:label="CompanyNameCoverPage"/>
    <link:label xlink:type="resource" xlink:label="label_CompanyNameCoverPage" xlink:role="http://www.xbrl.org/2003/role/label" xml:lang="ja" id="label_CompanyNameCoverPage">会社名</link:label>
    <link:labelArc xlink:type="arc" xlink:arcrole="http://www.xbrl.org/2003/arcrole/concept-label" xlink:from="CompanyNameCoverPage" xlink:to="label_CompanyNameCoverPage"/>
    <link:label xlink:type="resource" xlink:label="label_CompanyNameCoverPage_2" xlink:role="http://www.xbrl.org/2003/role/verboseLabel" xml:lang="ja" id="label_CompanyNameCoverPage_2">会社名、表紙</link:label>
    <link:labelArc xlink:type="arc" xlink:arcrole="http://www.xbrl.org/2003/arcrole/concept-label" xlink:from="CompanyNameCoverPage" xlink:to="label_CompanyNameCoverPage_2"/>
    <link:loc xlink:type="locator" xlink:href="../jpcrp-sbr_cor_2013-08-31.xsd#jpcrp-sbr_cor_CompanyNameInEnglishCoverPage" xlink:label="CompanyNameInEnglishCoverPage"/>
    <link:label xlink:type="resource" xlink:label="label_CompanyNameInEnglishCoverPage" xlink:role="http://www.xbrl.org/2003/role/label" xml:lang="ja" id="label_CompanyNameInEnglishCoverPage">英訳名</link:label>
    <link:labelArc xlink:type="arc" xlink:arcrole="http://www.xbrl.org/2003/arcrole/concept-label" xlink:from="CompanyNameInEnglishCoverPage" xlink:to="label_CompanyNameInEnglishCoverPage"/>
    <link:label xlink:type="resource" xlink:label="label_CompanyNameInEnglishCoverPage_2" xlink:role="http://www.xbrl.org/2003/role/verboseLabel" xml:lang="ja" id="label_CompanyNameInEnglishCoverPage_2">英訳名、表紙</link:label>
    <link:labelArc xlink:type="arc" xlink:arcrole="http://www.xbrl.org/2003/arcrole/concept-label" xlink:from="CompanyNameInEnglishCoverPage" xlink:to="label_CompanyNameInEnglishCoverPage_2"/>
    <link:loc xlink:type="locator" xlink:href="../jpcrp-sbr_cor_2013-08-31.xsd#jpcrp-sbr_cor_TitleAndNameOfRepresentativeCoverPage" xlink:label="TitleAndNameOfRepresentativeCoverPage"/>
    <link:label xlink:type="resource" xlink:label="label_TitleAndNameOfRepresentativeCoverPage" xlink:role="http://www.xbrl.org/2003/role/label" xml:lang="ja" id="label_TitleAndNameOfRepresentativeCoverPage">代表者の役職氏名</link:label>
    <link:labelArc xlink:type="arc" xlink:arcrole="http://www.xbrl.org/2003/arcrole/concept-label" xlink:from="TitleAndNameOfRepresentativeCoverPage" xlink:to="label_TitleAndNameOfRepresentativeCoverPage"/>
    <link:label xlink:type="resource" xlink:label="label_TitleAndNameOfRepresentativeCoverPage_2" xlink:role="http://www.xbrl.org/2003/role/verboseLabel" xml:lang="ja" id="label_TitleAndNameOfRepresentativeCoverPage_2">代表者の役職氏名、表紙</link:label>
    <link:labelArc xlink:type="arc" xlink:arcrole="http://www.xbrl.org/2003/arcrole/concept-label" xlink:from="TitleAndNameOfRepresentativeCoverPage" xlink:to="label_TitleAndNameOfRepresentativeCoverPage_2"/>
    <link:loc xlink:type="locator" xlink:href="../jpcrp-sbr_cor_2013-08-31.xsd#jpcrp-sbr_cor_AddressOfRegisteredHeadquarterCoverPage" xlink:label="AddressOfRegisteredHeadquarterCoverPage"/>
    <link:label xlink:type="resource" xlink:label="label_AddressOfRegisteredHeadquarterCoverPage" xlink:role="http://www.xbrl.org/2003/role/label" xml:lang="ja" id="label_AddressOfRegisteredHeadquarterCoverPage">本店の所在の場所</link:label>
    <link:labelArc xlink:type="arc" xlink:arcrole="http://www.xbrl.org/2003/arcrole/concept-label" xlink:from="AddressOfRegisteredHeadquarterCoverPage" xlink:to="label_AddressOfRegisteredHeadquarterCoverPage"/>
    <link:label xlink:type="resource" xlink:label="label_AddressOfRegisteredHeadquarterCoverPage_2" xlink:role="http://www.xbrl.org/2003/role/verboseLabel" xml:lang="ja" id="label_AddressOfRegisteredHeadquarterCoverPage_2">本店の所在の場所、表紙</link:label>
    <link:labelArc xlink:type="arc" xlink:arcrole="http://www.xbrl.org/2003/arcrole/concept-label" xlink:from="AddressOfRegisteredHeadquarterCoverPage" xlink:to="label_AddressOfRegisteredHeadquarterCoverPage_2"/>
    <link:loc xlink:type="locator" xlink:href="../jpcrp-sbr_cor_2013-08-31.xsd#jpcrp-sbr_cor_TelephoneNumberAddressOfRegisteredHeadquarterCoverPage" xlink:label="TelephoneNumberAddressOfRegisteredHeadquarterCoverPage"/>
    <link:label xlink:type="resource" xlink:label="label_TelephoneNumberAddressOfRegisteredHeadquarterCoverPage" xlink:role="http://www.xbrl.org/2003/role/label" xml:lang="ja" id="label_TelephoneNumberAddressOfRegisteredHeadquarterCoverPage">電話番号</link:label>
    <link:labelArc xlink:type="arc" xlink:arcrole="http://www.xbrl.org/2003/arcrole/concept-label" xlink:from="TelephoneNumberAddressOfRegisteredHeadquarterCoverPage" xlink:to="label_TelephoneNumberAddressOfRegisteredHeadquarterCoverPage"/>
    <link:label xlink:type="resource" xlink:label="label_TelephoneNumberAddressOfRegisteredHeadquarterCoverPage_2" xlink:role="http://www.xbrl.org/2003/role/verboseLabel" xml:lang="ja" id="label_TelephoneNumberAddressOfRegisteredHeadquarterCoverPage_2">電話番号、本店の所在の場所、表紙</link:label>
    <link:labelArc xlink:type="arc" xlink:arcrole="http://www.xbrl.org/2003/arcrole/concept-label" xlink:from="TelephoneNumberAddressOfRegisteredHeadquarterCoverPage" xlink:to="label_TelephoneNumberAddressOfRegisteredHeadquarterCoverPage_2"/>
    <link:loc xlink:type="locator" xlink:href="../jpcrp-sbr_cor_2013-08-31.xsd#jpcrp-sbr_cor_NameOfContactPersonCoverPage" xlink:label="NameOfContactPersonCoverPage"/>
    <link:label xlink:type="resource" xlink:label="label_NameOfContactPersonCoverPage" xlink:role="http://www.xbrl.org/2003/role/label" xml:lang="ja" id="label_NameOfContactPersonCoverPage">事務連絡者氏名</link:label>
    <link:labelArc xlink:type="arc" xlink:arcrole="http://www.xbrl.org/2003/arcrole/concept-label" xlink:from="NameOfContactPersonCoverPage" xlink:to="label_NameOfContactPersonCoverPage"/>
    <link:label xlink:type="resource" xlink:label="label_NameOfContactPersonCoverPage_2" xlink:role="http://www.xbrl.org/2003/role/verboseLabel" xml:lang="ja" id="label_NameOfContactPersonCoverPage_2">事務連絡者氏名、表紙</link:label>
    <link:labelArc xlink:type="arc" xlink:arcrole="http://www.xbrl.org/2003/arcrole/concept-label" xlink:from="NameOfContactPersonCoverPage" xlink:to="label_NameOfContactPersonCoverPage_2"/>
    <link:loc xlink:type="locator" xlink:href="../jpcrp-sbr_cor_2013-08-31.xsd#jpcrp-sbr_cor_NearestPlaceOfContactCoverPage" xlink:label="NearestPlaceOfContactCoverPage"/>
    <link:label xlink:type="resource" xlink:label="label_NearestPlaceOfContactCoverPage" xlink:role="http://www.xbrl.org/2003/role/label" xml:lang="ja" id="label_NearestPlaceOfContactCoverPage">最寄りの連絡場所</link:label>
    <link:labelArc xlink:type="arc" xlink:arcrole="http://www.xbrl.org/2003/arcrole/concept-label" xlink:from="NearestPlaceOfContactCoverPage" xlink:to="label_NearestPlaceOfContactCoverPage"/>
    <link:label xlink:type="resource" xlink:label="label_NearestPlaceOfContactCoverPage_2" xlink:role="http://www.xbrl.org/2003/role/verboseLabel" xml:lang="ja" id="label_NearestPlaceOfContactCoverPage_2">最寄りの連絡場所、表紙</link:label>
    <link:labelArc xlink:type="arc" xlink:arcrole="http://www.xbrl.org/2003/arcrole/concept-label" xlink:from="NearestPlaceOfContactCoverPage" xlink:to="label_NearestPlaceOfContactCoverPage_2"/>
    <link:loc xlink:type="locator" xlink:href="../jpcrp-sbr_cor_2013-08-31.xsd#jpcrp-sbr_cor_TelephoneNumberNearestPlaceOfContactCoverPage" xlink:label="TelephoneNumberNearestPlaceOfContactCoverPage"/>
    <link:label xlink:type="resource" xlink:label="label_TelephoneNumberNearestPlaceOfContactCoverPage" xlink:role="http://www.xbrl.org/2003/role/label" xml:lang="ja" id="label_TelephoneNumberNearestPlaceOfContactCoverPage">電話番号</link:label>
    <link:labelArc xlink:type="arc" xlink:arcrole="http://www.xbrl.org/2003/arcrole/concept-label" xlink:from="TelephoneNumberNearestPlaceOfContactCoverPage" xlink:to="label_TelephoneNumberNearestPlaceOfContactCoverPage"/>
    <link:label xlink:type="resource" xlink:label="label_TelephoneNumberNearestPlaceOfContactCoverPage_2" xlink:role="http://www.xbrl.org/2003/role/verboseLabel" xml:lang="ja" id="label_TelephoneNumberNearestPlaceOfContactCoverPage_2">電話番号、最寄りの連絡場所、表紙</link:label>
    <link:labelArc xlink:type="arc" xlink:arcrole="http://www.xbrl.org/2003/arcrole/concept-label" xlink:from="TelephoneNumberNearestPlaceOfContactCoverPage" xlink:to="label_TelephoneNumberNearestPlaceOfContactCoverPage_2"/>
    <link:loc xlink:type="locator" xlink:href="../jpcrp-sbr_cor_2013-08-31.xsd#jpcrp-sbr_cor_NameOfContactPersonNearestPlaceOfContactCoverPage" xlink:label="NameOfContactPersonNearestPlaceOfContactCoverPage"/>
    <link:label xlink:type="resource" xlink:label="label_NameOfContactPersonNearestPlaceOfContactCoverPage" xlink:role="http://www.xbrl.org/2003/role/label" xml:lang="ja" id="label_NameOfContactPersonNearestPlaceOfContactCoverPage">事務連絡者氏名</link:label>
    <link:labelArc xlink:type="arc" xlink:arcrole="http://www.xbrl.org/2003/arcrole/concept-label" xlink:from="NameOfContactPersonNearestPlaceOfContactCoverPage" xlink:to="label_NameOfContactPersonNearestPlaceOfContactCoverPage"/>
    <link:label xlink:type="resource" xlink:label="label_NameOfContactPersonNearestPlaceOfContactCoverPage_2" xlink:role="http://www.xbrl.org/2003/role/verboseLabel" xml:lang="ja" id="label_NameOfContactPersonNearestPlaceOfContactCoverPage_2">事務連絡者氏名、最寄りの連絡場所、表紙</link:label>
    <link:labelArc xlink:type="arc" xlink:arcrole="http://www.xbrl.org/2003/arcrole/concept-label" xlink:from="NameOfContactPersonNearestPlaceOfContactCoverPage" xlink:to="label_NameOfContactPersonNearestPlaceOfContactCoverPage_2"/>
    <link:loc xlink:type="locator" xlink:href="../jpcrp-sbr_cor_2013-08-31.xsd#jpcrp-sbr_cor_PlaceForPublicInspectionCoverPageTextBlock" xlink:label="PlaceForPublicInspectionCoverPageTextBlock"/>
    <link:label xlink:type="resource" xlink:label="label_PlaceForPublicInspectionCoverPageTextBlock" xlink:role="http://www.xbrl.org/2003/role/label" xml:lang="ja" id="label_PlaceForPublicInspectionCoverPageTextBlock">縦覧に供する場所</link:label>
    <link:labelArc xlink:type="arc" xlink:arcrole="http://www.xbrl.org/2003/arcrole/concept-label" xlink:from="PlaceForPublicInspectionCoverPageTextBlock" xlink:to="label_PlaceForPublicInspectionCoverPageTextBlock"/>
    <link:label xlink:type="resource" xlink:label="label_PlaceForPublicInspectionCoverPageTextBlock_2" xlink:role="http://www.xbrl.org/2003/role/verboseLabel" xml:lang="ja" id="label_PlaceForPublicInspectionCoverPageTextBlock_2">縦覧に供する場所、表紙 [テキストブロック]</link:label>
    <link:labelArc xlink:type="arc" xlink:arcrole="http://www.xbrl.org/2003/arcrole/concept-label" xlink:from="PlaceForPublicInspectionCoverPageTextBlock" xlink:to="label_PlaceForPublicInspectionCoverPageTextBlock_2"/>
    <link:loc xlink:type="locator" xlink:href="../jpcrp-sbr_cor_2013-08-31.xsd#jpcrp-sbr_cor_PlaceForPublicInspectionCoverPageNA" xlink:label="PlaceForPublicInspectionCoverPageNA"/>
    <link:label xlink:type="resource" xlink:label="label_PlaceForPublicInspectionCoverPageNA" xlink:role="http://www.xbrl.org/2003/role/label" xml:lang="ja" id="label_PlaceForPublicInspectionCoverPageNA">縦覧に供する場所（該当なし）</link:label>
    <link:labelArc xlink:type="arc" xlink:arcrole="http://www.xbrl.org/2003/arcrole/concept-label" xlink:from="PlaceForPublicInspectionCoverPageNA" xlink:to="label_PlaceForPublicInspectionCoverPageNA"/>
    <link:label xlink:type="resource" xlink:label="label_PlaceForPublicInspectionCoverPageNA_2" xlink:role="http://www.xbrl.org/2003/role/verboseLabel" xml:lang="ja" id="label_PlaceForPublicInspectionCoverPageNA_2">縦覧に供する場所、表紙（該当なし）</link:label>
    <link:labelArc xlink:type="arc" xlink:arcrole="http://www.xbrl.org/2003/arcrole/concept-label" xlink:from="PlaceForPublicInspectionCoverPageNA" xlink:to="label_PlaceForPublicInspectionCoverPageNA_2"/>
  </link:labelLink>
</link:linkbase>
