<?xml version="1.0" encoding="UTF-8"?>
<!--  (c) Financial Services Agency, The Japanese Government.
      All Rights Reserved.
      For intellectual property policy and authorized uses of EDINET Taxonomy,
      refer to “EDINET Taxonomy Legal Statement” at http://www.fsa.go.jp/search/EDINET_Taxonomy_Legal_Statement.html
-->
<link:linkbase xmlns:link="http://www.xbrl.org/2003/linkbase" xmlns:xsi="http://www.w3.org/2001/XMLSchema-instance" xmlns:xlink="http://www.w3.org/1999/xlink" xmlns:xbrli="http://www.xbrl.org/2003/instance">
  <link:roleRef roleURI="http://disclosure.edinet-fsa.go.jp/role/jplvh/rol_std_InformationAboutJointHolders" xlink:type="simple" xlink:href="../jplvh_rt_2014-07-31.xsd#rol_std_InformationAboutJointHolders"/>
  <link:presentationLink xlink:type="extended" xlink:role="http://disclosure.edinet-fsa.go.jp/role/jplvh/rol_std_InformationAboutJointHolders">
    <link:loc xlink:type="locator" xlink:href="../jplvh_cor_2014-07-31.xsd#jplvh_cor_InformationAboutJointHoldersHeading" xlink:label="InformationAboutJointHoldersHeading"/>
    <link:loc xlink:type="locator" xlink:href="../jplvh_cor_2014-07-31.xsd#jplvh_cor_InformationAboutJointHoldersTable" xlink:label="InformationAboutJointHoldersTable"/>
    <link:presentationArc xlink:type="arc" xlink:arcrole="http://www.xbrl.org/2003/arcrole/parent-child" xlink:from="InformationAboutJointHoldersHeading" xlink:to="InformationAboutJointHoldersTable" order="1.0"/>
    <link:loc xlink:type="locator" xlink:href="../jplvh_cor_2014-07-31.xsd#jplvh_cor_FilersLargeVolumeHoldersAndJointHoldersAxis" xlink:label="FilersLargeVolumeHoldersAndJointHoldersAxis"/>
    <link:presentationArc xlink:type="arc" xlink:arcrole="http://www.xbrl.org/2003/arcrole/parent-child" xlink:from="InformationAboutJointHoldersTable" xlink:to="FilersLargeVolumeHoldersAndJointHoldersAxis" order="1.0"/>
    <link:loc xlink:type="locator" xlink:href="../jplvh_cor_2014-07-31.xsd#jplvh_cor_FilersLargeVolumeHoldersOrJointHoldersMember" xlink:label="FilersLargeVolumeHoldersOrJointHoldersMember"/>
    <link:presentationArc xlink:type="arc" xlink:arcrole="http://www.xbrl.org/2003/arcrole/parent-child" xlink:from="FilersLargeVolumeHoldersAndJointHoldersAxis" xlink:to="FilersLargeVolumeHoldersOrJointHoldersMember" order="1.0"/>
    <link:loc xlink:type="locator" xlink:href="../jplvh_cor_2014-07-31.xsd#jplvh_cor_JointHoldersMember" xlink:label="JointHoldersMember"/>
    <link:presentationArc xlink:type="arc" xlink:arcrole="http://www.xbrl.org/2003/arcrole/parent-child" xlink:from="FilersLargeVolumeHoldersOrJointHoldersMember" xlink:to="JointHoldersMember" order="1.0"/>
    <link:loc xlink:type="locator" xlink:href="../jplvh_cor_2014-07-31.xsd#jplvh_cor_InformationAboutJointHoldersLineItems" xlink:label="InformationAboutJointHoldersLineItems"/>
    <link:presentationArc xlink:type="arc" xlink:arcrole="http://www.xbrl.org/2003/arcrole/parent-child" xlink:from="InformationAboutJointHoldersHeading" xlink:to="InformationAboutJointHoldersLineItems" order="2.0"/>
    <link:loc xlink:type="locator" xlink:href="../jplvh_cor_2014-07-31.xsd#jplvh_cor_JointHolderSerialNumberAbstract" xlink:label="JointHolderSerialNumberAbstract"/>
    <link:presentationArc xlink:type="arc" xlink:arcrole="http://www.xbrl.org/2003/arcrole/parent-child" xlink:from="InformationAboutJointHoldersLineItems" xlink:to="JointHolderSerialNumberAbstract" order="1.0"/>
    <link:loc xlink:type="locator" xlink:href="../jplvh_cor_2014-07-31.xsd#jplvh_cor_OverviewOfJointHolderAbstract" xlink:label="OverviewOfJointHolderAbstract"/>
    <link:presentationArc xlink:type="arc" xlink:arcrole="http://www.xbrl.org/2003/arcrole/parent-child" xlink:from="JointHolderSerialNumberAbstract" xlink:to="OverviewOfJointHolderAbstract" order="1.0"/>
    <link:loc xlink:type="locator" xlink:href="../jplvh_cor_2014-07-31.xsd#jplvh_cor_JointHolderAbstract" xlink:label="JointHolderAbstract"/>
    <link:presentationArc xlink:type="arc" xlink:arcrole="http://www.xbrl.org/2003/arcrole/parent-child" xlink:from="OverviewOfJointHolderAbstract" xlink:to="JointHolderAbstract" order="1.0"/>
    <link:loc xlink:type="locator" xlink:href="../jplvh_cor_2014-07-31.xsd#jplvh_cor_IndividualOrCorporation" xlink:label="IndividualOrCorporation"/>
    <link:presentationArc xlink:type="arc" xlink:arcrole="http://www.xbrl.org/2003/arcrole/parent-child" xlink:from="JointHolderAbstract" xlink:to="IndividualOrCorporation" order="1.0"/>
    <link:loc xlink:type="locator" xlink:href="../jplvh_cor_2014-07-31.xsd#jplvh_cor_Name" xlink:label="Name"/>
    <link:presentationArc xlink:type="arc" xlink:arcrole="http://www.xbrl.org/2003/arcrole/parent-child" xlink:from="JointHolderAbstract" xlink:to="Name" order="2.0"/>
    <link:loc xlink:type="locator" xlink:href="../jplvh_cor_2014-07-31.xsd#jplvh_cor_ResidentialAddressOrAddressOfRegisteredHeadquarter" xlink:label="ResidentialAddressOrAddressOfRegisteredHeadquarter"/>
    <link:presentationArc xlink:type="arc" xlink:arcrole="http://www.xbrl.org/2003/arcrole/parent-child" xlink:from="JointHolderAbstract" xlink:to="ResidentialAddressOrAddressOfRegisteredHeadquarter" order="3.0"/>
    <link:loc xlink:type="locator" xlink:href="../jplvh_cor_2014-07-31.xsd#jplvh_cor_FormerName" xlink:label="FormerName"/>
    <link:presentationArc xlink:type="arc" xlink:arcrole="http://www.xbrl.org/2003/arcrole/parent-child" xlink:from="JointHolderAbstract" xlink:to="FormerName" order="4.0"/>
    <link:loc xlink:type="locator" xlink:href="../jplvh_cor_2014-07-31.xsd#jplvh_cor_FormerResidentialAddressOrAddressOfRegisteredHeadquarter" xlink:label="FormerResidentialAddressOrAddressOfRegisteredHeadquarter"/>
    <link:presentationArc xlink:type="arc" xlink:arcrole="http://www.xbrl.org/2003/arcrole/parent-child" xlink:from="JointHolderAbstract" xlink:to="FormerResidentialAddressOrAddressOfRegisteredHeadquarter" order="5.0"/>
    <link:loc xlink:type="locator" xlink:href="../jplvh_cor_2014-07-31.xsd#jplvh_cor_InformationAboutIndividualAbstract" xlink:label="InformationAboutIndividualAbstract"/>
    <link:presentationArc xlink:type="arc" xlink:arcrole="http://www.xbrl.org/2003/arcrole/parent-child" xlink:from="OverviewOfJointHolderAbstract" xlink:to="InformationAboutIndividualAbstract" order="2.0"/>
    <link:loc xlink:type="locator" xlink:href="../jplvh_cor_2014-07-31.xsd#jplvh_cor_InformationAboutIndividualNATextBlock" xlink:label="InformationAboutIndividualNATextBlock"/>
    <link:presentationArc xlink:type="arc" xlink:arcrole="http://www.xbrl.org/2003/arcrole/parent-child" xlink:from="InformationAboutIndividualAbstract" xlink:to="InformationAboutIndividualNATextBlock" order="1.0"/>
    <link:loc xlink:type="locator" xlink:href="../jplvh_cor_2014-07-31.xsd#jplvh_cor_DateOfBirth" xlink:label="DateOfBirth"/>
    <link:presentationArc xlink:type="arc" xlink:arcrole="http://www.xbrl.org/2003/arcrole/parent-child" xlink:from="InformationAboutIndividualAbstract" xlink:to="DateOfBirth" order="2.0"/>
    <link:loc xlink:type="locator" xlink:href="../jplvh_cor_2014-07-31.xsd#jplvh_cor_Occupation" xlink:label="Occupation"/>
    <link:presentationArc xlink:type="arc" xlink:arcrole="http://www.xbrl.org/2003/arcrole/parent-child" xlink:from="InformationAboutIndividualAbstract" xlink:to="Occupation" order="3.0"/>
    <link:loc xlink:type="locator" xlink:href="../jplvh_cor_2014-07-31.xsd#jplvh_cor_NameOfEmployer" xlink:label="NameOfEmployer"/>
    <link:presentationArc xlink:type="arc" xlink:arcrole="http://www.xbrl.org/2003/arcrole/parent-child" xlink:from="InformationAboutIndividualAbstract" xlink:to="NameOfEmployer" order="4.0"/>
    <link:loc xlink:type="locator" xlink:href="../jplvh_cor_2014-07-31.xsd#jplvh_cor_AddressOfEmployer" xlink:label="AddressOfEmployer"/>
    <link:presentationArc xlink:type="arc" xlink:arcrole="http://www.xbrl.org/2003/arcrole/parent-child" xlink:from="InformationAboutIndividualAbstract" xlink:to="AddressOfEmployer" order="5.0"/>
    <link:loc xlink:type="locator" xlink:href="../jplvh_cor_2014-07-31.xsd#jplvh_cor_InformationAboutCorporationAbstract" xlink:label="InformationAboutCorporationAbstract"/>
    <link:presentationArc xlink:type="arc" xlink:arcrole="http://www.xbrl.org/2003/arcrole/parent-child" xlink:from="OverviewOfJointHolderAbstract" xlink:to="InformationAboutCorporationAbstract" order="3.0"/>
    <link:loc xlink:type="locator" xlink:href="../jplvh_cor_2014-07-31.xsd#jplvh_cor_InformationAboutCorporationNATextBlock" xlink:label="InformationAboutCorporationNATextBlock"/>
    <link:presentationArc xlink:type="arc" xlink:arcrole="http://www.xbrl.org/2003/arcrole/parent-child" xlink:from="InformationAboutCorporationAbstract" xlink:to="InformationAboutCorporationNATextBlock" order="1.0"/>
    <link:loc xlink:type="locator" xlink:href="../jplvh_cor_2014-07-31.xsd#jplvh_cor_DateOfEstablishment" xlink:label="DateOfEstablishment"/>
    <link:presentationArc xlink:type="arc" xlink:arcrole="http://www.xbrl.org/2003/arcrole/parent-child" xlink:from="InformationAboutCorporationAbstract" xlink:to="DateOfEstablishment" order="2.0"/>
    <link:loc xlink:type="locator" xlink:href="../jplvh_cor_2014-07-31.xsd#jplvh_cor_NameOfRepresentative" xlink:label="NameOfRepresentative"/>
    <link:presentationArc xlink:type="arc" xlink:arcrole="http://www.xbrl.org/2003/arcrole/parent-child" xlink:from="InformationAboutCorporationAbstract" xlink:to="NameOfRepresentative" order="3.0"/>
    <link:loc xlink:type="locator" xlink:href="../jplvh_cor_2014-07-31.xsd#jplvh_cor_JobTitleOfRepresentative" xlink:label="JobTitleOfRepresentative"/>
    <link:presentationArc xlink:type="arc" xlink:arcrole="http://www.xbrl.org/2003/arcrole/parent-child" xlink:from="InformationAboutCorporationAbstract" xlink:to="JobTitleOfRepresentative" order="4.0"/>
    <link:loc xlink:type="locator" xlink:href="../jplvh_cor_2014-07-31.xsd#jplvh_cor_DescriptionOfBusiness" xlink:label="DescriptionOfBusiness"/>
    <link:presentationArc xlink:type="arc" xlink:arcrole="http://www.xbrl.org/2003/arcrole/parent-child" xlink:from="InformationAboutCorporationAbstract" xlink:to="DescriptionOfBusiness" order="5.0"/>
    <link:loc xlink:type="locator" xlink:href="../jplvh_cor_2014-07-31.xsd#jplvh_cor_ContactInformationAbstract" xlink:label="ContactInformationAbstract"/>
    <link:presentationArc xlink:type="arc" xlink:arcrole="http://www.xbrl.org/2003/arcrole/parent-child" xlink:from="OverviewOfJointHolderAbstract" xlink:to="ContactInformationAbstract" order="4.0"/>
    <link:loc xlink:type="locator" xlink:href="../jplvh_cor_2014-07-31.xsd#jplvh_cor_ContactInformationAndPerson" xlink:label="ContactInformationAndPerson"/>
    <link:presentationArc xlink:type="arc" xlink:arcrole="http://www.xbrl.org/2003/arcrole/parent-child" xlink:from="ContactInformationAbstract" xlink:to="ContactInformationAndPerson" order="1.0"/>
    <link:loc xlink:type="locator" xlink:href="../jplvh_cor_2014-07-31.xsd#jplvh_cor_TelephoneNumber" xlink:label="TelephoneNumber"/>
    <link:presentationArc xlink:type="arc" xlink:arcrole="http://www.xbrl.org/2003/arcrole/parent-child" xlink:from="ContactInformationAbstract" xlink:to="TelephoneNumber" order="2.0"/>
    <link:loc xlink:type="locator" xlink:href="../jplvh_cor_2014-07-31.xsd#jplvh_cor_BreakdownOfStocksEtcHeldBySaidJointHolderAbstract" xlink:label="BreakdownOfStocksEtcHeldBySaidJointHolderAbstract"/>
    <link:presentationArc xlink:type="arc" xlink:arcrole="http://www.xbrl.org/2003/arcrole/parent-child" xlink:from="JointHolderSerialNumberAbstract" xlink:to="BreakdownOfStocksEtcHeldBySaidJointHolderAbstract" order="2.0"/>
    <link:loc xlink:type="locator" xlink:href="../jplvh_cor_2014-07-31.xsd#jplvh_cor_NumberOfStocksEtcHeldAbstract" xlink:label="NumberOfStocksEtcHeldAbstract"/>
    <link:presentationArc xlink:type="arc" xlink:arcrole="http://www.xbrl.org/2003/arcrole/parent-child" xlink:from="BreakdownOfStocksEtcHeldBySaidJointHolderAbstract" xlink:to="NumberOfStocksEtcHeldAbstract" order="1.0"/>
    <link:loc xlink:type="locator" xlink:href="../jplvh_cor_2014-07-31.xsd#jplvh_cor_Article27233MainClauseAbstract" xlink:label="Article27233MainClauseAbstract"/>
    <link:presentationArc xlink:type="arc" xlink:arcrole="http://www.xbrl.org/2003/arcrole/parent-child" xlink:from="NumberOfStocksEtcHeldAbstract" xlink:to="Article27233MainClauseAbstract" order="1.0"/>
    <link:loc xlink:type="locator" xlink:href="../jplvh_cor_2014-07-31.xsd#jplvh_cor_StocksOrInvestmentSecuritiesEtcArticle27233MainClause" xlink:label="StocksOrInvestmentSecuritiesEtcArticle27233MainClause"/>
    <link:presentationArc xlink:type="arc" xlink:arcrole="http://www.xbrl.org/2003/arcrole/parent-child" xlink:from="Article27233MainClauseAbstract" xlink:to="StocksOrInvestmentSecuritiesEtcArticle27233MainClause" order="1.0"/>
    <link:loc xlink:type="locator" xlink:href="../jplvh_cor_2014-07-31.xsd#jplvh_cor_SubscriptionRightsToSharesArticle27233MainClause" xlink:label="SubscriptionRightsToSharesArticle27233MainClause"/>
    <link:presentationArc xlink:type="arc" xlink:arcrole="http://www.xbrl.org/2003/arcrole/parent-child" xlink:from="Article27233MainClauseAbstract" xlink:to="SubscriptionRightsToSharesArticle27233MainClause" order="2.0"/>
    <link:loc xlink:type="locator" xlink:href="../jplvh_cor_2014-07-31.xsd#jplvh_cor_ConvertibleBondsArticle27233MainClause" xlink:label="ConvertibleBondsArticle27233MainClause"/>
    <link:presentationArc xlink:type="arc" xlink:arcrole="http://www.xbrl.org/2003/arcrole/parent-child" xlink:from="Article27233MainClauseAbstract" xlink:to="ConvertibleBondsArticle27233MainClause" order="3.0"/>
    <link:loc xlink:type="locator" xlink:href="../jplvh_cor_2014-07-31.xsd#jplvh_cor_TargetSecurityCoveredWarrantsArticle27233MainClause" xlink:label="TargetSecurityCoveredWarrantsArticle27233MainClause"/>
    <link:presentationArc xlink:type="arc" xlink:arcrole="http://www.xbrl.org/2003/arcrole/parent-child" xlink:from="Article27233MainClauseAbstract" xlink:to="TargetSecurityCoveredWarrantsArticle27233MainClause" order="4.0"/>
    <link:loc xlink:type="locator" xlink:href="../jplvh_cor_2014-07-31.xsd#jplvh_cor_StockDepositoryReceiptsArticle27233MainClause" xlink:label="StockDepositoryReceiptsArticle27233MainClause"/>
    <link:presentationArc xlink:type="arc" xlink:arcrole="http://www.xbrl.org/2003/arcrole/parent-child" xlink:from="Article27233MainClauseAbstract" xlink:to="StockDepositoryReceiptsArticle27233MainClause" order="5.0"/>
    <link:loc xlink:type="locator" xlink:href="../jplvh_cor_2014-07-31.xsd#jplvh_cor_StockRelatedDepositoryReceiptsArticle27233MainClause" xlink:label="StockRelatedDepositoryReceiptsArticle27233MainClause"/>
    <link:presentationArc xlink:type="arc" xlink:arcrole="http://www.xbrl.org/2003/arcrole/parent-child" xlink:from="Article27233MainClauseAbstract" xlink:to="StockRelatedDepositoryReceiptsArticle27233MainClause" order="6.0"/>
    <link:loc xlink:type="locator" xlink:href="../jplvh_cor_2014-07-31.xsd#jplvh_cor_StockTrustBeneficiaryRightsArticle27233MainClause" xlink:label="StockTrustBeneficiaryRightsArticle27233MainClause"/>
    <link:presentationArc xlink:type="arc" xlink:arcrole="http://www.xbrl.org/2003/arcrole/parent-child" xlink:from="Article27233MainClauseAbstract" xlink:to="StockTrustBeneficiaryRightsArticle27233MainClause" order="7.0"/>
    <link:loc xlink:type="locator" xlink:href="../jplvh_cor_2014-07-31.xsd#jplvh_cor_StockRelatedTrustBeneficiaryRightsArticle27233MainClause" xlink:label="StockRelatedTrustBeneficiaryRightsArticle27233MainClause"/>
    <link:presentationArc xlink:type="arc" xlink:arcrole="http://www.xbrl.org/2003/arcrole/parent-child" xlink:from="Article27233MainClauseAbstract" xlink:to="StockRelatedTrustBeneficiaryRightsArticle27233MainClause" order="8.0"/>
    <link:loc xlink:type="locator" xlink:href="../jplvh_cor_2014-07-31.xsd#jplvh_cor_TargetSecurityRedeemableBondsArticle27233MainClause" xlink:label="TargetSecurityRedeemableBondsArticle27233MainClause"/>
    <link:presentationArc xlink:type="arc" xlink:arcrole="http://www.xbrl.org/2003/arcrole/parent-child" xlink:from="Article27233MainClauseAbstract" xlink:to="TargetSecurityRedeemableBondsArticle27233MainClause" order="9.0"/>
    <link:loc xlink:type="locator" xlink:href="../jplvh_cor_2014-07-31.xsd#jplvh_cor_ExchangeableBondsArticle27233MainClause" xlink:label="ExchangeableBondsArticle27233MainClause"/>
    <link:presentationArc xlink:type="arc" xlink:arcrole="http://www.xbrl.org/2003/arcrole/parent-child" xlink:from="Article27233MainClauseAbstract" xlink:to="ExchangeableBondsArticle27233MainClause" order="10.0"/>
    <link:loc xlink:type="locator" xlink:href="../jplvh_cor_2014-07-31.xsd#jplvh_cor_TotalArticle27233MainClause" xlink:label="TotalArticle27233MainClause"/>
    <link:presentationArc xlink:type="arc" xlink:arcrole="http://www.xbrl.org/2003/arcrole/parent-child" xlink:from="Article27233MainClauseAbstract" xlink:to="TotalArticle27233MainClause" order="11.0"/>
    <link:loc xlink:type="locator" xlink:href="../jplvh_cor_2014-07-31.xsd#jplvh_cor_Article27233Item1Abstract" xlink:label="Article27233Item1Abstract"/>
    <link:presentationArc xlink:type="arc" xlink:arcrole="http://www.xbrl.org/2003/arcrole/parent-child" xlink:from="NumberOfStocksEtcHeldAbstract" xlink:to="Article27233Item1Abstract" order="2.0"/>
    <link:loc xlink:type="locator" xlink:href="../jplvh_cor_2014-07-31.xsd#jplvh_cor_StocksOrInvestmentSecuritiesEtcArticle27233Item1" xlink:label="StocksOrInvestmentSecuritiesEtcArticle27233Item1"/>
    <link:presentationArc xlink:type="arc" xlink:arcrole="http://www.xbrl.org/2003/arcrole/parent-child" xlink:from="Article27233Item1Abstract" xlink:to="StocksOrInvestmentSecuritiesEtcArticle27233Item1" order="1.0"/>
    <link:loc xlink:type="locator" xlink:href="../jplvh_cor_2014-07-31.xsd#jplvh_cor_TargetSecurityCoveredWarrantsArticle27233Item1" xlink:label="TargetSecurityCoveredWarrantsArticle27233Item1"/>
    <link:presentationArc xlink:type="arc" xlink:arcrole="http://www.xbrl.org/2003/arcrole/parent-child" xlink:from="Article27233Item1Abstract" xlink:to="TargetSecurityCoveredWarrantsArticle27233Item1" order="2.0"/>
    <link:loc xlink:type="locator" xlink:href="../jplvh_cor_2014-07-31.xsd#jplvh_cor_StockDepositoryReceiptsArticle27233Item1" xlink:label="StockDepositoryReceiptsArticle27233Item1"/>
    <link:presentationArc xlink:type="arc" xlink:arcrole="http://www.xbrl.org/2003/arcrole/parent-child" xlink:from="Article27233Item1Abstract" xlink:to="StockDepositoryReceiptsArticle27233Item1" order="3.0"/>
    <link:loc xlink:type="locator" xlink:href="../jplvh_cor_2014-07-31.xsd#jplvh_cor_StockRelatedDepositoryReceiptsArticle27233Item1" xlink:label="StockRelatedDepositoryReceiptsArticle27233Item1"/>
    <link:presentationArc xlink:type="arc" xlink:arcrole="http://www.xbrl.org/2003/arcrole/parent-child" xlink:from="Article27233Item1Abstract" xlink:to="StockRelatedDepositoryReceiptsArticle27233Item1" order="4.0"/>
    <link:loc xlink:type="locator" xlink:href="../jplvh_cor_2014-07-31.xsd#jplvh_cor_StockTrustBeneficiaryRightsArticle27233Item1" xlink:label="StockTrustBeneficiaryRightsArticle27233Item1"/>
    <link:presentationArc xlink:type="arc" xlink:arcrole="http://www.xbrl.org/2003/arcrole/parent-child" xlink:from="Article27233Item1Abstract" xlink:to="StockTrustBeneficiaryRightsArticle27233Item1" order="5.0"/>
    <link:loc xlink:type="locator" xlink:href="../jplvh_cor_2014-07-31.xsd#jplvh_cor_StockRelatedTrustBeneficiaryRightsArticle27233Item1" xlink:label="StockRelatedTrustBeneficiaryRightsArticle27233Item1"/>
    <link:presentationArc xlink:type="arc" xlink:arcrole="http://www.xbrl.org/2003/arcrole/parent-child" xlink:from="Article27233Item1Abstract" xlink:to="StockRelatedTrustBeneficiaryRightsArticle27233Item1" order="6.0"/>
    <link:loc xlink:type="locator" xlink:href="../jplvh_cor_2014-07-31.xsd#jplvh_cor_TargetSecurityRedeemableBondsArticle27233Item1" xlink:label="TargetSecurityRedeemableBondsArticle27233Item1"/>
    <link:presentationArc xlink:type="arc" xlink:arcrole="http://www.xbrl.org/2003/arcrole/parent-child" xlink:from="Article27233Item1Abstract" xlink:to="TargetSecurityRedeemableBondsArticle27233Item1" order="7.0"/>
    <link:loc xlink:type="locator" xlink:href="../jplvh_cor_2014-07-31.xsd#jplvh_cor_ExchangeableBondsArticle27233Item1" xlink:label="ExchangeableBondsArticle27233Item1"/>
    <link:presentationArc xlink:type="arc" xlink:arcrole="http://www.xbrl.org/2003/arcrole/parent-child" xlink:from="Article27233Item1Abstract" xlink:to="ExchangeableBondsArticle27233Item1" order="8.0"/>
    <link:loc xlink:type="locator" xlink:href="../jplvh_cor_2014-07-31.xsd#jplvh_cor_TotalArticle27233Item1" xlink:label="TotalArticle27233Item1"/>
    <link:presentationArc xlink:type="arc" xlink:arcrole="http://www.xbrl.org/2003/arcrole/parent-child" xlink:from="Article27233Item1Abstract" xlink:to="TotalArticle27233Item1" order="9.0"/>
    <link:loc xlink:type="locator" xlink:href="../jplvh_cor_2014-07-31.xsd#jplvh_cor_Article27233Item2Abstract" xlink:label="Article27233Item2Abstract"/>
    <link:presentationArc xlink:type="arc" xlink:arcrole="http://www.xbrl.org/2003/arcrole/parent-child" xlink:from="NumberOfStocksEtcHeldAbstract" xlink:to="Article27233Item2Abstract" order="3.0"/>
    <link:loc xlink:type="locator" xlink:href="../jplvh_cor_2014-07-31.xsd#jplvh_cor_StocksOrInvestmentSecuritiesEtcArticle27233Item2" xlink:label="StocksOrInvestmentSecuritiesEtcArticle27233Item2"/>
    <link:presentationArc xlink:type="arc" xlink:arcrole="http://www.xbrl.org/2003/arcrole/parent-child" xlink:from="Article27233Item2Abstract" xlink:to="StocksOrInvestmentSecuritiesEtcArticle27233Item2" order="1.0"/>
    <link:loc xlink:type="locator" xlink:href="../jplvh_cor_2014-07-31.xsd#jplvh_cor_SubscriptionRightsToSharesArticle27233Item2" xlink:label="SubscriptionRightsToSharesArticle27233Item2"/>
    <link:presentationArc xlink:type="arc" xlink:arcrole="http://www.xbrl.org/2003/arcrole/parent-child" xlink:from="Article27233Item2Abstract" xlink:to="SubscriptionRightsToSharesArticle27233Item2" order="2.0"/>
    <link:loc xlink:type="locator" xlink:href="../jplvh_cor_2014-07-31.xsd#jplvh_cor_ConvertibleBondsArticle27233Item2" xlink:label="ConvertibleBondsArticle27233Item2"/>
    <link:presentationArc xlink:type="arc" xlink:arcrole="http://www.xbrl.org/2003/arcrole/parent-child" xlink:from="Article27233Item2Abstract" xlink:to="ConvertibleBondsArticle27233Item2" order="3.0"/>
    <link:loc xlink:type="locator" xlink:href="../jplvh_cor_2014-07-31.xsd#jplvh_cor_TargetSecurityCoveredWarrantsArticle27233Item2" xlink:label="TargetSecurityCoveredWarrantsArticle27233Item2"/>
    <link:presentationArc xlink:type="arc" xlink:arcrole="http://www.xbrl.org/2003/arcrole/parent-child" xlink:from="Article27233Item2Abstract" xlink:to="TargetSecurityCoveredWarrantsArticle27233Item2" order="4.0"/>
    <link:loc xlink:type="locator" xlink:href="../jplvh_cor_2014-07-31.xsd#jplvh_cor_StockDepositoryReceiptsArticle27233Item2" xlink:label="StockDepositoryReceiptsArticle27233Item2"/>
    <link:presentationArc xlink:type="arc" xlink:arcrole="http://www.xbrl.org/2003/arcrole/parent-child" xlink:from="Article27233Item2Abstract" xlink:to="StockDepositoryReceiptsArticle27233Item2" order="5.0"/>
    <link:loc xlink:type="locator" xlink:href="../jplvh_cor_2014-07-31.xsd#jplvh_cor_StockRelatedDepositoryReceiptsArticle27233Item2" xlink:label="StockRelatedDepositoryReceiptsArticle27233Item2"/>
    <link:presentationArc xlink:type="arc" xlink:arcrole="http://www.xbrl.org/2003/arcrole/parent-child" xlink:from="Article27233Item2Abstract" xlink:to="StockRelatedDepositoryReceiptsArticle27233Item2" order="6.0"/>
    <link:loc xlink:type="locator" xlink:href="../jplvh_cor_2014-07-31.xsd#jplvh_cor_StockTrustBeneficiaryRightsArticle27233Item2" xlink:label="StockTrustBeneficiaryRightsArticle27233Item2"/>
    <link:presentationArc xlink:type="arc" xlink:arcrole="http://www.xbrl.org/2003/arcrole/parent-child" xlink:from="Article27233Item2Abstract" xlink:to="StockTrustBeneficiaryRightsArticle27233Item2" order="7.0"/>
    <link:loc xlink:type="locator" xlink:href="../jplvh_cor_2014-07-31.xsd#jplvh_cor_StockRelatedTrustBeneficiaryRightsArticle27233Item2" xlink:label="StockRelatedTrustBeneficiaryRightsArticle27233Item2"/>
    <link:presentationArc xlink:type="arc" xlink:arcrole="http://www.xbrl.org/2003/arcrole/parent-child" xlink:from="Article27233Item2Abstract" xlink:to="StockRelatedTrustBeneficiaryRightsArticle27233Item2" order="8.0"/>
    <link:loc xlink:type="locator" xlink:href="../jplvh_cor_2014-07-31.xsd#jplvh_cor_TargetSecurityRedeemableBondsArticle27233Item2" xlink:label="TargetSecurityRedeemableBondsArticle27233Item2"/>
    <link:presentationArc xlink:type="arc" xlink:arcrole="http://www.xbrl.org/2003/arcrole/parent-child" xlink:from="Article27233Item2Abstract" xlink:to="TargetSecurityRedeemableBondsArticle27233Item2" order="9.0"/>
    <link:loc xlink:type="locator" xlink:href="../jplvh_cor_2014-07-31.xsd#jplvh_cor_ExchangeableBondsArticle27233Item2" xlink:label="ExchangeableBondsArticle27233Item2"/>
    <link:presentationArc xlink:type="arc" xlink:arcrole="http://www.xbrl.org/2003/arcrole/parent-child" xlink:from="Article27233Item2Abstract" xlink:to="ExchangeableBondsArticle27233Item2" order="10.0"/>
    <link:loc xlink:type="locator" xlink:href="../jplvh_cor_2014-07-31.xsd#jplvh_cor_TotalArticle27233Item2" xlink:label="TotalArticle27233Item2"/>
    <link:presentationArc xlink:type="arc" xlink:arcrole="http://www.xbrl.org/2003/arcrole/parent-child" xlink:from="Article27233Item2Abstract" xlink:to="TotalArticle27233Item2" order="11.0"/>
    <link:loc xlink:type="locator" xlink:href="../jplvh_cor_2014-07-31.xsd#jplvh_cor_NumberOfStocksEtcToDeductAsSoldOnMarginTrading" xlink:label="NumberOfStocksEtcToDeductAsSoldOnMarginTrading"/>
    <link:presentationArc xlink:type="arc" xlink:arcrole="http://www.xbrl.org/2003/arcrole/parent-child" xlink:from="NumberOfStocksEtcHeldAbstract" xlink:to="NumberOfStocksEtcToDeductAsSoldOnMarginTrading" order="4.0"/>
    <link:loc xlink:type="locator" xlink:href="../jplvh_cor_2014-07-31.xsd#jplvh_cor_NumberOfStocksEtcToDeductAsRightsToDemandExistBetweenJointHolders" xlink:label="NumberOfStocksEtcToDeductAsRightsToDemandExistBetweenJointHolders"/>
    <link:presentationArc xlink:type="arc" xlink:arcrole="http://www.xbrl.org/2003/arcrole/parent-child" xlink:from="NumberOfStocksEtcHeldAbstract" xlink:to="NumberOfStocksEtcToDeductAsRightsToDemandExistBetweenJointHolders" order="5.0"/>
    <link:loc xlink:type="locator" xlink:href="../jplvh_cor_2014-07-31.xsd#jplvh_cor_TotalNumberOfStocksEtcHeld" xlink:label="TotalNumberOfStocksEtcHeld"/>
    <link:presentationArc xlink:type="arc" xlink:arcrole="http://www.xbrl.org/2003/arcrole/parent-child" xlink:from="NumberOfStocksEtcHeldAbstract" xlink:to="TotalNumberOfStocksEtcHeld" order="6.0"/>
    <link:loc xlink:type="locator" xlink:href="../jplvh_cor_2014-07-31.xsd#jplvh_cor_NumberOfResidualStocksHeld" xlink:label="NumberOfResidualStocksHeld"/>
    <link:presentationArc xlink:type="arc" xlink:arcrole="http://www.xbrl.org/2003/arcrole/parent-child" xlink:from="NumberOfStocksEtcHeldAbstract" xlink:to="NumberOfResidualStocksHeld" order="7.0"/>
    <link:loc xlink:type="locator" xlink:href="../jplvh_cor_2014-07-31.xsd#jplvh_cor_NotesNumberOfStocksEtcHeldTextBlock" xlink:label="NotesNumberOfStocksEtcHeldTextBlock"/>
    <link:presentationArc xlink:type="arc" xlink:arcrole="http://www.xbrl.org/2003/arcrole/parent-child" xlink:from="NumberOfStocksEtcHeldAbstract" xlink:to="NotesNumberOfStocksEtcHeldTextBlock" order="8.0"/>
    <link:loc xlink:type="locator" xlink:href="../jplvh_cor_2014-07-31.xsd#jplvh_cor_HoldingRatioOfShareCertificatesEtcAbstract" xlink:label="HoldingRatioOfShareCertificatesEtcAbstract"/>
    <link:presentationArc xlink:type="arc" xlink:arcrole="http://www.xbrl.org/2003/arcrole/parent-child" xlink:from="BreakdownOfStocksEtcHeldBySaidJointHolderAbstract" xlink:to="HoldingRatioOfShareCertificatesEtcAbstract" order="2.0"/>
    <link:loc xlink:type="locator" xlink:href="../jplvh_cor_2014-07-31.xsd#jplvh_cor_TotalNumberOfOutstandingStocksEtcAbstract" xlink:label="TotalNumberOfOutstandingStocksEtcAbstract"/>
    <link:presentationArc xlink:type="arc" xlink:arcrole="http://www.xbrl.org/2003/arcrole/parent-child" xlink:from="HoldingRatioOfShareCertificatesEtcAbstract" xlink:to="TotalNumberOfOutstandingStocksEtcAbstract" order="1.0"/>
    <link:loc xlink:type="locator" xlink:href="../jplvh_cor_2014-07-31.xsd#jplvh_cor_BaseDate" xlink:label="BaseDate"/>
    <link:presentationArc xlink:type="arc" xlink:arcrole="http://www.xbrl.org/2003/arcrole/parent-child" xlink:from="TotalNumberOfOutstandingStocksEtcAbstract" xlink:to="BaseDate" order="1.0"/>
    <link:loc xlink:type="locator" xlink:href="../jplvh_cor_2014-07-31.xsd#jplvh_cor_TotalNumberOfOutstandingStocksEtc" xlink:label="TotalNumberOfOutstandingStocksEtc"/>
    <link:presentationArc xlink:type="arc" xlink:arcrole="http://www.xbrl.org/2003/arcrole/parent-child" xlink:from="TotalNumberOfOutstandingStocksEtcAbstract" xlink:to="TotalNumberOfOutstandingStocksEtc" order="2.0"/>
    <link:loc xlink:type="locator" xlink:href="../jplvh_cor_2014-07-31.xsd#jplvh_cor_HoldingRatioOfShareCertificatesEtc" xlink:label="HoldingRatioOfShareCertificatesEtc"/>
    <link:presentationArc xlink:type="arc" xlink:arcrole="http://www.xbrl.org/2003/arcrole/parent-child" xlink:from="HoldingRatioOfShareCertificatesEtcAbstract" xlink:to="HoldingRatioOfShareCertificatesEtc" order="2.0"/>
    <link:loc xlink:type="locator" xlink:href="../jplvh_cor_2014-07-31.xsd#jplvh_cor_HoldingRatioOfShareCertificatesEtcPerLastReport" xlink:label="HoldingRatioOfShareCertificatesEtcPerLastReport"/>
    <link:presentationArc xlink:type="arc" xlink:arcrole="http://www.xbrl.org/2003/arcrole/parent-child" xlink:from="HoldingRatioOfShareCertificatesEtcAbstract" xlink:to="HoldingRatioOfShareCertificatesEtcPerLastReport" order="3.0"/>
    <link:loc xlink:type="locator" xlink:href="../jplvh_cor_2014-07-31.xsd#jplvh_cor_NotesHoldingRatioOfShareCertificatesEtcTextBlock" xlink:label="NotesHoldingRatioOfShareCertificatesEtcTextBlock"/>
    <link:presentationArc xlink:type="arc" xlink:arcrole="http://www.xbrl.org/2003/arcrole/parent-child" xlink:from="HoldingRatioOfShareCertificatesEtcAbstract" xlink:to="NotesHoldingRatioOfShareCertificatesEtcTextBlock" order="4.0"/>
  </link:presentationLink>
</link:linkbase>
