<?xml version="1.0" encoding="UTF-8"?>
<!--  (c) Financial Services Agency, The Japanese Government.
      All Rights Reserved.
      For intellectual property policy and authorized uses of EDINET Taxonomy,
      refer to “EDINET Taxonomy Legal Statement” at http://www.fsa.go.jp/search/EDINET_Taxonomy_Legal_Statement.html
-->
<link:linkbase xmlns:link="http://www.xbrl.org/2003/linkbase" xmlns:xsi="http://www.w3.org/2001/XMLSchema-instance" xmlns:xlink="http://www.w3.org/1999/xlink" xmlns:xbrli="http://www.xbrl.org/2003/instance">
  <link:roleRef roleURI="http://disclosure.edinet-fsa.go.jp/role/jppfs/rol_std_ConsolidatedStatementOfIncome" xlink:type="simple" xlink:href="../../jppfs_rt_2020-11-01.xsd#rol_std_ConsolidatedStatementOfIncome"/>
  <link:calculationLink xlink:type="extended" xlink:role="http://disclosure.edinet-fsa.go.jp/role/jppfs/rol_std_ConsolidatedStatementOfIncome">
    <link:loc xlink:type="locator" xlink:href="../../jppfs_cor_2020-11-01.xsd#jppfs_cor_IncomeBeforeIncomeTaxes" xlink:label="IncomeBeforeIncomeTaxes"/>
    <link:loc xlink:type="locator" xlink:href="../../jppfs_cor_2020-11-01.xsd#jppfs_cor_OrdinaryIncome" xlink:label="OrdinaryIncome"/>
    <link:calculationArc xlink:type="arc" xlink:arcrole="http://www.xbrl.org/2003/arcrole/summation-item" xlink:from="IncomeBeforeIncomeTaxes" xlink:to="OrdinaryIncome" order="1.0" weight="1"/>
    <link:loc xlink:type="locator" xlink:href="../../jppfs_cor_2020-11-01.xsd#jppfs_cor_OrdinaryIncomeBNK" xlink:label="OrdinaryIncomeBNK"/>
    <link:calculationArc xlink:type="arc" xlink:arcrole="http://www.xbrl.org/2003/arcrole/summation-item" xlink:from="OrdinaryIncome" xlink:to="OrdinaryIncomeBNK" order="1.0" weight="1"/>
    <link:loc xlink:type="locator" xlink:href="../../jppfs_cor_2020-11-01.xsd#jppfs_cor_InterestIncomeOIBNK" xlink:label="InterestIncomeOIBNK"/>
    <link:calculationArc xlink:type="arc" xlink:arcrole="http://www.xbrl.org/2003/arcrole/summation-item" xlink:from="OrdinaryIncomeBNK" xlink:to="InterestIncomeOIBNK" order="1.0" weight="1"/>
    <link:loc xlink:type="locator" xlink:href="../../jppfs_cor_2020-11-01.xsd#jppfs_cor_InterestOnCallLoansAndBillsBoughtOIBNK" xlink:label="InterestOnCallLoansAndBillsBoughtOIBNK"/>
    <link:calculationArc xlink:type="arc" xlink:arcrole="http://www.xbrl.org/2003/arcrole/summation-item" xlink:from="InterestIncomeOIBNK" xlink:to="InterestOnCallLoansAndBillsBoughtOIBNK" order="3.0" weight="1"/>
    <link:loc xlink:type="locator" xlink:href="../../jppfs_cor_2020-11-01.xsd#jppfs_cor_InterestOnLoansAndDiscountsOIBNK" xlink:label="InterestOnLoansAndDiscountsOIBNK"/>
    <link:calculationArc xlink:type="arc" xlink:arcrole="http://www.xbrl.org/2003/arcrole/summation-item" xlink:from="InterestIncomeOIBNK" xlink:to="InterestOnLoansAndDiscountsOIBNK" order="1.0" weight="1"/>
    <link:loc xlink:type="locator" xlink:href="../../jppfs_cor_2020-11-01.xsd#jppfs_cor_InterestAndDividendsOnSecuritiesOIBNK" xlink:label="InterestAndDividendsOnSecuritiesOIBNK"/>
    <link:calculationArc xlink:type="arc" xlink:arcrole="http://www.xbrl.org/2003/arcrole/summation-item" xlink:from="InterestIncomeOIBNK" xlink:to="InterestAndDividendsOnSecuritiesOIBNK" order="2.0" weight="1"/>
    <link:loc xlink:type="locator" xlink:href="../../jppfs_cor_2020-11-01.xsd#jppfs_cor_InterestOnReceivablesUnderResaleAgreementsOIBNK" xlink:label="InterestOnReceivablesUnderResaleAgreementsOIBNK"/>
    <link:calculationArc xlink:type="arc" xlink:arcrole="http://www.xbrl.org/2003/arcrole/summation-item" xlink:from="InterestIncomeOIBNK" xlink:to="InterestOnReceivablesUnderResaleAgreementsOIBNK" order="4.0" weight="1"/>
    <link:loc xlink:type="locator" xlink:href="../../jppfs_cor_2020-11-01.xsd#jppfs_cor_InterestOnReceivablesUnderSecuritiesBorrowingTransactionsOIBNK" xlink:label="InterestOnReceivablesUnderSecuritiesBorrowingTransactionsOIBNK"/>
    <link:calculationArc xlink:type="arc" xlink:arcrole="http://www.xbrl.org/2003/arcrole/summation-item" xlink:from="InterestIncomeOIBNK" xlink:to="InterestOnReceivablesUnderSecuritiesBorrowingTransactionsOIBNK" order="5.0" weight="1"/>
    <link:loc xlink:type="locator" xlink:href="../../jppfs_cor_2020-11-01.xsd#jppfs_cor_InterestOnDepositsWithBanksOIBNK" xlink:label="InterestOnDepositsWithBanksOIBNK"/>
    <link:calculationArc xlink:type="arc" xlink:arcrole="http://www.xbrl.org/2003/arcrole/summation-item" xlink:from="InterestIncomeOIBNK" xlink:to="InterestOnDepositsWithBanksOIBNK" order="6.0" weight="1"/>
    <link:loc xlink:type="locator" xlink:href="../../jppfs_cor_2020-11-01.xsd#jppfs_cor_OtherInterestIncomeOIBNK" xlink:label="OtherInterestIncomeOIBNK"/>
    <link:calculationArc xlink:type="arc" xlink:arcrole="http://www.xbrl.org/2003/arcrole/summation-item" xlink:from="InterestIncomeOIBNK" xlink:to="OtherInterestIncomeOIBNK" order="7.0" weight="1"/>
    <link:loc xlink:type="locator" xlink:href="../../jppfs_cor_2020-11-01.xsd#jppfs_cor_FeesAndCommissionsOIBNK" xlink:label="FeesAndCommissionsOIBNK"/>
    <link:calculationArc xlink:type="arc" xlink:arcrole="http://www.xbrl.org/2003/arcrole/summation-item" xlink:from="OrdinaryIncomeBNK" xlink:to="FeesAndCommissionsOIBNK" order="2.0" weight="1"/>
    <link:loc xlink:type="locator" xlink:href="../../jppfs_cor_2020-11-01.xsd#jppfs_cor_TradingIncomeOIBNK" xlink:label="TradingIncomeOIBNK"/>
    <link:calculationArc xlink:type="arc" xlink:arcrole="http://www.xbrl.org/2003/arcrole/summation-item" xlink:from="OrdinaryIncomeBNK" xlink:to="TradingIncomeOIBNK" order="3.0" weight="1"/>
    <link:loc xlink:type="locator" xlink:href="../../jppfs_cor_2020-11-01.xsd#jppfs_cor_OtherOrdinaryIncomeOIBNK" xlink:label="OtherOrdinaryIncomeOIBNK"/>
    <link:calculationArc xlink:type="arc" xlink:arcrole="http://www.xbrl.org/2003/arcrole/summation-item" xlink:from="OrdinaryIncomeBNK" xlink:to="OtherOrdinaryIncomeOIBNK" order="4.0" weight="1"/>
    <link:loc xlink:type="locator" xlink:href="../../jppfs_cor_2020-11-01.xsd#jppfs_cor_OtherIncomeOIBNK" xlink:label="OtherIncomeOIBNK"/>
    <link:calculationArc xlink:type="arc" xlink:arcrole="http://www.xbrl.org/2003/arcrole/summation-item" xlink:from="OrdinaryIncomeBNK" xlink:to="OtherIncomeOIBNK" order="5.0" weight="1"/>
    <link:loc xlink:type="locator" xlink:href="../../jppfs_cor_2020-11-01.xsd#jppfs_cor_ReversalOfAllowanceForLoanLossesOIBNK" xlink:label="ReversalOfAllowanceForLoanLossesOIBNK"/>
    <link:calculationArc xlink:type="arc" xlink:arcrole="http://www.xbrl.org/2003/arcrole/summation-item" xlink:from="OtherIncomeOIBNK" xlink:to="ReversalOfAllowanceForLoanLossesOIBNK" order="1.0" weight="1"/>
    <link:loc xlink:type="locator" xlink:href="../../jppfs_cor_2020-11-01.xsd#jppfs_cor_RecoveriesOfWrittenOffClaimsOIBNK" xlink:label="RecoveriesOfWrittenOffClaimsOIBNK"/>
    <link:calculationArc xlink:type="arc" xlink:arcrole="http://www.xbrl.org/2003/arcrole/summation-item" xlink:from="OtherIncomeOIBNK" xlink:to="RecoveriesOfWrittenOffClaimsOIBNK" order="2.0" weight="1"/>
    <link:loc xlink:type="locator" xlink:href="../../jppfs_cor_2020-11-01.xsd#jppfs_cor_OrdinaryExpensesBNK" xlink:label="OrdinaryExpensesBNK"/>
    <link:calculationArc xlink:type="arc" xlink:arcrole="http://www.xbrl.org/2003/arcrole/summation-item" xlink:from="OrdinaryIncome" xlink:to="OrdinaryExpensesBNK" order="2.0" weight="-1"/>
    <link:loc xlink:type="locator" xlink:href="../../jppfs_cor_2020-11-01.xsd#jppfs_cor_InterestExpensesOEBNK" xlink:label="InterestExpensesOEBNK"/>
    <link:calculationArc xlink:type="arc" xlink:arcrole="http://www.xbrl.org/2003/arcrole/summation-item" xlink:from="OrdinaryExpensesBNK" xlink:to="InterestExpensesOEBNK" order="1.0" weight="1"/>
    <link:loc xlink:type="locator" xlink:href="../../jppfs_cor_2020-11-01.xsd#jppfs_cor_InterestOnCallMoneyAndBillsSoldOEBNK" xlink:label="InterestOnCallMoneyAndBillsSoldOEBNK"/>
    <link:calculationArc xlink:type="arc" xlink:arcrole="http://www.xbrl.org/2003/arcrole/summation-item" xlink:from="InterestExpensesOEBNK" xlink:to="InterestOnCallMoneyAndBillsSoldOEBNK" order="3.0" weight="1"/>
    <link:loc xlink:type="locator" xlink:href="../../jppfs_cor_2020-11-01.xsd#jppfs_cor_InterestOnDepositsOEBNK" xlink:label="InterestOnDepositsOEBNK"/>
    <link:calculationArc xlink:type="arc" xlink:arcrole="http://www.xbrl.org/2003/arcrole/summation-item" xlink:from="InterestExpensesOEBNK" xlink:to="InterestOnDepositsOEBNK" order="1.0" weight="1"/>
    <link:loc xlink:type="locator" xlink:href="../../jppfs_cor_2020-11-01.xsd#jppfs_cor_InterestOnNegotiableCertificatesOfDepositOEBNK" xlink:label="InterestOnNegotiableCertificatesOfDepositOEBNK"/>
    <link:calculationArc xlink:type="arc" xlink:arcrole="http://www.xbrl.org/2003/arcrole/summation-item" xlink:from="InterestExpensesOEBNK" xlink:to="InterestOnNegotiableCertificatesOfDepositOEBNK" order="2.0" weight="1"/>
    <link:loc xlink:type="locator" xlink:href="../../jppfs_cor_2020-11-01.xsd#jppfs_cor_InterestOnPayablesUnderRepurchaseAgreementsOEBNK" xlink:label="InterestOnPayablesUnderRepurchaseAgreementsOEBNK"/>
    <link:calculationArc xlink:type="arc" xlink:arcrole="http://www.xbrl.org/2003/arcrole/summation-item" xlink:from="InterestExpensesOEBNK" xlink:to="InterestOnPayablesUnderRepurchaseAgreementsOEBNK" order="4.0" weight="1"/>
    <link:loc xlink:type="locator" xlink:href="../../jppfs_cor_2020-11-01.xsd#jppfs_cor_InterestOnPayablesUnderSecuritiesLendingTransactionsOEBNK" xlink:label="InterestOnPayablesUnderSecuritiesLendingTransactionsOEBNK"/>
    <link:calculationArc xlink:type="arc" xlink:arcrole="http://www.xbrl.org/2003/arcrole/summation-item" xlink:from="InterestExpensesOEBNK" xlink:to="InterestOnPayablesUnderSecuritiesLendingTransactionsOEBNK" order="5.0" weight="1"/>
    <link:loc xlink:type="locator" xlink:href="../../jppfs_cor_2020-11-01.xsd#jppfs_cor_InterestOnCommercialPapersNOE" xlink:label="InterestOnCommercialPapersNOE"/>
    <link:calculationArc xlink:type="arc" xlink:arcrole="http://www.xbrl.org/2003/arcrole/summation-item" xlink:from="InterestExpensesOEBNK" xlink:to="InterestOnCommercialPapersNOE" order="6.0" weight="1"/>
    <link:loc xlink:type="locator" xlink:href="../../jppfs_cor_2020-11-01.xsd#jppfs_cor_InterestOnBorrowingsAndRediscountsOEBNK" xlink:label="InterestOnBorrowingsAndRediscountsOEBNK"/>
    <link:calculationArc xlink:type="arc" xlink:arcrole="http://www.xbrl.org/2003/arcrole/summation-item" xlink:from="InterestExpensesOEBNK" xlink:to="InterestOnBorrowingsAndRediscountsOEBNK" order="7.0" weight="1"/>
    <link:loc xlink:type="locator" xlink:href="../../jppfs_cor_2020-11-01.xsd#jppfs_cor_InterestOnShortTermBondsNOE" xlink:label="InterestOnShortTermBondsNOE"/>
    <link:calculationArc xlink:type="arc" xlink:arcrole="http://www.xbrl.org/2003/arcrole/summation-item" xlink:from="InterestExpensesOEBNK" xlink:to="InterestOnShortTermBondsNOE" order="8.0" weight="1"/>
    <link:loc xlink:type="locator" xlink:href="../../jppfs_cor_2020-11-01.xsd#jppfs_cor_InterestOnBondsNOE" xlink:label="InterestOnBondsNOE"/>
    <link:calculationArc xlink:type="arc" xlink:arcrole="http://www.xbrl.org/2003/arcrole/summation-item" xlink:from="InterestExpensesOEBNK" xlink:to="InterestOnBondsNOE" order="9.0" weight="1"/>
    <link:loc xlink:type="locator" xlink:href="../../jppfs_cor_2020-11-01.xsd#jppfs_cor_InterestOnBondsWithSubscriptionRightsToSharesOEBNK" xlink:label="InterestOnBondsWithSubscriptionRightsToSharesOEBNK"/>
    <link:calculationArc xlink:type="arc" xlink:arcrole="http://www.xbrl.org/2003/arcrole/summation-item" xlink:from="InterestExpensesOEBNK" xlink:to="InterestOnBondsWithSubscriptionRightsToSharesOEBNK" order="10.0" weight="1"/>
    <link:loc xlink:type="locator" xlink:href="../../jppfs_cor_2020-11-01.xsd#jppfs_cor_OtherInterestExpensesOEBNK" xlink:label="OtherInterestExpensesOEBNK"/>
    <link:calculationArc xlink:type="arc" xlink:arcrole="http://www.xbrl.org/2003/arcrole/summation-item" xlink:from="InterestExpensesOEBNK" xlink:to="OtherInterestExpensesOEBNK" order="11.0" weight="1"/>
    <link:loc xlink:type="locator" xlink:href="../../jppfs_cor_2020-11-01.xsd#jppfs_cor_FeesAndCommissionsPaymentsOEBNK" xlink:label="FeesAndCommissionsPaymentsOEBNK"/>
    <link:calculationArc xlink:type="arc" xlink:arcrole="http://www.xbrl.org/2003/arcrole/summation-item" xlink:from="OrdinaryExpensesBNK" xlink:to="FeesAndCommissionsPaymentsOEBNK" order="2.0" weight="1"/>
    <link:loc xlink:type="locator" xlink:href="../../jppfs_cor_2020-11-01.xsd#jppfs_cor_TradingExpensesOEBNK" xlink:label="TradingExpensesOEBNK"/>
    <link:calculationArc xlink:type="arc" xlink:arcrole="http://www.xbrl.org/2003/arcrole/summation-item" xlink:from="OrdinaryExpensesBNK" xlink:to="TradingExpensesOEBNK" order="3.0" weight="1"/>
    <link:loc xlink:type="locator" xlink:href="../../jppfs_cor_2020-11-01.xsd#jppfs_cor_OtherOrdinaryExpensesOEBNK" xlink:label="OtherOrdinaryExpensesOEBNK"/>
    <link:calculationArc xlink:type="arc" xlink:arcrole="http://www.xbrl.org/2003/arcrole/summation-item" xlink:from="OrdinaryExpensesBNK" xlink:to="OtherOrdinaryExpensesOEBNK" order="4.0" weight="1"/>
    <link:loc xlink:type="locator" xlink:href="../../jppfs_cor_2020-11-01.xsd#jppfs_cor_GeneralAndAdministrativeExpensesOEBNK" xlink:label="GeneralAndAdministrativeExpensesOEBNK"/>
    <link:calculationArc xlink:type="arc" xlink:arcrole="http://www.xbrl.org/2003/arcrole/summation-item" xlink:from="OrdinaryExpensesBNK" xlink:to="GeneralAndAdministrativeExpensesOEBNK" order="5.0" weight="1"/>
    <link:loc xlink:type="locator" xlink:href="../../jppfs_cor_2020-11-01.xsd#jppfs_cor_OtherExpensesOEBNK" xlink:label="OtherExpensesOEBNK"/>
    <link:calculationArc xlink:type="arc" xlink:arcrole="http://www.xbrl.org/2003/arcrole/summation-item" xlink:from="OrdinaryExpensesBNK" xlink:to="OtherExpensesOEBNK" order="6.0" weight="1"/>
    <link:loc xlink:type="locator" xlink:href="../../jppfs_cor_2020-11-01.xsd#jppfs_cor_ProvisionOfAllowanceForLoanLossesOEBNK" xlink:label="ProvisionOfAllowanceForLoanLossesOEBNK"/>
    <link:calculationArc xlink:type="arc" xlink:arcrole="http://www.xbrl.org/2003/arcrole/summation-item" xlink:from="OtherExpensesOEBNK" xlink:to="ProvisionOfAllowanceForLoanLossesOEBNK" order="1.0" weight="1"/>
    <link:loc xlink:type="locator" xlink:href="../../jppfs_cor_2020-11-01.xsd#jppfs_cor_OtherOtherExpensesOEBNK" xlink:label="OtherOtherExpensesOEBNK"/>
    <link:calculationArc xlink:type="arc" xlink:arcrole="http://www.xbrl.org/2003/arcrole/summation-item" xlink:from="OtherExpensesOEBNK" xlink:to="OtherOtherExpensesOEBNK" order="2.0" weight="1"/>
    <link:loc xlink:type="locator" xlink:href="../../jppfs_cor_2020-11-01.xsd#jppfs_cor_ExtraordinaryIncome" xlink:label="ExtraordinaryIncome"/>
    <link:calculationArc xlink:type="arc" xlink:arcrole="http://www.xbrl.org/2003/arcrole/summation-item" xlink:from="IncomeBeforeIncomeTaxes" xlink:to="ExtraordinaryIncome" order="2.0" weight="1"/>
    <link:loc xlink:type="locator" xlink:href="../../jppfs_cor_2020-11-01.xsd#jppfs_cor_GainOnDisposalOfNoncurrentAssetsEI" xlink:label="GainOnDisposalOfNoncurrentAssetsEI"/>
    <link:calculationArc xlink:type="arc" xlink:arcrole="http://www.xbrl.org/2003/arcrole/summation-item" xlink:from="ExtraordinaryIncome" xlink:to="GainOnDisposalOfNoncurrentAssetsEI" order="1.0" weight="1"/>
    <link:loc xlink:type="locator" xlink:href="../../jppfs_cor_2020-11-01.xsd#jppfs_cor_GainOnNegativeGoodwillEI" xlink:label="GainOnNegativeGoodwillEI"/>
    <link:calculationArc xlink:type="arc" xlink:arcrole="http://www.xbrl.org/2003/arcrole/summation-item" xlink:from="ExtraordinaryIncome" xlink:to="GainOnNegativeGoodwillEI" order="2.0" weight="1"/>
    <link:loc xlink:type="locator" xlink:href="../../jppfs_cor_2020-11-01.xsd#jppfs_cor_OtherEI" xlink:label="OtherEI"/>
    <link:calculationArc xlink:type="arc" xlink:arcrole="http://www.xbrl.org/2003/arcrole/summation-item" xlink:from="ExtraordinaryIncome" xlink:to="OtherEI" order="3.0" weight="1"/>
    <link:loc xlink:type="locator" xlink:href="../../jppfs_cor_2020-11-01.xsd#jppfs_cor_ExtraordinaryLoss" xlink:label="ExtraordinaryLoss"/>
    <link:calculationArc xlink:type="arc" xlink:arcrole="http://www.xbrl.org/2003/arcrole/summation-item" xlink:from="IncomeBeforeIncomeTaxes" xlink:to="ExtraordinaryLoss" order="3.0" weight="-1"/>
    <link:loc xlink:type="locator" xlink:href="../../jppfs_cor_2020-11-01.xsd#jppfs_cor_LossOnDisposalOfNoncurrentAssetsEL" xlink:label="LossOnDisposalOfNoncurrentAssetsEL"/>
    <link:calculationArc xlink:type="arc" xlink:arcrole="http://www.xbrl.org/2003/arcrole/summation-item" xlink:from="ExtraordinaryLoss" xlink:to="LossOnDisposalOfNoncurrentAssetsEL" order="1.0" weight="1"/>
    <link:loc xlink:type="locator" xlink:href="../../jppfs_cor_2020-11-01.xsd#jppfs_cor_ImpairmentLossEL" xlink:label="ImpairmentLossEL"/>
    <link:calculationArc xlink:type="arc" xlink:arcrole="http://www.xbrl.org/2003/arcrole/summation-item" xlink:from="ExtraordinaryLoss" xlink:to="ImpairmentLossEL" order="2.0" weight="1"/>
    <link:loc xlink:type="locator" xlink:href="../../jppfs_cor_2020-11-01.xsd#jppfs_cor_OtherEL" xlink:label="OtherEL"/>
    <link:calculationArc xlink:type="arc" xlink:arcrole="http://www.xbrl.org/2003/arcrole/summation-item" xlink:from="ExtraordinaryLoss" xlink:to="OtherEL" order="3.0" weight="1"/>
    <link:loc xlink:type="locator" xlink:href="../../jppfs_cor_2020-11-01.xsd#jppfs_cor_ProfitLoss" xlink:label="ProfitLoss"/>
    <link:calculationArc xlink:type="arc" xlink:arcrole="http://www.xbrl.org/2003/arcrole/summation-item" xlink:from="ProfitLoss" xlink:to="IncomeBeforeIncomeTaxes" order="1.0" weight="1"/>
    <link:loc xlink:type="locator" xlink:href="../../jppfs_cor_2020-11-01.xsd#jppfs_cor_IncomeTaxes" xlink:label="IncomeTaxes"/>
    <link:calculationArc xlink:type="arc" xlink:arcrole="http://www.xbrl.org/2003/arcrole/summation-item" xlink:from="ProfitLoss" xlink:to="IncomeTaxes" order="2.0" weight="-1"/>
    <link:loc xlink:type="locator" xlink:href="../../jppfs_cor_2020-11-01.xsd#jppfs_cor_IncomeTaxesCurrent" xlink:label="IncomeTaxesCurrent"/>
    <link:calculationArc xlink:type="arc" xlink:arcrole="http://www.xbrl.org/2003/arcrole/summation-item" xlink:from="IncomeTaxes" xlink:to="IncomeTaxesCurrent" order="1.0" weight="1"/>
    <link:loc xlink:type="locator" xlink:href="../../jppfs_cor_2020-11-01.xsd#jppfs_cor_IncomeTaxesDeferred" xlink:label="IncomeTaxesDeferred"/>
    <link:calculationArc xlink:type="arc" xlink:arcrole="http://www.xbrl.org/2003/arcrole/summation-item" xlink:from="IncomeTaxes" xlink:to="IncomeTaxesDeferred" order="2.0" weight="1"/>
  </link:calculationLink>
</link:linkbase>
