<?xml version="1.0" encoding="UTF-8"?>
<!--  (c) Financial Services Agency, The Japanese Government.
      All Rights Reserved.
      For intellectual property policy and authorized uses of EDINET Taxonomy,
      refer to “EDINET Taxonomy Legal Statement” at http://www.fsa.go.jp/search/EDINET_Taxonomy_Legal_Statement.html
-->
<link:linkbase xmlns:link="http://www.xbrl.org/2003/linkbase" xmlns:xsi="http://www.w3.org/2001/XMLSchema-instance" xmlns:xlink="http://www.w3.org/1999/xlink" xmlns:xbrli="http://www.xbrl.org/2003/instance">
  <link:roleRef roleURI="http://disclosure.edinet-fsa.go.jp/role/jpcrp/rol_std_InformationAboutOfficers-09" xlink:type="simple" xlink:href="../jpcrp_rt_2022-11-01.xsd#rol_std_InformationAboutOfficers-09"/>
  <link:presentationLink xlink:type="extended" xlink:role="http://disclosure.edinet-fsa.go.jp/role/jpcrp/rol_std_InformationAboutOfficers-09">
    <link:loc xlink:type="locator" xlink:href="../jpcrp_cor_2022-11-01.xsd#jpcrp_cor_DirectorsAndOtherOfficersAxis" xlink:label="DirectorsAndOtherOfficersAxis"/>
    <link:loc xlink:type="locator" xlink:href="../jpcrp_cor_2022-11-01.xsd#jpcrp_cor_DirectorsAndOtherOfficersMember" xlink:label="DirectorsAndOtherOfficersMember"/>
    <link:presentationArc xlink:type="arc" xlink:arcrole="http://www.xbrl.org/2003/arcrole/parent-child" xlink:from="DirectorsAndOtherOfficersAxis" xlink:to="DirectorsAndOtherOfficersMember" order="1.0"/>
    <link:loc xlink:type="locator" xlink:href="../jpcrp_cor_2022-11-01.xsd#jpcrp_cor_InformationAboutOfficersHeading" xlink:label="InformationAboutOfficersHeading"/>
    <link:loc xlink:type="locator" xlink:href="../jpcrp_cor_2022-11-01.xsd#jpcrp_cor_InformationAboutExecutiveDirectorsProposalTable" xlink:label="InformationAboutExecutiveDirectorsProposalTable"/>
    <link:presentationArc xlink:type="arc" xlink:arcrole="http://www.xbrl.org/2003/arcrole/parent-child" xlink:from="InformationAboutOfficersHeading" xlink:to="InformationAboutExecutiveDirectorsProposalTable" order="1.0"/>
    <link:presentationArc xlink:type="arc" xlink:arcrole="http://www.xbrl.org/2003/arcrole/parent-child" xlink:from="InformationAboutExecutiveDirectorsProposalTable" xlink:to="DirectorsAndOtherOfficersAxis" order="1.0"/>
    <link:loc xlink:type="locator" xlink:href="../jpcrp_cor_2022-11-01.xsd#jpcrp_cor_InformationAboutExecutiveDirectorsProposalLineItems" xlink:label="InformationAboutExecutiveDirectorsProposalLineItems"/>
    <link:presentationArc xlink:type="arc" xlink:arcrole="http://www.xbrl.org/2003/arcrole/parent-child" xlink:from="InformationAboutOfficersHeading" xlink:to="InformationAboutExecutiveDirectorsProposalLineItems" order="2.0"/>
    <link:loc xlink:type="locator" xlink:href="../jpcrp_cor_2022-11-01.xsd#jpcrp_cor_OfficialTitleOrPositionInformationAboutExecutiveDirectorsProposal" xlink:label="OfficialTitleOrPositionInformationAboutExecutiveDirectorsProposal"/>
    <link:presentationArc xlink:type="arc" xlink:arcrole="http://www.xbrl.org/2003/arcrole/parent-child" xlink:from="InformationAboutExecutiveDirectorsProposalLineItems" xlink:to="OfficialTitleOrPositionInformationAboutExecutiveDirectorsProposal" order="1.0"/>
    <link:loc xlink:type="locator" xlink:href="../jpcrp_cor_2022-11-01.xsd#jpcrp_cor_NameInformationAboutExecutiveDirectorsProposal" xlink:label="NameInformationAboutExecutiveDirectorsProposal"/>
    <link:presentationArc xlink:type="arc" xlink:arcrole="http://www.xbrl.org/2003/arcrole/parent-child" xlink:from="InformationAboutExecutiveDirectorsProposalLineItems" xlink:to="NameInformationAboutExecutiveDirectorsProposal" order="2.0"/>
    <link:loc xlink:type="locator" xlink:href="../jpcrp_cor_2022-11-01.xsd#jpcrp_cor_DateOfBirthInformationAboutExecutiveDirectorsProposal" xlink:label="DateOfBirthInformationAboutExecutiveDirectorsProposal"/>
    <link:presentationArc xlink:type="arc" xlink:arcrole="http://www.xbrl.org/2003/arcrole/parent-child" xlink:from="InformationAboutExecutiveDirectorsProposalLineItems" xlink:to="DateOfBirthInformationAboutExecutiveDirectorsProposal" order="3.0"/>
    <link:loc xlink:type="locator" xlink:href="../jpcrp_cor_2022-11-01.xsd#jpcrp_cor_CareerSummaryInformationAboutExecutiveDirectorsProposalTextBlock" xlink:label="CareerSummaryInformationAboutExecutiveDirectorsProposalTextBlock"/>
    <link:presentationArc xlink:type="arc" xlink:arcrole="http://www.xbrl.org/2003/arcrole/parent-child" xlink:from="InformationAboutExecutiveDirectorsProposalLineItems" xlink:to="CareerSummaryInformationAboutExecutiveDirectorsProposalTextBlock" order="4.0"/>
    <link:loc xlink:type="locator" xlink:href="../jpcrp_cor_2022-11-01.xsd#jpcrp_cor_TermOfOfficeInformationAboutExecutiveDirectorsProposal" xlink:label="TermOfOfficeInformationAboutExecutiveDirectorsProposal"/>
    <link:presentationArc xlink:type="arc" xlink:arcrole="http://www.xbrl.org/2003/arcrole/parent-child" xlink:from="InformationAboutExecutiveDirectorsProposalLineItems" xlink:to="TermOfOfficeInformationAboutExecutiveDirectorsProposal" order="5.0"/>
    <link:loc xlink:type="locator" xlink:href="../jpcrp_cor_2022-11-01.xsd#jpcrp_cor_NumberOfSharesHeldOrdinarySharesInformationAboutExecutiveDirectorsProposal" xlink:label="NumberOfSharesHeldOrdinarySharesInformationAboutExecutiveDirectorsProposal"/>
    <link:presentationArc xlink:type="arc" xlink:arcrole="http://www.xbrl.org/2003/arcrole/parent-child" xlink:from="InformationAboutExecutiveDirectorsProposalLineItems" xlink:to="NumberOfSharesHeldOrdinarySharesInformationAboutExecutiveDirectorsProposal" order="6.0"/>
    <link:loc xlink:type="locator" xlink:href="../jpcrp_cor_2022-11-01.xsd#jpcrp_cor_NumberOfSharesHeldOtherThanOrdinarySharesInformationAboutExecutiveDirectorsProposal" xlink:label="NumberOfSharesHeldOtherThanOrdinarySharesInformationAboutExecutiveDirectorsProposal"/>
    <link:presentationArc xlink:type="arc" xlink:arcrole="http://www.xbrl.org/2003/arcrole/parent-child" xlink:from="InformationAboutExecutiveDirectorsProposalLineItems" xlink:to="NumberOfSharesHeldOtherThanOrdinarySharesInformationAboutExecutiveDirectorsProposal" order="7.0"/>
  </link:presentationLink>
</link:linkbase>
