<?xml version="1.0" encoding="UTF-8"?>
<!--  (c) Financial Services Agency, The Japanese Government.
      All Rights Reserved.
      For intellectual property policy and authorized uses of EDINET Taxonomy,
      refer to “EDINET Taxonomy Legal Statement” at http://www.fsa.go.jp/search/EDINET_Taxonomy_Legal_Statement.html
-->
<link:linkbase xmlns:link="http://www.xbrl.org/2003/linkbase" xmlns:xsi="http://www.w3.org/2001/XMLSchema-instance" xmlns:xlink="http://www.w3.org/1999/xlink" xmlns:xbrli="http://www.xbrl.org/2003/instance">
  <link:roleRef roleURI="http://disclosure.edinet-fsa.go.jp/role/jpcrp/rol_std_IndependentAuditorsReportKAM" xlink:type="simple" xlink:href="../jpcrp_rt_2022-11-01.xsd#rol_std_IndependentAuditorsReportKAM"/>
  <link:presentationLink xlink:type="extended" xlink:role="http://disclosure.edinet-fsa.go.jp/role/jpcrp/rol_std_IndependentAuditorsReportKAM">
    <link:loc xlink:type="locator" xlink:href="../jpcrp_cor_2022-11-01.xsd#jpcrp_cor_SequentialNumbersAxis" xlink:label="SequentialNumbersAxis"/>
    <link:loc xlink:type="locator" xlink:href="../jpcrp_cor_2022-11-01.xsd#jpcrp_cor_Row1Member" xlink:label="Row1Member"/>
    <link:presentationArc xlink:type="arc" xlink:arcrole="http://www.xbrl.org/2003/arcrole/parent-child" xlink:from="SequentialNumbersAxis" xlink:to="Row1Member" order="1.0"/>
    <link:loc xlink:type="locator" xlink:href="../jpcrp_cor_2022-11-01.xsd#jpcrp_cor_Row2Member" xlink:label="Row2Member"/>
    <link:presentationArc xlink:type="arc" xlink:arcrole="http://www.xbrl.org/2003/arcrole/parent-child" xlink:from="SequentialNumbersAxis" xlink:to="Row2Member" order="2.0"/>
    <link:loc xlink:type="locator" xlink:href="../jpcrp_cor_2022-11-01.xsd#jpcrp_cor_Row3Member" xlink:label="Row3Member"/>
    <link:presentationArc xlink:type="arc" xlink:arcrole="http://www.xbrl.org/2003/arcrole/parent-child" xlink:from="SequentialNumbersAxis" xlink:to="Row3Member" order="3.0"/>
    <link:loc xlink:type="locator" xlink:href="../jpcrp_cor_2022-11-01.xsd#jpcrp_cor_IndependentAuditorsReportHeading" xlink:label="IndependentAuditorsReportHeading"/>
    <link:loc xlink:type="locator" xlink:href="../jpcrp_cor_2022-11-01.xsd#jpcrp_cor_KeyAuditMattersDetailAbstract" xlink:label="KeyAuditMattersDetailAbstract"/>
    <link:presentationArc xlink:type="arc" xlink:arcrole="http://www.xbrl.org/2003/arcrole/parent-child" xlink:from="IndependentAuditorsReportHeading" xlink:to="KeyAuditMattersDetailAbstract" order="1.0"/>
    <link:loc xlink:type="locator" xlink:href="../jpcrp_cor_2022-11-01.xsd#jpcrp_cor_KeyAuditMattersTable" xlink:label="KeyAuditMattersTable"/>
    <link:presentationArc xlink:type="arc" xlink:arcrole="http://www.xbrl.org/2003/arcrole/parent-child" xlink:from="KeyAuditMattersDetailAbstract" xlink:to="KeyAuditMattersTable" order="1.0"/>
    <link:presentationArc xlink:type="arc" xlink:arcrole="http://www.xbrl.org/2003/arcrole/parent-child" xlink:from="KeyAuditMattersTable" xlink:to="SequentialNumbersAxis" order="1.0"/>
    <link:loc xlink:type="locator" xlink:href="../jpcrp_cor_2022-11-01.xsd#jpcrp_cor_KeyAuditMattersConsolidatedLineItems" xlink:label="KeyAuditMattersConsolidatedLineItems"/>
    <link:presentationArc xlink:type="arc" xlink:arcrole="http://www.xbrl.org/2003/arcrole/parent-child" xlink:from="KeyAuditMattersDetailAbstract" xlink:to="KeyAuditMattersConsolidatedLineItems" order="2.0"/>
    <link:loc xlink:type="locator" xlink:href="../jpcrp_cor_2022-11-01.xsd#jpcrp_cor_ShortDescriptionKAMConsolidated" xlink:label="ShortDescriptionKAMConsolidated"/>
    <link:presentationArc xlink:type="arc" xlink:arcrole="http://www.xbrl.org/2003/arcrole/parent-child" xlink:from="KeyAuditMattersConsolidatedLineItems" xlink:to="ShortDescriptionKAMConsolidated" order="1.0"/>
    <link:loc xlink:type="locator" xlink:href="../jpcrp_cor_2022-11-01.xsd#jpcrp_cor_ReferenceKAMConsolidated" xlink:label="ReferenceKAMConsolidated"/>
    <link:presentationArc xlink:type="arc" xlink:arcrole="http://www.xbrl.org/2003/arcrole/parent-child" xlink:from="KeyAuditMattersConsolidatedLineItems" xlink:to="ReferenceKAMConsolidated" order="2.0"/>
    <link:loc xlink:type="locator" xlink:href="../jpcrp_cor_2022-11-01.xsd#jpcrp_cor_Reference2KAMConsolidated" xlink:label="Reference2KAMConsolidated"/>
    <link:presentationArc xlink:type="arc" xlink:arcrole="http://www.xbrl.org/2003/arcrole/parent-child" xlink:from="KeyAuditMattersConsolidatedLineItems" xlink:to="Reference2KAMConsolidated" order="3.0"/>
    <link:loc xlink:type="locator" xlink:href="../jpcrp_cor_2022-11-01.xsd#jpcrp_cor_Reference3KAMConsolidated" xlink:label="Reference3KAMConsolidated"/>
    <link:presentationArc xlink:type="arc" xlink:arcrole="http://www.xbrl.org/2003/arcrole/parent-child" xlink:from="KeyAuditMattersConsolidatedLineItems" xlink:to="Reference3KAMConsolidated" order="4.0"/>
    <link:loc xlink:type="locator" xlink:href="../jpcrp_cor_2022-11-01.xsd#jpcrp_cor_Reference4KAMConsolidated" xlink:label="Reference4KAMConsolidated"/>
    <link:presentationArc xlink:type="arc" xlink:arcrole="http://www.xbrl.org/2003/arcrole/parent-child" xlink:from="KeyAuditMattersConsolidatedLineItems" xlink:to="Reference4KAMConsolidated" order="5.0"/>
    <link:loc xlink:type="locator" xlink:href="../jpcrp_cor_2022-11-01.xsd#jpcrp_cor_Reference5KAMConsolidated" xlink:label="Reference5KAMConsolidated"/>
    <link:presentationArc xlink:type="arc" xlink:arcrole="http://www.xbrl.org/2003/arcrole/parent-child" xlink:from="KeyAuditMattersConsolidatedLineItems" xlink:to="Reference5KAMConsolidated" order="6.0"/>
    <link:loc xlink:type="locator" xlink:href="../jpcrp_cor_2022-11-01.xsd#jpcrp_cor_DescriptionIncludingReasonKAMConsolidatedTextBlock" xlink:label="DescriptionIncludingReasonKAMConsolidatedTextBlock"/>
    <link:presentationArc xlink:type="arc" xlink:arcrole="http://www.xbrl.org/2003/arcrole/parent-child" xlink:from="KeyAuditMattersConsolidatedLineItems" xlink:to="DescriptionIncludingReasonKAMConsolidatedTextBlock" order="7.0"/>
    <link:loc xlink:type="locator" xlink:href="../jpcrp_cor_2022-11-01.xsd#jpcrp_cor_AuditorsResponseKAMConsolidatedTextBlock" xlink:label="AuditorsResponseKAMConsolidatedTextBlock"/>
    <link:presentationArc xlink:type="arc" xlink:arcrole="http://www.xbrl.org/2003/arcrole/parent-child" xlink:from="KeyAuditMattersConsolidatedLineItems" xlink:to="AuditorsResponseKAMConsolidatedTextBlock" order="8.0"/>
    <link:loc xlink:type="locator" xlink:href="../jpcrp_cor_2022-11-01.xsd#jpcrp_cor_KeyAuditMattersNonConsolidatedLineItems" xlink:label="KeyAuditMattersNonConsolidatedLineItems"/>
    <link:presentationArc xlink:type="arc" xlink:arcrole="http://www.xbrl.org/2003/arcrole/parent-child" xlink:from="KeyAuditMattersDetailAbstract" xlink:to="KeyAuditMattersNonConsolidatedLineItems" order="3.0"/>
    <link:loc xlink:type="locator" xlink:href="../jpcrp_cor_2022-11-01.xsd#jpcrp_cor_ShortDescriptionKAMNonConsolidated" xlink:label="ShortDescriptionKAMNonConsolidated"/>
    <link:presentationArc xlink:type="arc" xlink:arcrole="http://www.xbrl.org/2003/arcrole/parent-child" xlink:from="KeyAuditMattersNonConsolidatedLineItems" xlink:to="ShortDescriptionKAMNonConsolidated" order="1.0"/>
    <link:loc xlink:type="locator" xlink:href="../jpcrp_cor_2022-11-01.xsd#jpcrp_cor_ReferenceKAMNonConsolidated" xlink:label="ReferenceKAMNonConsolidated"/>
    <link:presentationArc xlink:type="arc" xlink:arcrole="http://www.xbrl.org/2003/arcrole/parent-child" xlink:from="KeyAuditMattersNonConsolidatedLineItems" xlink:to="ReferenceKAMNonConsolidated" order="2.0"/>
    <link:loc xlink:type="locator" xlink:href="../jpcrp_cor_2022-11-01.xsd#jpcrp_cor_Reference2KAMNonConsolidated" xlink:label="Reference2KAMNonConsolidated"/>
    <link:presentationArc xlink:type="arc" xlink:arcrole="http://www.xbrl.org/2003/arcrole/parent-child" xlink:from="KeyAuditMattersNonConsolidatedLineItems" xlink:to="Reference2KAMNonConsolidated" order="3.0"/>
    <link:loc xlink:type="locator" xlink:href="../jpcrp_cor_2022-11-01.xsd#jpcrp_cor_Reference3KAMNonConsolidated" xlink:label="Reference3KAMNonConsolidated"/>
    <link:presentationArc xlink:type="arc" xlink:arcrole="http://www.xbrl.org/2003/arcrole/parent-child" xlink:from="KeyAuditMattersNonConsolidatedLineItems" xlink:to="Reference3KAMNonConsolidated" order="4.0"/>
    <link:loc xlink:type="locator" xlink:href="../jpcrp_cor_2022-11-01.xsd#jpcrp_cor_Reference4KAMNonConsolidated" xlink:label="Reference4KAMNonConsolidated"/>
    <link:presentationArc xlink:type="arc" xlink:arcrole="http://www.xbrl.org/2003/arcrole/parent-child" xlink:from="KeyAuditMattersNonConsolidatedLineItems" xlink:to="Reference4KAMNonConsolidated" order="5.0"/>
    <link:loc xlink:type="locator" xlink:href="../jpcrp_cor_2022-11-01.xsd#jpcrp_cor_Reference5KAMNonConsolidated" xlink:label="Reference5KAMNonConsolidated"/>
    <link:presentationArc xlink:type="arc" xlink:arcrole="http://www.xbrl.org/2003/arcrole/parent-child" xlink:from="KeyAuditMattersNonConsolidatedLineItems" xlink:to="Reference5KAMNonConsolidated" order="6.0"/>
    <link:loc xlink:type="locator" xlink:href="../jpcrp_cor_2022-11-01.xsd#jpcrp_cor_DescriptionIncludingReasonKAMNonConsolidatedTextBlock" xlink:label="DescriptionIncludingReasonKAMNonConsolidatedTextBlock"/>
    <link:presentationArc xlink:type="arc" xlink:arcrole="http://www.xbrl.org/2003/arcrole/parent-child" xlink:from="KeyAuditMattersNonConsolidatedLineItems" xlink:to="DescriptionIncludingReasonKAMNonConsolidatedTextBlock" order="7.0"/>
    <link:loc xlink:type="locator" xlink:href="../jpcrp_cor_2022-11-01.xsd#jpcrp_cor_AuditorsResponseKAMNonConsolidatedTextBlock" xlink:label="AuditorsResponseKAMNonConsolidatedTextBlock"/>
    <link:presentationArc xlink:type="arc" xlink:arcrole="http://www.xbrl.org/2003/arcrole/parent-child" xlink:from="KeyAuditMattersNonConsolidatedLineItems" xlink:to="AuditorsResponseKAMNonConsolidatedTextBlock" order="8.0"/>
    <link:loc xlink:type="locator" xlink:href="../jpcrp_cor_2022-11-01.xsd#jpcrp_cor_SameAsKAMForConsolidatedFSKAMNonConsolidatedTextBlock" xlink:label="SameAsKAMForConsolidatedFSKAMNonConsolidatedTextBlock"/>
    <link:presentationArc xlink:type="arc" xlink:arcrole="http://www.xbrl.org/2003/arcrole/parent-child" xlink:from="KeyAuditMattersNonConsolidatedLineItems" xlink:to="SameAsKAMForConsolidatedFSKAMNonConsolidatedTextBlock" order="9.0"/>
  </link:presentationLink>
</link:linkbase>
